seq_id	sample	nread
LPASA1000-22	G9FAFS	19
LPASA1001-22	G9FAFS	25
LPASA1002-22	G9FAFS	11
LPASA1003-22	G9FAFS	19
LPASA1004-22	G9FAFS	26
LPASA1005-22	G9FAFS	31
LPASA1006-22	G9FAFS	28
LPASA1007-22	G9FAFS	30
LPASA1008-22	G9FAFS	27
LPASA1009-22	G9FAFS	18
LPASA1010-22	G9FAFS	30
LPASA1011-22	G9FAFS	26
LPASA1012-22	G9FAFS	26
LPASA1013-22	G9FAFS	22
LPASA1015-22	G9FAFS	15
LPASA1016-22	G9FAFS	38
LPASA1017-22	G9FAFS	49
LPASA1018-22	G9FAFS	22
LPASA1019-22	G9FAFS	13
LPASA1020-22	G9FAFS	28
LPASA1021-22	G9FAFS	31
LPASA1022-22	G9FAFS	27
LPASA1023-22	G9FAFS	22
LPASA1024-22	G9FAFS	29
LPASA1025-22	G9FAFS	20
LPASA1026-22	G9FAFS	21
LPASA1027-22	G9FAFS	52
LPASA1028-22	G9FAFS	35
LPASA1029-22	G9FAFS	19
LPASA1030-22	G9FAFS	38
LPASA1031-22	G9FAFS	33
LPASA1032-22	G9FAFS	23
LPASA1033-22	G9FAFS	26
LPASA1034-22	G9FAFS	24
LPASA1035-22	G9FAFS	28
LPASA1036-22	G9FAFS	33
LPASA1037-22	G9FAFS	14
LPASA1038-22	G9FAFS	13
LPASA1039-22	G9FAFS	13
LPASA1040-22	G9FAFS	3
LPASA1041-22	G9FAFS	6
LPASA1043-22	G9FAFS	5
LPASA1044-22	G9FAFS	3
LPASA1047-22	G9FAFS	6
LPASA1048-22	G9FAFS	19
LPASA1049-22	G9FAFS	17
LPASA1050-22	G9FAFS	5
LPASA1051-22	G9FAFS	16
LPASA1052-22	G9FAFS	34
LPASA1053-22	G9FAFS	34
LPASA1054-22	G9FAFS	29
LPASA1055-22	G9FAFS	23
LPASA1056-22	G9FAFS	3
LPASA1057-22	G9FAFS	6
LPASA1058-22	G9FAFS	13
LPASA1059-22	G9FAFS	6
LPASA1060-22	G9FAFS	14
LPASA1061-22	G9FAFS	32
LPASA1062-22	G9FAFS	15
LPASA1063-22	G9FAFS	7
LPASA1064-22	G9FAFS	4
LPASA1066-22	G9FAFS	38
LPASA1067-22	G9FAFS	27
LPASA1068-22	G9FAFS	24
LPASA1069-22	G9FAFS	32
LPASA1070-22	G9FAFS	23
LPASA1071-22	G9FAFS	15
LPASA1072-22	G9FAFS	34
LPASA1073-22	G9FAFS	18
LPASA1074-22	G9FAFS	19
LPASA1075-22	G9FAFS	38
LPASA1076-22	G9FAFS	5
LPASA1078-22	G9FAFS	7
LPASA1080-22	G9FAFS	27
LPASA1081-22	G9FAFS	4
LPASA1082-22	G9FAFS	10
LPASA1084-22	G9FAFS	6
LPASA1085-22	G9FAFS	19
LPASA1086-22	G9FAFS	25
LPASA1087-22	G9FAFS	31
LPASA1088-22	G9FAFS	40
LPASA1089-22	G9FAFS	34
LPASA1090-22	G9FAFS	21
LPASA1091-22	G9FAFS	21
LPASA1092-22	G9FAFS	21
LPASA1093-22	G9FAFS	30
LPASA1094-22	G9FAFS	3
LPASA1095-22	G9FAFS	29
LPASA1096-22	G9FAFS	31
LPASA1097-22	G9FAFS	33
LPASA1098-22	G9FAFS	21
LPASA1099-22	G9FAFS	23
LPASA1100-22	G9FAFS	23
LPASA1101-22	G9FAFS	17
LPASA1102-22	G9FAFS	28
LPASA1103-22	G9FAFS	3
LPASA1104-22	G9FAFS	13
LPASA1105-22	G9FAFS	6
LPASA1106-22	G9FAFS	6
LPASA1107-22	G9FAFS	9
LPASA1108-22	G9FAFS	15
LPASA1109-22	G9FAFS	9
LPASA1110-22	G9FAFS	3
LPASA1111-22	G9FAFS	32
LPASA1112-22	G9FAFS	16
LPASA1113-22	G9FAFS	7
LPASA1114-22	G9FAFS	8
LPASA1115-22	G9FAFS	8
LPASA1116-22	G9FAFS	19
LPASA1117-22	G9FAFS	9
LPASA1118-22	G9FAFS	31
LPASA1119-22	G9FAFS	14
LPASA1120-22	G9FAFS	6
LPASA1121-22	G9FAFS	11
LPASA1122-22	G9FAFS	7
LPASA1123-22	G9FAFS	3
LPASA1124-22	G9FAFS	4
LPASA1125-22	G9FAFS	3
LPASA1126-22	G9FAFS	4
LPASA1127-22	G9FAFS	6
LPASA1128-22	G9FAFS	4
LPASA1130-22	G9FAFS	4
LPASA1131-22	G9FAFS	3
LPASA1132-22	G9FAFS	17
LPASA1133-22	G9FAFS	8
LPASA1134-22	G9FAFS	5
LPASA1135-22	G9FAFS	21
LPASA1136-22	G9FAFS	4
LPASA1137-22	G9FAFS	9
LPASA1138-22	G9FAFS	22
LPASA1139-22	G9FAFS	18
LPASA1140-22	G9FAFS	17
LPASA1141-22	G9FAFS	21
LPASA1142-22	G9FAFS	16
LPASA1143-22	G9FAFS	4
LPASA1144-22	G9FAFS	8
LPASA1145-22	G9FAFS	6
LPASA1146-22	G9FAFS	13
LPASA1147-22	G9FAFS	4
LPASA1148-22	G9FAFS	6
LPASA1149-22	G9FAFS	5
LPASA1150-22	G9FAFS	4
LPASA1151-22	G9FAFS	3
LPASA1153-22	G9FAFS	11
LPASA1154-22	G9FAFS	4
LPASA1155-22	G9FAFS	6
LPASA1156-22	G9FAFS	4
LPASA1159-22	G9FAFS	24
LPASA1160-22	G9FAFS	4
LPASA1161-22	G9FAFS	28
LPASA1162-22	G9FAFS	29
LPASA1163-22	G9FAFS	3
LPASA1164-22	G9FAFS	26
LPASA1165-22	G9FAFS	3
LPASA1166-22	G9FAFS	3
LPASA1167-22	G4FG95	15
LPASA1168-22	G4FG95	17
LPASA1169-22	G4FG95	19
LPASA1170-22	G4FG95	32
LPASA1171-22	G4FG95	18
LPASA1172-22	G4FG95	35
LPASA1173-22	G4FG95	26
LPASA1174-22	G4FG95	45
LPASA1175-22	G4FG95	28
LPASA1176-22	G4FG95	9
LPASA1177-22	G4FG95	22
LPASA1178-22	G4FG95	11
LPASA1179-22	G4FG95	30
LPASA1180-22	G4FG95	36
LPASA1181-22	G4FG95	33
LPASA1182-22	G4FG95	31
LPASA1183-22	G4FG95	25
LPASA1184-22	G4FG95	36
LPASA1185-22	G4FG95	30
LPASA1186-22	G4FG95	27
LPASA1187-22	G4FG95	26
LPASA1188-22	G4FG95	24
LPASA1189-22	G4FG95	42
LPASA1190-22	G4FG95	34
LPASA1191-22	G4FG95	25
LPASA1192-22	G4FG95	29
LPASA1193-22	G4FG95	33
LPASA1194-22	G4FG95	33
LPASA1195-22	G4FG95	30
LPASA1196-22	G4FG95	22
LPASA1197-22	G4FG95	27
LPASA1198-22	G4FG95	30
LPASA1199-22	G4FG95	21
LPASA1200-22	G4FG95	23
LPASA1201-22	G4FG95	16
LPASA1202-22	G4FG95	24
LPASA1203-22	G4FG95	22
LPASA1204-22	G4FG95	31
LPASA1205-22	G4FG95	32
LPASA1206-22	G4FG95	37
LPASA1207-22	G4FG95	42
LPASA1208-22	G4FG95	22
LPASA1209-22	G4FG95	34
LPASA1210-22	G4FG95	27
LPASA1211-22	G4FG95	33
LPASA1212-22	G4FG95	26
LPASA1213-22	G4FG95	32
LPASA1214-22	G4FG95	20
LPASA1215-22	G4FG95	40
LPASA1216-22	G4FG95	36
LPASA1217-22	G4FG95	27
LPASA1218-22	G4FG95	40
LPASA1219-22	G4FG95	27
LPASA1220-22	G4FG95	22
LPASA1221-22	G4FG95	27
LPASA1222-22	G4FG95	18
LPASA1223-22	G4FG95	21
LPASA1224-22	G4FG95	29
LPASA1225-22	G4FG95	20
LPASA1226-22	G4FG95	34
LPASA1227-22	G4FG95	27
LPASA1228-22	G4FG95	35
LPASA1229-22	G4FG95	12
LPASA1230-22	G4FG95	25
LPASA1231-22	G4FG95	21
LPASA1232-22	G4FG95	25
LPASA1233-22	G4FG95	36
LPASA1234-22	G4FG95	25
LPASA1235-22	G4FG95	19
LPASA1236-22	G4FG95	32
LPASA1237-22	G4FG95	19
LPASA1238-22	G4FG95	29
LPASA1239-22	G4FG95	23
LPASA1240-22	G4FG95	33
LPASA1241-22	G4FG95	22
LPASA1242-22	G4FG95	38
LPASA1243-22	G4FG95	24
LPASA1244-22	G4FG95	31
LPASA1245-22	G4FG95	29
LPASA1246-22	G4FG95	26
LPASA1247-22	G4FG95	28
LPASA1248-22	G4FG95	28
LPASA1249-22	G4FG95	24
LPASA1250-22	G4FG95	22
LPASA1251-22	G4FG95	27
LPASA1252-22	G4FG95	25
LPASA1253-22	G4FG95	37
LPASA1254-22	G4FG95	26
LPASA1255-22	G4FG95	18
LPASA1256-22	G4FG95	31
LPASA1257-22	G4FG95	38
LPASA1258-22	G4FG95	30
LPASA1259-22	G4FG95	31
LPASA1260-22	G4FG95	28
LPASA1261-22	G4FG95	32
LPASA1262-22	G4FG95	33
LPASA1263-22	G4FG95	39
LPASA1264-22	G4FG95	23
LPASA1265-22	G4FG95	41
LPASA1267-22	G4FG95	27
LPASA1268-22	G4FG95	21
LPASA1269-22	G4FG95	22
LPASA1270-22	G4FG95	27
LPASA1271-22	G4FG95	35
LPASA1272-22	G4FG95	32
LPASA1273-22	G4FG95	27
LPASA1274-22	G4FG95	23
LPASA1275-22	G4FG95	29
LPASA1276-22	G4FG95	30
LPASA1277-22	G4FG95	18
LPASA1278-22	G4FG95	30
LPASA1279-22	G4FG95	27
LPASA1280-22	G4FG95	24
LPASA1281-22	G4FG95	32
LPASA1282-22	G4FG95	28
LPASA1283-22	G4FG95	25
LPASA1284-22	G4FG95	21
LPASA1285-22	G4FG95	23
LPASA1286-22	G4FG95	20
LPASA1287-22	G4FG95	25
LPASA1288-22	G4FG95	16
LPASA1289-22	G4FG95	34
LPASA1290-22	G4FG95	30
LPASA1291-22	G4FG95	35
LPASA1292-22	G4FG95	27
LPASA1293-22	G4FG95	21
LPASA1294-22	G4FG95	33
LPASA1295-22	G4FG95	30
LPASA1296-22	G4FG95	38
LPASA1297-22	G4FG95	27
LPASA1298-22	G4FG95	22
LPASA1299-22	G4FG95	25
LPASA1300-22	G4FG95	35
LPASA1301-22	G4FG95	32
LPASA1302-22	G4FG95	26
LPASA1303-22	G4FG95	35
LPASA1304-22	G4FG95	25
LPASA1305-22	G4FG95	28
LPASA1306-22	G4FG95	32
LPASA1307-22	G4FG95	28
LPASA1308-22	G4FG95	24
LPASA1309-22	G4FG95	24
LPASA1310-22	G4FG95	21
LPASA1311-22	G4FG95	21
LPASA1312-22	G4FG95	21
LPASA1313-22	G4FG95	32
LPASA1314-22	G4FG95	17
LPASA1315-22	G4FG95	32
LPASA1316-22	G4FG95	38
LPASA1317-22	G4FG95	38
LPASA1318-22	G4FG95	30
LPASA1319-22	G4FG95	37
LPASA1320-22	G4FG95	23
LPASA1321-22	G4FG95	27
LPASA1322-22	G4FG95	28
LPASA1323-22	G4FG95	22
LPASA1324-22	G4FG95	22
LPASA1325-22	G4FG95	23
LPASA1326-22	G4FG95	38
LPASA1327-22	G4FG95	26
LPASA1328-22	G4FG95	26
LPASA1329-22	G4FG95	27
LPASA1330-22	G4FG95	37
LPASA1331-22	G4FG95	23
LPASA1332-22	G4FG95	37
LPASA1333-22	G4FG95	22
LPASA1334-22	G4FG95	23
LPASA1335-22	G4FG95	29
LPASA1336-22	G4FG95	11
LPASA1337-22	G4FG95	27
LPASA1338-22	G4FG95	30
LPASA1339-22	G4FG95	32
LPASA1340-22	G4FG95	22
LPASA1341-22	G4FG95	27
LPASA1342-22	G4FG95	27
LPASA1343-22	G4FG95	31
LPASA1344-22	G4FG95	33
LPASA1345-22	G4FG95	26
LPASA1346-22	G4FG95	26
LPASA1347-22	G4FG95	6
LPASA1348-22	G4FG95	35
LPASA1349-22	G4FG95	17
LPASA1350-22	G4FG95	27
LPASA1351-22	G4FG95	35
LPASA1352-22	G4FG95	28
LPASA1353-22	G4FG95	30
LPASA1354-22	G4FG95	34
LPASA1355-22	G4FG95	25
LPASA1356-22	G4FG95	31
LPASA1357-22	G4FG95	36
LPASA1358-22	G4FG95	36
LPASA1359-22	G4FG95	30
LPASA1360-22	G4FG95	30
LPASA1361-22	G4FG95	24
LPASA1362-22	G4FG95	32
LPASA1363-22	G4FG95	36
LPASA1364-22	G4FG95	35
LPASA1365-22	G4FG95	32
LPASA1366-22	G4FG95	30
LPASA1367-22	G4FG95	26
LPASA1368-22	G4FG95	40
LPASA1369-22	G4FG95	26
LPASA1370-22	G4FG95	28
LPASA1371-22	G4FG95	33
LPASA1372-22	G4FG95	5
LPASA1373-22	G4FG95	32
LPASA1374-22	G4FG95	36
LPASA1375-22	G4FG95	41
LPASA1376-22	G4FG95	33
LPASA1377-22	G4FG95	21
LPASA1378-22	G4FG95	22
LPASA1379-22	G4FG95	29
LPASA1380-22	G4FG95	23
LPASA1381-22	G4FG95	38
LPASA1382-22	G4FG95	13
LPASA1384-22	G4FG95	36
LPASA1385-22	G4FG95	11
LPASA1386-22	G4FG95	36
LPASA1387-22	G4FG95	40
LPASA1388-22	G4FG95	40
LPASA1389-22	G4FG95	11
LPASA1390-22	G4FG95	9
LPASA1391-22	G4FG95	29
LPASA1392-22	G4FG95	29
LPASA1393-22	G4FG95	28
LPASA1394-22	G4FG95	25
LPASA1395-22	G4FG95	6
LPASA1396-22	G4FG95	32
LPASA1397-22	G4FG95	23
LPASA1398-22	G4FG95	32
LPASA1399-22	G4FG95	20
LPASA1400-22	G4FG95	20
LPASA1401-22	G4FG95	30
LPASA1402-22	G4FG95	8
LPASA1403-22	G4FG95	33
LPASA1404-22	G4FG95	29
LPASA1405-22	G4FG95	17
LPASA1406-22	G4FG95	27
LPASA1407-22	G4FG95	19
LPASA1408-22	G4FG95	7
LPASA1409-22	G4FG95	26
LPASA1410-22	G4FG95	22
LPASA1411-22	G4FG95	24
LPASA1412-22	G4FG95	26
LPASA1413-22	G4FG95	31
LPASA1414-22	G4FG95	19
LPASA1415-22	G4FG95	22
LPASA1416-22	G4FG95	11
LPASA1417-22	G4FG95	19
LPASA1418-22	G4FG95	29
LPASA1419-22	G4FG95	16
LPASA1420-22	G4FG95	26
LPASA1421-22	G4FG95	14
LPASA1422-22	G4FG95	18
LPASA1423-22	G4FG95	29
LPASA1424-22	G4FG95	24
LPASA1425-22	G4FG95	16
LPASA1426-22	G4FG95	22
LPASA1427-22	G4FG95	22
LPASA1428-22	G4FG95	18
LPASA1429-22	G4FG95	29
LPASA1430-22	G4FG95	33
LPASA1431-22	G4FG95	30
LPASA1432-22	G4FG95	29
LPASA1433-22	G4FG95	44
LPASA1434-22	G4FG95	32
LPASA1435-22	G4FG95	23
LPASA1436-22	G4FG95	39
LPASA1437-22	G4FG95	28
LPASA1438-22	G4FG95	23
LPASA1439-22	G4FG95	22
LPASA1440-22	G4FG95	22
LPASA1441-22	G4FG95	28
LPASA1442-22	G4FG95	26
LPASA1443-22	G4FG95	25
LPASA1444-22	G4FG95	40
LPASA1445-22	G4FG95	29
LPASA1446-22	G4FG95	24
LPASA1447-22	G4FG95	23
LPASA1448-22	G4FG95	14
LPASA1449-22	G4FG95	27
LPASA1450-22	G4FG95	18
LPASA1451-22	G4FG95	32
LPASA1452-22	G4FG95	27
LPASA1453-22	G4FG95	40
LPASA1454-22	G4FG95	12
LPASA1455-22	G4FG95	33
LPASA1456-22	G4FG95	37
LPASA1457-22	G4FG95	27
LPASA1458-22	G4FG95	27
LPASA1460-22	G4FG95	25
LPASA1461-22	G4FG95	33
LPASA1462-22	G4FG95	37
LPASA1463-22	G4FG95	27
LPASA1464-22	G4FG95	43
LPASA1465-22	G4FG95	24
LPASA1466-22	G4FG95	9
LPASA1467-22	G4FG95	17
LPASA1468-22	G4FG95	10
LPASA1469-22	G4FG95	18
LPASA1470-22	G4FG95	16
LPASA1471-22	G4FG95	10
LPASA1472-22	G4FG95	15
LPASA1473-22	G4FG95	21
LPASA1474-22	G4FG95	17
LPASA1475-22	G4FG95	20
LPASA1476-22	G4FG95	18
LPASA1477-22	G4FG95	34
LPASA1478-22	G4FG95	24
LPASA1479-22	G4FG95	10
LPASA1480-22	G4FG95	14
LPASA1481-22	G4FG95	4
LPASA1482-22	G4FG95	18
LPASA1483-22	G4FG95	16
LPASA1484-22	G4FG95	37
LPASA1485-22	G4FG95	4
LPASA1486-22	G4FG95	16
LPASA1487-22	G4FG95	13
LPASA1488-22	G4FG95	29
LPASA1489-22	G4FG95	19
LPASA1490-22	G4FG95	27
LPASA1492-22	G4FG95	29
LPASA1493-22	G4FG95	29
LPASA1494-22	G4FG95	20
LPASA1495-22	G4FG95	23
LPASA1496-22	G4FG95	22
LPASA1497-22	G4FG95	18
LPASA1498-22	G4FG95	20
LPASA1499-22	G4FG95	24
LPASA1500-22	G4FG95	22
LPASA1501-22	G4FG95	23
LPASA1502-22	G4FG95	35
LPASA1503-22	G4FG95	36
LPASA1504-22	G4FG95	21
LPASA1505-22	G4FG95	17
LPASA1506-22	G4FG95	36
LPASA1507-22	G4FG95	18
LPASA1508-22	G4FG95	20
LPASA1509-22	G4FG95	7
LPASA1510-22	G4FG95	10
LPASA1511-22	G4FG95	30
LPASA1512-22	G4FG95	31
LPASA1513-22	G4FG95	23
LPASA1514-22	G4FG95	19
LPASA1515-22	G4FG95	31
LPASA1516-22	G4FG95	22
LPASA1517-22	G4FG95	20
LPASA1518-22	G4FG95	22
LPASA1519-22	G4FG95	2
LPASA1520-22	G4FG95	6
LPASA1521-22	G4FG95	11
LPASA1522-22	G4FG95	7
LPASA1523-22	G4FG95	5
LPASA1524-22	G4FG95	4
LPASA1525-22	G4FG95	6
LPASA1526-22	G4FG95	14
LPASA1528-22	G4FG95	8
LPASA1529-22	G4FG95	12
LPASA1530-22	G4FG95	6
LPASA1531-22	G4FG95	3
LPASA1532-22	G4FG95	18
LPASA1533-22	G4FG95	23
LPASA1534-22	G4FG95	23
LPASA1535-22	G4FG95	14
LPASA1536-22	G4FG95	12
LPASA1537-22	G4FG95	26
LPASA1538-22	G4FG95	27
LPASA1539-22	G4FG95	28
LPASA1540-22	G4FG95	23
LPASA1541-22	G4FG95	27
LPASA1542-22	G4FG95	28
LPASA1543-22	G4FG95	22
LPASA1544-22	G4FG95	23
LPASA1545-22	G4FG95	27
LPASA1546-22	G4FG95	25
LPASA1547-22	G4FG95	32
LPASA1548-22	G4FG95	28
LPASA1549-22	G4FG95	25
LPASA1550-22	G4FG95	23
LPASA1551-22	G4FG95	15
LPASA1552-22	G4FG95	33
LPASA1553-22	G4FG95	42
LPASA1554-22	G4FG95	33
LPASA1555-22	G4FG95	28
LPASA1556-22	G4FG95	40
LPASA1557-22	GRS8LA	26
LPASA1558-22	GRS8LA	31
LPASA1559-22	GRS8LA	25
LPASA1560-22	GRS8LA	26
LPASA1561-22	GRS8LA	8
LPASA1562-22	GRS8LA	32
LPASA1563-22	GRS8LA	31
LPASA1564-22	GRS8LA	35
LPASA1565-22	GRS8LA	26
LPASA1566-22	GRS8LA	28
LPASA1567-22	GRS8LA	37
LPASA1568-22	GRS8LA	29
LPASA1569-22	GRS8LA	27
LPASA1570-22	GRS8LA	24
LPASA1571-22	GRS8LA	31
LPASA1572-22	GRS8LA	41
LPASA1573-22	GRS8LA	41
LPASA1574-22	GRS8LA	38
LPASA1575-22	GRS8LA	35
LPASA1576-22	GRS8LA	23
LPASA1577-22	GRS8LA	19
LPASA1578-22	GRS8LA	24
LPASA1579-22	GRS8LA	28
LPASA1580-22	GRS8LA	21
LPASA1581-22	GRS8LA	31
LPASA1582-22	GRS8LA	21
LPASA1583-22	GRS8LA	23
LPASA1584-22	GRS8LA	26
LPASA1585-22	GRS8LA	35
LPASA1586-22	GRS8LA	8
LPASA1587-22	GRS8LA	20
LPASA1588-22	GRS8LA	22
LPASA1589-22	GRS8LA	24
LPASA1590-22	GRS8LA	27
LPASA1591-22	GRS8LA	29
LPASA1592-22	GRS8LA	25
LPASA1593-22	GRS8LA	32
LPASA1594-22	GRS8LA	36
LPASA1595-22	GRS8LA	15
LPASA1596-22	GRS8LA	27
LPASA1597-22	GRS8LA	37
LPASA1598-22	GRS8LA	32
LPASA1599-22	GRS8LA	17
LPASA1600-22	GRS8LA	30
LPASA1601-22	GRS8LA	23
LPASA1602-22	GRS8LA	15
LPASA1603-22	GRS8LA	21
LPASA1604-22	GRS8LA	25
LPASA1606-22	GRS8LA	12
LPASA1607-22	GRS8LA	22
LPASA1608-22	GRS8LA	7
LPASA1609-22	GRS8LA	20
LPASA1610-22	GRS8LA	10
LPASA1611-22	GRS8LA	10
LPASA1612-22	GRS8LA	6
LPASA1613-22	GRS8LA	5
LPASA1614-22	GRS8LA	26
LPASA1615-22	GRS8LA	21
LPASA1616-22	GRS8LA	2
LPASA1617-22	GRS8LA	29
LPASA1618-22	GRS8LA	31
LPASA1619-22	GRS8LA	25
LPASA1620-22	GRS8LA	24
LPASA1621-22	GRS8LA	13
LPASA1622-22	GRS8LA	9
LPASA1623-22	GRS8LA	28
LPASA1624-22	GRS8LA	24
LPASA1625-22	GRS8LA	33
LPASA1626-22	GRS8LA	13
LPASA1627-22	GRS8LA	26
LPASA1628-22	GE4WUW	3
LPASA1629-22	GE4WUW	10
LPASA1630-22	GE4WUW	6
LPASA1631-22	GE4WUW	18
LPASA1632-22	GE4WUW	12
LPASA1633-22	GE4WUW	8
LPASA1634-22	GE4WUW	6
LPASA1635-22	GE4WUW	11
LPASA1636-22	GE4WUW	14
LPASA1637-22	GE4WUW	6
LPASA1638-22	GE4WUW	8
LPASA1639-22	GE4WUW	10
LPASA1640-22	GE4WUW	7
LPASA1641-22	GE4WUW	7
LPASA1642-22	GE4WUW	6
LPASA1643-22	GE4WUW	10
LPASA1644-22	GE4WUW	12
LPASA1645-22	GE4WUW	7
LPASA1646-22	GE4WUW	6
LPASA1647-22	GE4WUW	9
LPASA1648-22	GE4WUW	5
LPASA1649-22	GE4WUW	26
LPASA1650-22	GE4WUW	8
LPASA1651-22	GE4WUW	11
LPASA1652-22	GE4WUW	5
LPASA1653-22	GE4WUW	9
LPASA1654-22	GE4WUW	12
LPASA1655-22	GE4WUW	9
LPASA1656-22	GE4WUW	10
LPASA1657-22	GE4WUW	22
LPASA1658-22	GE4WUW	20
LPASA1659-22	GE4WUW	19
LPASA1660-22	GE4WUW	21
LPASA1661-22	GE4WUW	24
LPASA1662-22	GE4WUW	22
LPASA1663-22	GE4WUW	22
LPASA1664-22	GE4WUW	21
LPASA1665-22	GE4WUW	25
LPASA1666-22	GE4WUW	22
LPASA1667-22	GE4WUW	22
LPASA1668-22	GE4WUW	23
LPASA1669-22	GE4WUW	23
LPASA1670-22	GE4WUW	23
LPASA1671-22	GE4WUW	14
LPASA1672-22	GE4WUW	24
LPASA1673-22	GE4WUW	24
LPASA1674-22	GE4WUW	27
LPASA1675-22	GE4WUW	18
LPASA1676-22	GE4WUW	26
LPASA1677-22	GE4WUW	23
LPASA1678-22	GE4WUW	31
LPASA1679-22	GE4WUW	27
LPASA1680-22	GE4WUW	25
LPASA1681-22	GE4WUW	22
LPASA1682-22	GE4WUW	16
LPASA1683-22	GE4WUW	25
LPASA1684-22	GE4WUW	21
LPASA1685-22	GE4WUW	19
LPASA1686-22	GE4WUW	17
LPASA1687-22	GE4WUW	23
LPASA1688-22	GE4WUW	26
LPASA1689-22	GE4WUW	26
LPASA1690-22	GE4WUW	22
LPASA1691-22	GE4WUW	19
LPASA1692-22	GE4WUW	28
LPASA1693-22	GE4WUW	20
LPASA1694-22	GE4WUW	19
LPASA1695-22	GE4WUW	19
LPASA1696-22	GE4WUW	26
LPASA1697-22	GE4WUW	27
LPASA1698-22	GE4WUW	31
LPASA1699-22	GE4WUW	26
LPASA1700-22	GE4WUW	16
LPASA1701-22	GE4WUW	24
LPASA1702-22	GE4WUW	21
LPASA1703-22	GE4WUW	19
LPASA1704-22	GE4WUW	24
LPASA1705-22	GE4WUW	18
LPASA1706-22	GE4WUW	23
LPASA1707-22	GE4WUW	20
LPASA1708-22	GE4WUW	25
LPASA1709-22	GE4WUW	20
LPASA1710-22	GE4WUW	21
LPASA1711-22	GE4WUW	21
LPASA1712-22	GE4WUW	19
LPASA1713-22	GE4WUW	29
LPASA1714-22	GE4WUW	28
LPASA1715-22	GE4WUW	24
LPASA1716-22	GE4WUW	27
LPASA1717-22	GE4WUW	31
LPASA1718-22	GE4WUW	27
LPASA1719-22	GE4WUW	31
LPASA1720-22	GE4WUW	27
LPASA1721-22	GE4WUW	27
LPASA1722-22	GE4WUW	25
LPASA1723-22	GE4WUW	30
LPASA1724-22	GE4WUW	25
LPASA1725-22	GE4WUW	27
LPASA1726-22	GE4WUW	27
LPASA1727-22	GE4WUW	25
LPASA1728-22	GE4WUW	27
LPASA1729-22	GE4WUW	31
LPASA1730-22	GE4WUW	29
LPASA1731-22	GE4WUW	20
LPASA1732-22	GE4WUW	24
LPASA1733-22	GE4WUW	22
LPASA1734-22	GE4WUW	27
LPASA1735-22	GE4WUW	31
LPASA1736-22	GE4WUW	23
LPASA1737-22	GE4WUW	20
LPASA1738-22	GE4WUW	30
LPASA1739-22	GE4WUW	20
LPASA1740-22	GE4WUW	34
LPASA1741-22	GE4WUW	25
LPASA1742-22	GE4WUW	21
LPASA1743-22	GE4WUW	31
LPASA1744-22	GE4WUW	22
LPASA1745-22	GE4WUW	30
LPASA1746-22	GE4WUW	24
LPASA1747-22	GE4WUW	22
LPASA1748-22	GE4WUW	28
LPASA1749-22	GE4WUW	25
LPASA1750-22	GE4WUW	24
LPASA1751-22	GE4WUW	24
LPASA1752-22	GE4WUW	23
LPASA1753-22	GE4WUW	32
LPASA1754-22	GE4WUW	21
LPASA1755-22	GE4WUW	13
LPASA1756-22	GE4WUW	21
LPASA1757-22	GE4WUW	27
LPASA1758-22	GE4WUW	15
LPASA1759-22	GE4WUW	30
LPASA1760-22	GE4WUW	28
LPASA1761-22	GE4WUW	21
LPASA1762-22	GE4WUW	30
LPASA1763-22	GE4WUW	30
LPASA1764-22	GE4WUW	33
LPASA1765-22	GE4WUW	30
LPASA1766-22	GE4WUW	29
LPASA1767-22	GE4WUW	25
LPASA1768-22	GE4WUW	21
LPASA1769-22	GE4WUW	28
LPASA1770-22	GE4WUW	29
LPASA1771-22	GE4WUW	18
LPASA1772-22	GE4WUW	24
LPASA1773-22	GE4WUW	26
LPASA1774-22	GE4WUW	34
LPASA1775-22	GE4WUW	31
LPASA1776-22	GE4WUW	17
LPASA1777-22	GE4WUW	13
LPASA1778-22	GE4WUW	20
LPASA1779-22	GE4WUW	31
LPASA1780-22	GE4WUW	29
LPASA1781-22	GE4WUW	30
LPASA1782-22	GE4WUW	15
LPASA1783-22	GE4WUW	19
LPASA1784-22	GE4WUW	22
LPASA1785-22	GE4WUW	21
LPASA1786-22	GE4WUW	25
LPASA1787-22	GE4WUW	32
LPASA1788-22	GE4WUW	19
LPASA1789-22	GE4WUW	15
LPASA1790-22	GE4WUW	25
LPASA1791-22	GE4WUW	32
LPASA1792-22	GE4WUW	25
LPASA1793-22	GE4WUW	24
LPASA1794-22	GE4WUW	24
LPASA1795-22	GE4WUW	23
LPASA1796-22	GE4WUW	22
LPASA1797-22	GE4WUW	30
LPASA1798-22	GE4WUW	21
LPASA1799-22	GE4WUW	31
LPASA1800-22	GE4WUW	16
LPASA1801-22	GE4WUW	23
LPASA1802-22	GE4WUW	35
LPASA1803-22	GE4WUW	32
LPASA1804-22	GE4WUW	25
LPASA1805-22	GE4WUW	29
LPASA1806-22	GE4WUW	27
LPASA1807-22	GE4WUW	21
LPASA1808-22	GE4WUW	23
LPASA1809-22	GE4WUW	32
LPASA1810-22	GE4WUW	24
LPASA1811-22	GE4WUW	26
LPASA1812-22	GE4WUW	25
LPASA1813-22	GE4WUW	12
LPASA1814-22	GE4WUW	23
LPASA1815-22	GE4WUW	23
LPASA1816-22	GE4WUW	27
LPASA1817-22	GE4WUW	29
LPASA1818-22	GE4WUW	16
LPASA1819-22	GE4WUW	20
LPASA1820-22	GE4WUW	30
LPASA1821-22	GE4WUW	29
LPASA1822-22	GE4WUW	29
LPASA1823-22	GE4WUW	25
LPASA1824-22	GE4WUW	21
LPASA1825-22	GE4WUW	27
LPASA1826-22	GE4WUW	30
LPASA1827-22	GE4WUW	23
LPASA1828-22	GE4WUW	32
LPASA1829-22	GE4WUW	23
LPASA1830-22	GE4WUW	24
LPASA1831-22	GE4WUW	27
LPASA1832-22	GE4WUW	25
LPASA1833-22	GE4WUW	28
LPASA1834-22	GE4WUW	31
LPASA1835-22	GE4WUW	33
LPASA1836-22	GE4WUW	15
LPASA1837-22	GE4WUW	21
LPASA1838-22	GE4WUW	26
LPASA1839-22	GE4WUW	31
LPASA1840-22	GE4WUW	14
LPASA1841-22	GE4WUW	30
LPASA1842-22	GE4WUW	25
LPASA1843-22	GE4WUW	44
LPASA1844-22	GE4WUW	29
LPASA1845-22	GE4WUW	36
LPASA1846-22	GE4WUW	40
LPASA1848-22	GE4WUW	10
LPASA1849-22	GE4WUW	4
LPASA1850-22	GE4WUW	13
LPASA1851-22	GE4WUW	13
LPASA1852-22	GE4WUW	7
LPASA1853-22	GE4WUW	8
LPASA1854-22	GE4WUW	5
LPASA1855-22	GE4WUW	5
LPASA1856-22	GE4WUW	8
LPASA1857-22	GE4WUW	8
LPASA1858-22	GE4WUW	11
LPASA1859-22	GE4WUW	11
LPASA1860-22	GE4WUW	7
LPASA1861-22	GE4WUW	7
LPASA1862-22	GE4WUW	3
LPASA1863-22	GE4WUW	9
LPASA1864-22	GE4WUW	7
LPASA1865-22	GE4WUW	7
LPASA1866-22	GE4WUW	11
LPASA1867-22	GE4WUW	8
LPASA1868-22	GE4WUW	5
LPASA1869-22	GE4WUW	12
LPASA1870-22	GE4WUW	7
LPASA1871-22	GE4WUW	6
LPASA1872-22	GE4WUW	5
LPASA1873-22	GE4WUW	4
LPASA1874-22	GE4WUW	8
LPASA1875-22	GE4WUW	4
LPASA1876-22	GE4WUW	5
LPASA1877-22	GE4WUW	6
LPASA1878-22	GE4WUW	8
LPASA1879-22	GE4WUW	4
LPASA1880-22	GE4WUW	4
LPASA1881-22	GE4WUW	5
LPASA1882-22	GE4WUW	8
LPASA1883-22	GE4WUW	7
LPASA1884-22	GE4WUW	7
LPASA1885-22	GE4WUW	5
LPASA1886-22	GE4WUW	5
LPASA1887-22	GE4WUW	5
LPASA1889-22	GE4WUW	6
LPASA1890-22	GE4WUW	6
LPASA1891-22	GE4WUW	5
LPASA1892-22	GE4WUW	13
LPASA1893-22	GE4WUW	14
LPASA1894-22	GE4WUW	15
LPASA1895-22	GE4WUW	8
LPASA1896-22	GE4WUW	9
LPASA1897-22	GE4WUW	11
LPASA1898-22	GE4WUW	10
LPASA1899-22	GE4WUW	7
LPASA1900-22	GE4WUW	6
LPASA1901-22	GE4WUW	4
LPASA1902-22	GE4WUW	14
LPASA1903-22	GE4WUW	7
LPASA1904-22	GE4WUW	5
LPASA1905-22	GE4WUW	13
LPASA1906-22	GE4WUW	10
LPASA1907-22	GE4WUW	11
LPASA1908-22	GE4WUW	5
LPASA1909-22	GE4WUW	9
LPASA1910-22	GE4WUW	2
LPASA1911-22	GE4WUW	8
LPASA1912-22	GE4WUW	8
LPASA1913-22	GE4WUW	5
LPASA1914-22	GE4WUW	5
LPASA1915-22	GE4WUW	5
LPASA1916-22	GE4WUW	4
LPASA1917-22	GE4WUW	7
LPASA1918-22	GE4WUW	12
LPASA1919-22	GE4WUW	8
LPASA1920-22	GE4WUW	9
LPASA1921-22	GE4WUW	9
LPASA1922-22	GE4WUW	20
LPASA1924-22	GE4WUW	9
LPASA1925-22	GE4WUW	6
LPASA1926-22	GE4WUW	8
LPASA1927-22	GE4WUW	13
LPASA1928-22	GE4WUW	8
LPASA1929-22	GE4WUW	12
LPASA1931-22	GE4WUW	35
LPASA1932-22	GE4WUW	7
LPASA1933-22	GE4WUW	10
LPASA1934-22	GE4WUW	13
LPASA1935-22	GE4WUW	4
LPASA1936-22	GE4WUW	3
LPASA1937-22	GE4WUW	6
LPASA1938-22	GE4WUW	6
LPASA1939-22	GE4WUW	11
LPASA1940-22	GE4WUW	15
LPASA1941-22	GE4WUW	10
LPASA1942-22	GE4WUW	24
LPASA1943-22	GE4WUW	23
LPASA1944-22	GE4WUW	29
LPASA1945-22	GE4WUW	21
LPASA1946-22	GE4WUW	16
LPASA1947-22	GE4WUW	17
LPASA1948-22	GE4WUW	23
LPASA1949-22	GE4WUW	19
LPASA1950-22	GE4WUW	30
LPASA1951-22	GE4WUW	26
LPASA1952-22	GE4WUW	24
LPASA1953-22	GE4WUW	28
LPASA1954-22	GE4WUW	16
LPASA1955-22	GE4WUW	11
LPASA1956-22	GE4WUW	23
LPASA1957-22	GE4WUW	17
LPASA1958-22	GE4WUW	24
LPASA1959-22	GE4WUW	18
LPASA1960-22	GE4WUW	30
LPASA1961-22	GE4WUW	18
LPASA1962-22	GE4WUW	27
LPASA1963-22	GE4WUW	15
LPASA1964-22	GE4WUW	12
LPASA1965-22	GE4WUW	16
LPASA1966-22	GE4WUW	33
LPASA1967-22	GE4WUW	22
LPASA1968-22	GE4WUW	12
LPASA1969-22	GE4WUW	26
LPASA1970-22	GE4WUW	15
LPASA1971-22	GE4WUW	9
LPASA1972-22	GE4WUW	18
LPASA1973-22	GE4WUW	12
LPASA1974-22	GE4WUW	18
LPASA1975-22	GE4WUW	20
LPASA1976-22	GE4WUW	23
LPASA1977-22	GE4WUW	17
LPASA1978-22	GE4WUW	31
LPASA1979-22	GE4WUW	25
LPASA1980-22	GE4WUW	29
LPASA1981-22	GE4WUW	18
LPASA1982-22	GE4WUW	17
LPASA1983-22	GE4WUW	23
LPASA1984-22	GE4WUW	29
LPASA1985-22	GE4WUW	25
LPASA1986-22	GE4WUW	25
LPASA1987-22	GE4WUW	21
LPASA1988-22	GE4WUW	17
LPASA1989-22	GE4WUW	24
LPASA1990-22	GE4WUW	20
LPASA1991-22	GE4WUW	24
LPASA1992-22	GE4WUW	19
LPASA1993-22	GE4WUW	23
LPASA1994-22	GE4WUW	24
LPASA1995-22	GE4WUW	23
LPASA1996-22	GE4WUW	18
LPASA1997-22	GE4WUW	22
LPASA1998-22	GE4WUW	20
LPASA1999-22	GE4WUW	18
LPASA2000-22	GE4WUW	16
LPASA2001-22	GE4WUW	17
LPASA2002-22	GE4WUW	26
LPASA2003-22	GE4WUW	26
LPASA2004-22	GE4WUW	32
LPASA2005-22	GE4WUW	21
LPASA2006-22	GE4WUW	31
LPASA2007-22	GE4WUW	18
LPASA2008-22	GE4WUW	23
LPASA2009-22	GE4WUW	23
LPASA2010-22	GE4WUW	25
LPASA2011-22	GE4WUW	25
LPASA2012-22	GE4WUW	16
LPASA2013-22	GE4WUW	25
LPASA2014-22	GE4WUW	27
LPASA2015-22	GE4WUW	33
LPASA2016-22	GE4WUW	28
LPASA2017-22	GE4WUW	25
LPASA2018-22	GE4WUW	26
LPASA2019-22	GE4WUW	31
LPASA2020-22	GE4WUW	21
LPASA2021-22	GE4WUW	22
LPASA2022-22	GE4WUW	12
LPASA2023-22	GE4WUW	23
LPASA2024-22	GE4WUW	27
LPASA2025-22	GE4WUW	29
LPASA2026-22	GE4WUW	18
LPASA2028-22	GE4WUW	30
LPASA2029-22	GE4WUW	20
LPASA2030-22	GE4WUW	31
LPASA2031-22	GE4WUW	22
LPASA2032-22	GE4WUW	15
LPASA2033-22	GE4WUW	19
LPASA2034-22	GE4WUW	21
LPASA2035-22	GE4WUW	15
LPASA2036-22	GE4WUW	17
LPASA2037-22	GE4WUW	8
LPASA2039-22	GE4WUW	10
LPASA2040-22	GE4WUW	18
LPASA2041-22	GE4WUW	11
LPASA2042-22	GE4WUW	8
LPASA2043-22	GE4WUW	8
LPASA2044-22	GE4WUW	10
LPASA2045-22	GE4WUW	4
LPASA2046-22	GE4WUW	7
LPASA2047-22	GE4WUW	6
LPASA2048-22	GE4WUW	9
LPASA2049-22	GE4WUW	11
LPASA2050-22	GE4WUW	9
LPASA2051-22	GE4WUW	4
LPASA2052-22	GE4WUW	10
LPASA2053-22	GE4WUW	5
LPASA2054-22	GE4WUW	6
LPASA2055-22	GE4WUW	4
LPASA2056-22	GE4WUW	13
LPASA2057-22	GE4WUW	6
LPASA2058-22	GE4WUW	6
LPASA2059-22	GE4WUW	13
LPASA2060-22	GE4WUW	16
LPASA2061-22	GE4WUW	6
LPASA2062-22	GE4WUW	9
LPASA2063-22	GE4WUW	11
LPASA2064-22	GE4WUW	26
LPASA2065-22	GE4WUW	9
LPASA2066-22	GE4WUW	9
LPASA2067-22	GE4WUW	24
LPASA2068-22	GE4WUW	9
LPASA2069-22	GE4WUW	6
LPASA2070-22	GE4WUW	6
LPASA2071-22	GE4WUW	7
LPASA2072-22	GE4WUW	2
LPASA2074-22	GE4WUW	7
LPASA2075-22	GE4WUW	8
LPASA2076-22	GE4WUW	10
LPASA2077-22	GE4WUW	5
LPASA2078-22	GE4WUW	8
LPASA2079-22	GE4WUW	8
LPASA2080-22	GE4WUW	6
LPASA2081-22	GE4WUW	2
LPASA2082-22	GE4WUW	8
LPASA2083-22	GE4WUW	11
LPASA2084-22	GE4WUW	13
LPASA2085-22	GE4WUW	3
LPASA2086-22	GE4WUW	6
LPASA2087-22	GE4WUW	3
LPASA2088-22	GE4WUW	4
LPASA2089-22	GE4WUW	5
LPASA2090-22	GE4WUW	8
LPASA2091-22	GE4WUW	6
LPASA2092-22	GE4WUW	8
LPASA2093-22	GE4WUW	5
LPASA2094-22	GE4WUW	6
LPASA2095-22	GE4WUW	6
LPASA2096-22	GE4WUW	5
LPASA2097-22	GE4WUW	9
LPASA2098-22	GE4WUW	14
LPASA2099-22	GE4WUW	12
LPASA2100-22	GE4WUW	5
LPASA2101-22	GE4WUW	11
LPASA2102-22	GE4WUW	7
LPASA2104-22	GE4WUW	3
LPASA2106-22	GE4WUW	6
LPASA2107-22	GE4WUW	6
LPASA2108-22	GE4WUW	12
LPASA2109-22	GE4WUW	10
LPASA2110-22	GE4WUW	7
LPASA2111-22	GE4WUW	7
LPASA2112-22	GE4WUW	12
LPASA2113-22	GE4WUW	9
LPASA2114-22	GE4WUW	7
LPASA2117-22	GE4WUW	2
LPASA2118-22	GE4WUW	6
LPASA2119-22	GE4WUW	13
LPASA2120-22	GE4WUW	13
LPASA2121-22	GE4WUW	26
LPASA2122-22	GE4WUW	6
LPASA2124-22	GE4WUW	12
LPASA2125-22	GE4WUW	7
LPASA2126-22	GE4WUW	10
LPASA2127-22	GE4WUW	6
LPASA2128-22	GE4WUW	7
LPASA2129-22	GE4WUW	4
LPASA2130-22	GE4WUW	4
LPASA2131-22	GE4WUW	2
LPASA2132-22	GE4WUW	12
LPASA2134-22	GE4WUW	5
LPASA2135-22	GE4WUW	13
LPASA2137-22	GE4WUW	15
LPASA2138-22	GE4WUW	14
LPASA2139-22	GE4WUW	8
LPASA2140-22	GE4WUW	5
LPASA2141-22	GE4WUW	7
LPASA2142-22	GE4WUW	10
LPASA2143-22	GE4WUW	10
LPASA2144-22	GE4WUW	6
LPASA2145-22	GE4WUW	8
LPASA2146-22	GE4WUW	12
LPASA2147-22	GE4WUW	6
LPASA2148-22	GE4WUW	10
LPASA2149-22	GE4WUW	9
LPASA2150-22	GE4WUW	4
LPASA2151-22	GE4WUW	4
LPASA2152-22	GE4WUW	4
LPASA2153-22	GE4WUW	8
LPASA2154-22	GE4WUW	6
LPASA2155-22	GE4WUW	5
LPASA2156-22	GE4WUW	7
LPASA2157-22	GE4WUW	8
LPASA2158-22	GE4WUW	5
LPASA2159-22	GE4WUW	6
LPASA2160-22	GE4WUW	14
LPASA2161-22	GE4WUW	6
LPASA2162-22	GE4WUW	17
LPASA2163-22	GE4WUW	4
LPASA2165-22	GE4WUW	11
LPASA2166-22	GE4WUW	7
LPASA2167-22	GE4WUW	5
LPASA2168-22	GE4WUW	5
LPASA2169-22	GE4WUW	6
LPASA2170-22	GE4WUW	12
LPASA2171-22	GE4WUW	5
LPASA2172-22	GE4WUW	2
LPASA2174-22	GE4WUW	3
LPASA2175-22	GE4WUW	4
LPASA2176-22	GE4WUW	5
LPASA2177-22	GE4WUW	4
LPASA2178-22	GE4WUW	2
LPASA2179-22	GE4WUW	3
LPASA2180-22	GE4WUW	6
LPASA2181-22	GE4WUW	5
LPASA2182-22	GE4WUW	2
LPASA2185-22	GE4WUW	8
LPASA2186-22	GE4WUW	3
LPASA2187-22	GE4WUW	5
LPASA2188-22	GE4WUW	3
LPASA2189-22	GE4WUW	5
LPASA2190-22	GE4WUW	5
LPASA2192-22	GE4WUW	5
LPASA2193-22	GE4WUW	7
LPASA2195-22	GE4WUW	8
LPASA2196-22	GE4WUW	6
LPASA2197-22	GE4WUW	6
LPASA2198-22	GE4WUW	3
LPASA2201-22	GE4WUW	6
LPASA2202-22	GE4WUW	7
LPASA2203-22	GE4WUW	5
LPASA2204-22	GE4WUW	5
LPASA2205-22	GE4WUW	9
LPASA2206-22	GE4WUW	4
LPASA2207-22	GE4WUW	12
LPASA2208-22	GE4WUW	11
LPASA2209-22	GE4WUW	19
LPASA2210-22	GE4WUW	6
LPASA2211-22	GE4WUW	11
LPASA2212-22	GE4WUW	8
LPASA2213-22	GE4WUW	12
LPASA2214-22	GE4WUW	15
LPASA2215-22	GE4WUW	10
LPASA2216-22	GE4WUW	13
LPASA2217-22	GE4WUW	11
LPASA2218-22	GE4WUW	10
LPASA2219-22	GE4WUW	3
LPASA2220-22	GE4WUW	15
LPASA2221-22	GE4WUW	9
LPASA2222-22	GE4WUW	4
LPASA2223-22	GE4WUW	10
LPASA2224-22	GE4WUW	2
LPASA2225-22	GE4WUW	9
LPASA2226-22	GE4WUW	9
LPASA2227-22	GE4WUW	34
LPASA2228-22	GE4WUW	26
LPASA2229-22	GE4WUW	20
LPASA2230-22	GE4WUW	23
LPASA2231-22	GE4WUW	20
LPASA2232-22	GE4WUW	19
LPASA2233-22	GE4WUW	21
LPASA2234-22	GE4WUW	21
LPASA2235-22	GE4WUW	23
LPASA2236-22	GE4WUW	25
LPASA2237-22	GE4WUW	20
LPASA2238-22	GE4WUW	9
LPASA2239-22	GE4WUW	32
LPASA2240-22	GE4WUW	27
LPASA2241-22	GE4WUW	19
LPASA2242-22	GE4WUW	15
LPASA2243-22	GE4WUW	25
LPASA2244-22	GE4WUW	28
LPASA2245-22	GE4WUW	15
LPASA2246-22	GE4WUW	19
LPASA2247-22	GE4WUW	23
LPASA2248-22	GE4WUW	19
LPASA2249-22	GE4WUW	22
LPASA2250-22	GE4WUW	23
LPASA2251-22	GE4WUW	23
LPASA2252-22	GE4WUW	21
LPASA2253-22	GE4WUW	14
LPASA2254-22	GE4WUW	18
LPASA2255-22	GE4WUW	18
LPASA2256-22	GE4WUW	31
LPASA2257-22	GE4WUW	16
LPASA2258-22	GE4WUW	24
LPASA2259-22	GE4WUW	19
LPASA2260-22	GE4WUW	27
LPASA2261-22	GE4WUW	30
LPASA2262-22	GE4WUW	17
LPASA2263-22	GE4WUW	29
LPASA2264-22	GE4WUW	18
LPASA2265-22	GE4WUW	19
LPASA2266-22	GE4WUW	18
LPASA2267-22	GE4WUW	24
LPASA2268-22	GE4WUW	34
LPASA2269-22	GE4WUW	17
LPASA2270-22	GE4WUW	27
LPASA2271-22	GE4WUW	22
LPASA2272-22	GE4WUW	24
LPASA2273-22	GE4WUW	24
LPASA2274-22	GE4WUW	17
LPASA2275-22	GE4WUW	10
LPASA2276-22	GE4WUW	20
LPASA2277-22	GE4WUW	24
LPASA2278-22	GE4WUW	21
LPASA2279-22	GE4WUW	22
LPASA2280-22	GE4WUW	24
LPASA2281-22	GE4WUW	17
LPASA2282-22	GE4WUW	19
LPASA2283-22	GE4WUW	26
LPASA2284-22	GE4WUW	28
LPASA2285-22	GE4WUW	18
LPASA2286-22	GE4WUW	32
LPASA2287-22	GE4WUW	29
LPASA2288-22	GE4WUW	23
LPASA2289-22	GE4WUW	31
LPASA2290-22	GE4WUW	21
LPASA2291-22	GE4WUW	30
LPASA2292-22	GE4WUW	30
LPASA2293-22	GE4WUW	20
LPASA2294-22	GE4WUW	26
LPASA2295-22	GE4WUW	27
LPASA2296-22	GE4WUW	26
LPASA2297-22	GE4WUW	22
LPASA2298-22	GE4WUW	23
LPASA2299-22	GE4WUW	39
LPASA2300-22	GE4WUW	26
LPASA2301-22	GE4WUW	33
LPASA2302-22	GE4WUW	38
LPASA2303-22	GE4WUW	20
LPASA2304-22	GE4WUW	28
LPASA2305-22	GE4WUW	17
LPASA2306-22	GE4WUW	33
LPASA2307-22	GE4WUW	20
LPASA2308-22	GE4WUW	37
LPASA2309-22	GE4WUW	16
LPASA2310-22	GE4WUW	33
LPASA2311-22	GE4WUW	23
LPASA2312-22	GE4WUW	24
LPASA2313-22	GE4WUW	18
LPASA2314-22	GE4WUW	17
LPASA2315-22	GE4WUW	19
LPASA2316-22	GE4WUW	25
LPASA2317-22	GE4WUW	22
LPASA2318-22	GE4WUW	28
LPASA2319-22	GE4WUW	22
LPASA2320-22	GE4WUW	27
LPASA2321-22	GE4WUW	29
LPASA2322-22	GE4WUW	31
LPASA2323-22	GE4WUW	33
LPASA2324-22	GE4WUW	18
LPASA2325-22	GE4WUW	25
LPASA2326-22	GE4WUW	24
LPASA2327-22	GE4WUW	23
LPASA2328-22	GE4WUW	26
LPASA2329-22	GE4WUW	29
LPASA2330-22	GE4WUW	22
LPASA2331-22	GE4WUW	27
LPASA2332-22	GE4WUW	10
LPASA2333-22	GE4WUW	10
LPASA2334-22	GE4WUW	26
LPASA2335-22	GE4WUW	22
LPASA2336-22	GE4WUW	22
LPASA2337-22	GE4WUW	27
LPASA2338-22	GE4WUW	25
LPASA2339-22	GE4WUW	22
LPASA2340-22	GE4WUW	17
LPASA2341-22	GE4WUW	13
LPASA2342-22	GE4WUW	27
LPASA2343-22	GE4WUW	27
LPASA2344-22	GE4WUW	22
LPASA2345-22	GE4WUW	37
LPASA2346-22	GE4WUW	39
LPASA2347-22	GE4WUW	24
LPASA2348-22	GE4WUW	21
LPASA2349-22	GE4WUW	25
LPASA2350-22	GE4WUW	24
LPASA2351-22	GE4WUW	18
LPASA2352-22	GE4WUW	21
LPASA2353-22	GE4WUW	23
LPASA2354-22	GE4WUW	28
LPASA2355-22	GE4WUW	27
LPASA2356-22	GE4WUW	31
LPASA2357-22	GE4WUW	24
LPASA2358-22	GE4WUW	31
LPASA2359-22	GE4WUW	23
LPASA2360-22	GE4WUW	28
LPASA2361-22	GE4WUW	30
LPASA2362-22	GE4WUW	32
LPASA2363-22	GE4WUW	28
LPASA2364-22	GE4WUW	14
LPASA2365-22	GE4WUW	26
LPASA2366-22	GE4WUW	13
LPASA2367-22	GE4WUW	31
LPASA2368-22	GE4WUW	26
LPASA2369-22	GE4WUW	27
LPASA2370-22	GE4WUW	21
LPASA2371-22	GE4WUW	16
LPASA2372-22	GE4WUW	26
LPASA2373-22	GE4WUW	23
LPASA2374-22	GE4WUW	31
LPASA2375-22	GE4WUW	27
LPASA2376-22	GE4WUW	24
LPASA2377-22	GE4WUW	22
LPASA2378-22	GE4WUW	20
LPASA2379-22	GE4WUW	23
LPASA2380-22	GE4WUW	25
LPASA2381-22	GE4WUW	32
LPASA2382-22	GE4WUW	34
LPASA2383-22	GE4WUW	14
LPASA2384-22	GE4WUW	26
LPASA2385-22	GE4WUW	19
LPASA2386-22	GE4WUW	19
LPASA2387-22	GE4WUW	21
LPASA2388-22	GE4WUW	21
LPASA2389-22	GE4WUW	27
LPASA2390-22	GE4WUW	14
LPASA2391-22	GE4WUW	25
LPASA2392-22	GE4WUW	29
LPASA2393-22	GE4WUW	17
LPASA2394-22	GE4WUW	22
LPASA2395-22	GE4WUW	22
LPASA2396-22	GE4WUW	23
LPASA2397-22	GE4WUW	17
LPASA2398-22	GE4WUW	30
LPASA2399-22	GE4WUW	26
LPASA2400-22	GE4WUW	34
LPASA2401-22	GE4WUW	28
LPASA2402-22	GE4WUW	23
LPASA2403-22	GE4WUW	21
LPASA2404-22	GE4WUW	30
LPASA2405-22	GE4WUW	17
LPASA2406-22	GE4WUW	40
LPASA2407-22	GE4WUW	23
LPASA2408-22	GE4WUW	30
LPASA2409-22	GE4WUW	23
LPASA2410-22	GE4WUW	24
LPASA2411-22	GE4WUW	25
LPASA2412-22	GE4WUW	21
LPASA2413-22	GE4WUW	25
LPASA2414-22	GE4WUW	23
LPASA2415-22	GE4WUW	42
LPASA2416-22	GE4WUW	29
LPASA2417-22	GE4WUW	26
LPASA2418-22	GE4WUW	22
LPASA2419-22	GE4WUW	31
LPASA2420-22	GE4WUW	23
LPASA2421-22	GE4WUW	20
LPASA2422-22	GE4WUW	25
LPASA2423-22	GE4WUW	30
LPASA2424-22	GE4WUW	16
LPASA2425-22	GE4WUW	13
LPASA2426-22	GE4WUW	30
LPASA2427-22	GE4WUW	21
LPASA2428-22	GE4WUW	27
LPASA2429-22	GE4WUW	29
LPASA2430-22	GE4WUW	29
LPASA2431-22	GE4WUW	24
LPASA2432-22	GE4WUW	26
LPASA2433-22	GE4WUW	24
LPASA2434-22	GE4WUW	16
LPASA2435-22	GE4WUW	19
LPASA2436-22	GE4WUW	31
LPASA2437-22	GE4WUW	25
LPASA2438-22	GE4WUW	27
LPASA2439-22	GE4WUW	37
LPASA2440-22	GE4WUW	31
LPASA2441-22	GE4WUW	20
LPASA2442-22	GE4WUW	20
LPASA2443-22	GE4WUW	18
LPASA2444-22	GE4WUW	20
LPASA2445-22	GE4WUW	20
LPASA2446-22	GE4WUW	18
LPASA2447-22	GE4WUW	19
LPASA2448-22	GE4WUW	23
LPASA2449-22	GE4WUW	17
LPASA2450-22	GE4WUW	21
LPASA2451-22	GE4WUW	25
LPASA2452-22	GE4WUW	26
LPASA2453-22	GE4WUW	34
LPASA2454-22	GE4WUW	25
LPASA2455-22	GE4WUW	23
LPASA2456-22	GE4WUW	19
LPASA2457-22	GE4WUW	23
LPASA2458-22	GE4WUW	21
LPASA2459-22	GE4WUW	20
LPASA2460-22	GE4WUW	19
LPASA2461-22	GE4WUW	23
LPASA2462-22	GE4WUW	23
LPASA2463-22	GE4WUW	26
LPASA2464-22	GE4WUW	28
LPASA2465-22	GE4WUW	23
LPASA2466-22	GE4WUW	19
LPASA2467-22	GE4WUW	20
LPASA2468-22	GE4WUW	18
LPASA2469-22	GE4WUW	25
LPASA2470-22	GE4WUW	28
LPASA2471-22	GE4WUW	26
LPASA2472-22	GE4WUW	19
LPASA2473-22	GE4WUW	23
LPASA2474-22	GE4WUW	17
LPASA2475-22	GE4WUW	22
LPASA2476-22	GE4WUW	40
LPASA2477-22	GE4WUW	23
LPASA2478-22	GE4WUW	20
LPASA2479-22	GE4WUW	24
LPASA2480-22	GE4WUW	19
LPASA2481-22	GE4WUW	7
LPASA2482-22	GE4WUW	16
LPASA2483-22	GE4WUW	23
LPASA2484-22	GE4WUW	24
LPASA2485-22	GE4WUW	22
LPASA2486-22	GE4WUW	38
LPASA2487-22	GE4WUW	22
LPASA2488-22	GE4WUW	33
LPASA2489-22	GE4WUW	26
LPASA2490-22	GE4WUW	24
LPASA2491-22	GE4WUW	25
LPASA2492-22	GE4WUW	23
LPASA2493-22	GE4WUW	21
LPASA2494-22	GE4WUW	31
LPASA2495-22	GE4WUW	30
LPASA2496-22	GE4WUW	18
LPASA2497-22	GE4WUW	19
LPASA2498-22	GE4WUW	24
LPASA2499-22	GE4WUW	21
LPASA2500-22	GE4WUW	27
LPASA2501-22	GE4WUW	26
LPASA2502-22	GE4WUW	32
LPASA2503-22	GE4WUW	32
LPASA2504-22	GE4WUW	20
LPASA2505-22	GE4WUW	21
LPASA2506-22	GE4WUW	25
LPASA2507-22	GE4WUW	23
LPASA2508-22	GE4WUW	23
LPASA2509-22	GE4WUW	19
LPASA2510-22	GE4WUW	33
LPASA2511-22	GE4WUW	31
LPASA2512-22	GE4WUW	24
LPASA2513-22	GE4WUW	30
LPASA2514-22	GE4WUW	15
LPASA2515-22	GE4WUW	24
LPASA2516-22	GE4WUW	7
LPASA2517-22	GE4WUW	37
LPASA2518-22	GE4WUW	28
LPASA2519-22	GE4WUW	19
LPASA2520-22	GE4WUW	19
LPASA2521-22	GE4WUW	26
LPASA2522-22	GE4WUW	30
LPASA2523-22	GE4WUW	23
LPASA2524-22	GE4WUW	17
LPASA2525-22	GE4WUW	18
LPASA2526-22	GE4WUW	17
LPASA2527-22	GE4WUW	22
LPASA2528-22	GE4WUW	15
LPASA2529-22	GE4WUW	22
LPASA2530-22	GE4WUW	27
LPASA2531-22	GE4WUW	16
LPASA2532-22	GE4WUW	16
LPASA2533-22	GE4WUW	17
LPASA2534-22	GE4WUW	13
LPASA2535-22	GE4WUW	33
LPASA2536-22	GE4WUW	25
LPASA2537-22	GE4WUW	21
LPASA2538-22	GE4WUW	25
LPASA2539-22	GE4WUW	14
LPASA2540-22	GE4WUW	20
LPASA2541-22	GE4WUW	23
LPASA2542-22	GE4WUW	22
LPASA2543-22	GE4WUW	26
LPASA2544-22	GE4WUW	24
LPASA2545-22	GE4WUW	25
LPASA2546-22	GE4WUW	21
LPASA2547-22	GE4WUW	18
LPASA2548-22	GE4WUW	14
LPASA2549-22	GE4WUW	20
LPASA2550-22	GE4WUW	23
LPASA2551-22	GE4WUW	23
LPASA2552-22	GE4WUW	24
LPASA2553-22	GE4WUW	15
LPASA2554-22	GE4WUW	19
LPASA2555-22	GE4WUW	18
LPASA2556-22	GE4WUW	12
LPASA2557-22	GE4WUW	23
LPASA2558-22	GE4WUW	27
LPASA2559-22	GE4WUW	30
LPASA2560-22	GE4WUW	29
LPASA2561-22	GE4WUW	18
LPASA2562-22	GE4WUW	17
LPASA2563-22	GE4WUW	26
LPASA2564-22	GE4WUW	16
LPASA2565-22	GE4WUW	20
LPASA2566-22	GE4WUW	25
LPASA2567-22	GE4WUW	20
LPASA2568-22	GE4WUW	16
LPASA2569-22	GE4WUW	38
LPASA2570-22	GE4WUW	15
LPASA2571-22	GE4WUW	31
LPASA2572-22	GE4WUW	26
LPASA2573-22	GE4WUW	18
LPASA2574-22	GE4WUW	25
LPASA2575-22	GE4WUW	22
LPASA2576-22	GE4WUW	21
LPASA2577-22	GE4WUW	28
LPASA2578-22	GE4WUW	33
LPASA2579-22	GE4WUW	24
LPASA2580-22	GE4WUW	25
LPASA2581-22	GE4WUW	24
LPASA2582-22	GE4WUW	24
LPASA2583-22	GE4WUW	19
LPASA2584-22	GE4WUW	19
LPASA2585-22	GE4WUW	22
LPASA2586-22	GE4WUW	30
LPASA2587-22	GE4WUW	7
LPASA2588-22	GE4WUW	22
LPASA2589-22	GE4WUW	26
LPASA2590-22	GE4WUW	27
LPASA2591-22	GE4WUW	24
LPASA2592-22	GE4WUW	21
LPASA2593-22	GE4WUW	36
LPASA2594-22	GE4WUW	20
LPASA2595-22	GE4WUW	25
LPASA2596-22	GE4WUW	23
LPASA2597-22	GE4WUW	25
LPASA2598-22	GE4WUW	27
LPASA2599-22	GE4WUW	24
LPASA2600-22	GE4WUW	27
LPASA2601-22	GE4WUW	19
LPASA2602-22	GE4WUW	23
LPASA2603-22	GE4WUW	18
LPASA2604-22	GE4WUW	17
LPASA2605-22	GE4WUW	27
LPASA2606-22	GE4WUW	28
LPASA2607-22	GE4WUW	33
LPASA2608-22	GE4WUW	20
LPASA2609-22	GE4WUW	36
LPASA2610-22	GE4WUW	36
LPASA2611-22	GE4WUW	26
LPASA2612-22	GE4WUW	33
LPASA2613-22	GE4WUW	42
LPASA2614-22	GE4WUW	31
LPASA2615-22	GE4WUW	16
LPASA2616-22	GE4WUW	28
LPASA2617-22	GE4WUW	10
LPASA2618-22	GE4WUW	7
LPASA2619-22	GE4WUW	25
LPASA2620-22	GE4WUW	37
LPASA2621-22	GE4WUW	33
LPASA2622-22	GE4WUW	14
LPASA2623-22	GE4WUW	34
LPASA2624-22	GE4WUW	24
LPASA2625-22	GE4WUW	29
LPASA2626-22	GE4WUW	33
LPASA2627-22	GE4WUW	20
LPASA2628-22	GE4WUW	35
LPASA2629-22	GE4WUW	33
LPASA2630-22	GE4WUW	12
LPASA2631-22	GE4WUW	42
LPASA2632-22	GE4WUW	11
LPASA2633-22	GE4WUW	18
LPASA2634-22	GE4WUW	10
LPASA2635-22	GE4WUW	34
LPASA2636-22	GE4WUW	41
LPASA2637-22	GE4WUW	12
LPASA2638-22	GE4WUW	27
LPASA2639-22	GE4WUW	28
LPASA2640-22	GE4WUW	24
LPASA2641-22	GE4WUW	27
LPASA2642-22	GE4WUW	30
LPASA2643-22	GE4WUW	15
LPASA2644-22	GE4WUW	14
LPASA2645-22	GE4WUW	32
LPASA2646-22	GE4WUW	25
LPASA2647-22	GE4WUW	19
LPASA2648-22	GE4WUW	40
LPASA2649-22	GE4WUW	27
LPASA2650-22	GE4WUW	5
LPASA2651-22	GE4WUW	31
LPASA2652-22	GE4WUW	26
LPASA2653-22	GE4WUW	11
LPASA2654-22	GE4WUW	21
LPASA2656-22	GE4WUW	17
LPASA2657-22	GE4WUW	32
LPASA2658-22	GE4WUW	11
LPASA2659-22	GE4WUW	22
LPASA2660-22	GE4WUW	33
LPASA2661-22	GE4WUW	26
LPASA2662-22	GE4WUW	36
LPASA2663-22	GE4WUW	6
LPASA2664-22	GE4WUW	20
LPASA2665-22	GE4WUW	17
LPASA2666-22	GE4WUW	16
LPASA2667-22	GE4WUW	13
LPASA2668-22	GE4WUW	26
LPASA2669-22	GE4WUW	27
LPASA2670-22	GE4WUW	28
LPASA2671-22	GE4WUW	12
LPASA2672-22	GE4WUW	28
LPASA2673-22	GE4WUW	22
LPASA2674-22	GE4WUW	10
LPASA2675-22	GE4WUW	21
LPASA2676-22	GE4WUW	22
LPASA2677-22	GE4WUW	25
LPASA2678-22	GE4WUW	26
LPASA2679-22	GE4WUW	19
LPASA2680-22	GE4WUW	13
LPASA2681-22	GE4WUW	19
LPASA2682-22	GE4WUW	28
LPASA2683-22	GE4WUW	30
LPASA2684-22	GE4WUW	25
LPASA2685-22	GE4WUW	23
LPASA2686-22	GE4WUW	23
LPASA2687-22	GE4WUW	18
LPASA2688-22	GE4WUW	12
LPASA2689-22	GE4WUW	7
LPASA2690-22	GE4WUW	28
LPASA2691-22	GE4WUW	12
LPASA2692-22	GE4WUW	26
LPASA2693-22	GE4WUW	27
LPASA2694-22	GE4WUW	28
LPASA2695-22	GE4WUW	29
LPASA2696-22	GE4WUW	13
LPASA2697-22	GE4WUW	9
LPASA2698-22	GE4WUW	10
LPASA2699-22	GE4WUW	10
LPASA2700-22	GE4WUW	7
LPASA2701-22	GE4WUW	29
LPASA2702-22	GE4WUW	22
LPASA2703-22	GE4WUW	29
LPASA2704-22	GE4WUW	28
LPASA2705-22	GE4WUW	18
LPASA2706-22	GE4WUW	15
LPASA2707-22	GE4WUW	29
LPASA2708-22	GE4WUW	25
LPASA2709-22	GE4WUW	17
LPASA2710-22	GE4WUW	22
LPASA2711-22	GE4WUW	18
LPASA2712-22	GE4WUW	22
LPASA2713-22	GE4WUW	27
LPASA2714-22	GE4WUW	21
LPASA2715-22	GE4WUW	16
LPASA2716-22	GE4WUW	6
LPASA2717-22	GE4WUW	22
LPASA2718-22	GE4WUW	24
LPASA2719-22	GE4WUW	24
LPASA2720-22	GE4WUW	19
LPASA2721-22	GE4WUW	24
LPASA2722-22	GE4WUW	21
LPASA2723-22	GE4WUW	20
LPASA2724-22	GE4WUW	19
LPASA2725-22	GE4WUW	25
LPASA2726-22	GE4WUW	10
LPASA2727-22	GE4WUW	23
LPASA2728-22	GE4WUW	23
LPASA2729-22	GE4WUW	30
LPASA2730-22	GE4WUW	30
LPASA2731-22	GE4WUW	15
LPASA2732-22	GE4WUW	16
LPASA2733-22	GE4WUW	24
LPASA2734-22	GE4WUW	22
LPASA2735-22	GE4WUW	21
LPASA2736-22	GE4WUW	14
LPASA2737-22	GE4WUW	20
LPASA2738-22	GE4WUW	14
LPASA2739-22	GE4WUW	18
LPASA2740-22	GE4WUW	14
LPASA2741-22	GE4WUW	27
LPASA2742-22	GE4WUW	16
LPASA2743-22	GE4WUW	19
LPASA2744-22	GE4WUW	17
LPASA2745-22	GE4WUW	25
LPASA2746-22	GE4WUW	26
LPASA2747-22	GE4WUW	26
LPASA2748-22	GE4WUW	22
LPASA2749-22	GE4WUW	26
LPASA2750-22	GE4WUW	23
LPASA2751-22	GE4WUW	21
LPASA2752-22	GE4WUW	23
LPASA2753-22	GE4WUW	18
LPASA2754-22	GE4WUW	22
LPASA2755-22	GE4WUW	20
LPASA2756-22	GE4WUW	27
LPASA2757-22	GE4WUW	27
LPASA2758-22	GE4WUW	26
LPASA2759-22	GE4WUW	23
LPASA2760-22	GE4WUW	25
LPASA2761-22	GE4WUW	28
LPASA2762-22	GE4WUW	27
LPASA2763-22	GE4WUW	18
LPASA2764-22	GE4WUW	21
LPASA2765-22	GE4WUW	32
LPASA2766-22	GE4WUW	25
LPASA2767-22	GE4WUW	26
LPASA2768-22	GE4WUW	28
LPASA2769-22	GE4WUW	27
LPASA2770-22	GE4WUW	20
LPASA2771-22	GE4WUW	22
LPASA2772-22	GE4WUW	22
LPASA2773-22	GE4WUW	32
LPASA2774-22	GE4WUW	25
LPASA2775-22	GE4WUW	26
LPASA2776-22	GE4WUW	27
LPASA2777-22	GE4WUW	20
LPASA2778-22	GE4WUW	13
LPASA2779-22	GE4WUW	23
LPASA2780-22	GE4WUW	17
LPASA2781-22	GE4WUW	24
LPASA2782-22	GE4WUW	27
LPASA2783-22	GE4WUW	25
LPASA2784-22	GE4WUW	22
LPASA2785-22	GE4WUW	29
LPASA2786-22	GE4WUW	24
LPASA2787-22	GE4WUW	24
LPASA2788-22	GE4WUW	18
LPASA2789-22	GE4WUW	20
LPASA2790-22	GE4WUW	23
LPASA2791-22	GE4WUW	10
LPASA2792-22	GE4WUW	23
LPASA2793-22	GE4WUW	13
LPASA2794-22	GE4WUW	26
LPASA2795-22	GE4WUW	22
LPASA2796-22	GE4WUW	28
LPASA2797-22	GE4WUW	30
LPASA2798-22	GE4WUW	30
LPASA2799-22	GE4WUW	22
LPASA2800-22	GE4WUW	26
LPASA2801-22	GE4WUW	24
LPASA2802-22	GE4WUW	15
LPASA2803-22	GE4WUW	25
LPASA2804-22	GE4WUW	8
LPASA2805-22	GE4WUW	21
LPASA2807-22	GE4WUW	12
LPASA2808-22	GE4WUW	8
LPASA2809-22	GE4WUW	8
LPASA2810-22	GE4WUW	9
LPASA2811-22	GE4WUW	22
LPASA2812-22	GE4WUW	14
LPASA2813-22	GE4WUW	12
LPASA2814-22	GE4WUW	30
LPASA2815-22	GE4WUW	22
LPASA2816-22	GE4WUW	26
LPASA2817-22	GE4WUW	20
LPASA2818-22	GE4WUW	16
LPASA2819-22	GE4WUW	22
LPASA2820-22	GE4WUW	14
LPASA2821-22	GE4WUW	9
LPASA2822-22	GE4WUW	12
LPASA2823-22	GE4WUW	14
LPASA2824-22	GE4WUW	25
LPASA2825-22	GE4WUW	28
LPASA2826-22	GE4WUW	9
LPASA2827-22	GE4WUW	20
LPASA2828-22	GE4WUW	17
LPASA2829-22	GE4WUW	12
LPASA2830-22	GE4WUW	7
LPASA2831-22	GE4WUW	11
LPASA2832-22	GE4WUW	26
LPASA2833-22	GE4WUW	13
LPASA2834-22	GE4WUW	9
LPASA2835-22	GE4WUW	5
LPASA2836-22	GE4WUW	13
LPASA2837-22	GE4WUW	16
LPASA2838-22	GE4WUW	20
LPASA2839-22	GE4WUW	12
LPASA2840-22	GE4WUW	12
LPASA2841-22	GE4WUW	22
LPASA2842-22	GE4WUW	9
LPASA2843-22	GE4WUW	5
LPASA2844-22	GE4WUW	31
LPASA2845-22	GE4WUW	14
LPASA2846-22	GE4WUW	20
LPASA2847-22	GE4WUW	6
LPASA2848-22	GE4WUW	9
LPASA2849-22	GE4WUW	16
LPASA2850-22	GE4WUW	19
LPASA2851-22	GE4WUW	25
LPASA2852-22	GE4WUW	16
LPASA2853-22	GE4WUW	7
LPASA2854-22	GE4WUW	14
LPASA2855-22	GE4WUW	9
LPASA2856-22	GE4WUW	18
LPASA2857-22	GE4WUW	22
LPASA2858-22	GE4WUW	18
LPASA2859-22	GE4WUW	17
LPASA2860-22	GE4WUW	11
LPASA2861-22	GE4WUW	17
LPASA2862-22	GE4WUW	16
LPASA2863-22	GE4WUW	6
LPASA2864-22	GE4WUW	10
LPASA2865-22	GE4WUW	6
LPASA2866-22	GE4WUW	6
LPASA2867-22	GE4WUW	24
LPASA2868-22	GE4WUW	11
LPASA2869-22	GE4WUW	6
LPASA2870-22	GE4WUW	16
LPASA2871-22	GE4WUW	14
LPASA2872-22	GE4WUW	25
LPASA2873-22	GE4WUW	16
LPASA2874-22	GE4WUW	21
LPASA2875-22	GE4WUW	16
LPASA2876-22	GE4WUW	19
LPASA2877-22	GE4WUW	22
LPASA2878-22	GE4WUW	19
LPASA2879-22	GE4WUW	12
LPASA2880-22	GE4WUW	26
LPASA2881-22	GE4WUW	7
LPASA2882-22	GE4WUW	15
LPASA2883-22	GE4WUW	14
LPASA2884-22	GE4WUW	20
LPASA2885-22	GE4WUW	14
LPASA2886-22	GE4WUW	12
LPASA2887-22	GE4WUW	17
LPASA2888-22	GE4WUW	11
LPASA2889-22	GE4WUW	5
LPASA2890-22	GE4WUW	13
LPASA2891-22	GE4WUW	9
LPASA2892-22	GE4WUW	12
LPASA2893-22	GE4WUW	37
LPASA2894-22	GE4WUW	23
LPASA2895-22	GE4WUW	23
LPASA2896-22	GE4WUW	12
LPASA2897-22	GE4WUW	22
LPASA2898-22	GE4WUW	31
LPASA2899-22	GE4WUW	15
LPASA2900-22	GE4WUW	24
LPASA2901-22	GE4WUW	19
LPASA2902-22	GE4WUW	32
LPASA2903-22	GE4WUW	32
LPASA2904-22	GE4WUW	17
LPASA2905-22	GE4WUW	25
LPASA2906-22	GE4WUW	20
LPASA2907-22	GE4WUW	21
LPASA2908-22	GE4WUW	18
LPASA2909-22	GE4WUW	32
LPASA2910-22	GE4WUW	20
LPASA2911-22	GE4WUW	31
LPASA2912-22	GE4WUW	29
LPASA2913-22	GE4WUW	18
LPASA2914-22	GE4WUW	20
LPASA2915-22	GE4WUW	27
LPASA2916-22	GE4WUW	32
LPASA2917-22	GE4WUW	11
LPASA2918-22	GE4WUW	15
LPASA2919-22	GE4WUW	9
LPASA2920-22	GE4WUW	10
LPASA2921-22	GE4WUW	9
LPASA2922-22	GE4WUW	23
LPASA2923-22	GE4WUW	11
LPASA2924-22	GE4WUW	5
LPASA2925-22	GE4WUW	20
LPASA2926-22	GE4WUW	32
LPASA2927-22	GE4WUW	20
LPASA2928-22	GE4WUW	19
LPASA2929-22	GE4WUW	15
LPASA2930-22	GE4WUW	24
LPASA2931-22	GE4WUW	19
LPASA2932-22	GE4WUW	22
LPASA2933-22	GE4WUW	21
LPASA2934-22	GE4WUW	28
LPASA2935-22	GE4WUW	19
LPASA2936-22	GE4WUW	13
LPASA2937-22	GE4WUW	32
LPASA2938-22	GE4WUW	14
LPASA2939-22	GE4WUW	28
LPASA2940-22	GE4WUW	24
LPASA2941-22	GE4WUW	20
LPASA2942-22	GE4WUW	22
LPASA2943-22	GE4WUW	18
LPASA2944-22	GE4WUW	25
LPASA2945-22	GE4WUW	21
LPASA2946-22	GE4WUW	27
LPASA2947-22	GE4WUW	17
LPASA2948-22	GE4WUW	20
LPASA2949-22	GE4WUW	18
LPASA2950-22	GE4WUW	22
LPASA2951-22	GE4WUW	19
LPASA2952-22	GE4WUW	19
LPASA2953-22	GE4WUW	16
LPASA2954-22	GE4WUW	28
LPASA2955-22	GE4WUW	8
LPASA2956-22	GE4WUW	14
LPASA2957-22	GE4WUW	30
LPASA2958-22	GE4WUW	30
LPASA2959-22	GE4WUW	19
LPASA2960-22	GE4WUW	19
LPASA2961-22	GE4WUW	22
LPASA2962-22	GE4WUW	28
LPASA2963-22	GE4WUW	23
LPASA2964-22	GE4WUW	11
LPASA2965-22	GE4WUW	25
LPASA2966-22	GE4WUW	28
LPASA2967-22	GE4WUW	25
LPASA2968-22	GE4WUW	12
LPASA2969-22	GE4WUW	27
LPASA2970-22	GE4WUW	23
LPASA2971-22	GE4WUW	17
LPASA2972-22	GE4WUW	23
LPASA2973-22	GE4WUW	23
LPASA2974-22	GE4WUW	12
LPASA2975-22	GE4WUW	15
LPASA2976-22	GE4WUW	17
LPASA2977-22	GE4WUW	23
LPASA2978-22	GE4WUW	28
LPASA2979-22	GE4WUW	19
LPASA2980-22	GE4WUW	18
LPASA2981-22	GE4WUW	8
LPASA2982-22	GE4WUW	31
LPASA2983-22	GE4WUW	23
LPASA2984-22	GE4WUW	18
LPASA2985-22	GE4WUW	17
LPASA2986-22	GE4WUW	23
LPASA2988-22	GE4WUW	3
LPASA2989-22	GE4WUW	5
LPASA2990-22	GE4WUW	5
LPASA2991-22	GE4WUW	8
LPASA2993-22	GE4WUW	5
LPASA2994-22	GE4WUW	4
LPASA2995-22	GE4WUW	3
LPASA2996-22	GE4WUW	5
LPASA2997-22	GE4WUW	6
LPASA2998-22	GE4WUW	7
LPASA2999-22	GE4WUW	1
LPASA3000-22	GE4WUW	4
LPASA3001-22	GE4WUW	5
LPASA3002-22	GE4WUW	2
LPASA3003-22	GE4WUW	5
LPASA3004-22	GE4WUW	4
LPASA3005-22	GE4WUW	5
LPASA3006-22	GE4WUW	1
LPASA3007-22	GE4WUW	3
LPASA3008-22	GE4WUW	7
LPASA3009-22	GE4WUW	3
LPASA3010-22	GE4WUW	2
LPASA3011-22	GE4WUW	4
LPASA3012-22	GE4WUW	2
LPASA3013-22	GE4WUW	1
LPASA3014-22	GE4WUW	8
LPASA3015-22	GE4WUW	4
LPASA3016-22	GE4WUW	2
LPASA3017-22	GE4WUW	5
LPASA3018-22	GE4WUW	2
LPASA3019-22	GE4WUW	1
LPASA3020-22	GE4WUW	4
LPASA3021-22	GE4WUW	3
LPASA3022-22	GE4WUW	4
LPASA3023-22	GE4WUW	3
LPASA3024-22	GE4WUW	3
LPASA3026-22	GE4WUW	4
LPASA3027-22	GE4WUW	2
LPASA3028-22	GE4WUW	3
LPASA3030-22	GE4WUW	5
LPASA3031-22	GE4WUW	3
LPASA3032-22	GE4WUW	1
LPASA3033-22	GE4WUW	5
LPASA3034-22	GE4WUW	7
LPASA3035-22	GE4WUW	1
LPASA3036-22	GE4WUW	6
LPASA3037-22	GE4WUW	6
LPASA3038-22	GE4WUW	2
LPASA3039-22	GE4WUW	7
LPASA3040-22	GE4WUW	2
LPASA3041-22	GE4WUW	3
LPASA3042-22	GE4WUW	7
LPASA3043-22	GE4WUW	2
LPASA3044-22	GE4WUW	5
LPASA3045-22	GE4WUW	3
LPASA3047-22	GE4WUW	4
LPASA3048-22	GE4WUW	5
LPASA3049-22	GE4WUW	5
LPASA3050-22	GE4WUW	1
LPASA3051-22	GE4WUW	3
LPASA3052-22	GE4WUW	3
LPASA3053-22	GE4WUW	3
LPASA3055-22	GE4WUW	2
LPASA3056-22	GE4WUW	5
LPASA3057-22	GE4WUW	10
LPASA3058-22	GE4WUW	1
LPASA3059-22	GE4WUW	4
LPASA3061-22	GE4WUW	1
LPASA3062-22	GE4WUW	2
LPASA3063-22	GE4WUW	3
LPASA3064-22	GE4WUW	4
LPASA3065-22	GE4WUW	5
LPASA3066-22	GE4WUW	4
LPASA3067-22	GE4WUW	18
LPASA3068-22	GE4WUW	6
LPASA3069-22	GE4WUW	10
LPASA3070-22	GE4WUW	7
LPASA3071-22	GE4WUW	1
LPASA3072-22	GE4WUW	7
LPASA3073-22	GE4WUW	6
LPASA3074-22	GE4WUW	3
LPASA3075-22	GE4WUW	5
LPASA3076-22	GE4WUW	5
LPASA3077-22	GE4WUW	5
LPASA3078-22	GE4WUW	6
LPASA3079-22	GE4WUW	2
LPASA3080-22	GE4WUW	5
LPASA3081-22	GE4WUW	9
LPASA3082-22	GE4WUW	3
LPASA3083-22	GE4WUW	10
LPASA3084-22	GE4WUW	2
LPASA3085-22	GE4WUW	6
LPASA3086-22	GE4WUW	6
LPASA3087-22	GE4WUW	3
LPASA3088-22	GE4WUW	7
LPASA3090-22	GE4WUW	6
LPASA3091-22	GE4WUW	2
LPASA3092-22	GE4WUW	7
LPASA3093-22	GE4WUW	3
LPASA3095-22	GE4WUW	3
LPASA3096-22	GE4WUW	9
LPASA3097-22	GE4WUW	2
LPASA3098-22	GE4WUW	2
LPASA3099-22	GE4WUW	2
LPASA3100-22	GE4WUW	1
LPASA3101-22	GE4WUW	5
LPASA3102-22	GE4WUW	2
LPASA3103-22	GE4WUW	3
LPASA3104-22	GE4WUW	5
LPASA3107-22	GE4WUW	4
LPASA3108-22	GE4WUW	4
LPASA3109-22	GE4WUW	6
LPASA3110-22	GE4WUW	6
LPASA3111-22	GE4WUW	5
LPASA3112-22	GE4WUW	6
LPASA3113-22	GE4WUW	5
LPASA3114-22	GE4WUW	7
LPASA3115-22	GE4WUW	9
LPASA3116-22	GE4WUW	4
LPASA3117-22	GE4WUW	6
LPASA3119-22	GE4WUW	7
LPASA3120-22	GE4WUW	2
LPASA3122-22	GE4WUW	9
LPASA3123-22	GE4WUW	4
LPASA3124-22	GE4WUW	11
LPASA3125-22	GE4WUW	3
LPASA3126-22	GE4WUW	8
LPASA3127-22	GE4WUW	5
LPASA3128-22	GE4WUW	2
LPASA3129-22	GE4WUW	6
LPASA3130-22	GE4WUW	6
LPASA3131-22	GE4WUW	5
LPASA3132-22	GE4WUW	5
LPASA3133-22	GE4WUW	4
LPASA3134-22	GE4WUW	2
LPASA3135-22	GE4WUW	7
LPASA3137-22	GE4WUW	6
LPASA3138-22	GE4WUW	4
LPASA3139-22	GE4WUW	6
LPASA3140-22	GE4WUW	3
LPASA3141-22	GE4WUW	7
LPASA3142-22	GE4WUW	5
LPASA3143-22	GE4WUW	7
LPASA3144-22	GE4WUW	5
LPASA3145-22	GE4WUW	8
LPASA3146-22	GE4WUW	4
LPASA3147-22	GE4WUW	6
LPASA3148-22	GE4WUW	3
LPASA3149-22	GE4WUW	1
LPASA3150-22	GE4WUW	3
LPASA3151-22	GE4WUW	3
LPASA3152-22	GE4WUW	7
LPASA3153-22	GE4WUW	7
LPASA3155-22	GE4WUW	7
LPASA3156-22	GE4WUW	8
LPASA3158-22	GE4WUW	6
LPASA3159-22	GE4WUW	7
LPASA3160-22	GE4WUW	8
LPASA3161-22	GE4WUW	6
LPASA3162-22	GE4WUW	6
LPASA3163-22	GE4WUW	6
LPASA3164-22	GE4WUW	4
LPASA3165-22	GE4WUW	9
LPASA3166-22	GE4WUW	3
LPASA3168-22	GE4WUW	6
LPASA3169-22	GE4WUW	6
LPASA3171-22	GE4WUW	4
LPASA3172-22	GE4WUW	10
LPASA3173-22	GE4WUW	10
LPASA3175-22	GE4WUW	4
LPASA3176-22	GE4WUW	7
LPASA3179-22	GE4WUW	5
LPASA3180-22	GE4WUW	3
LPASA3182-22	GE4WUW	1
LPASA3184-22	GE4WUW	7
LPASA3185-22	GE4WUW	7
LPASA3186-22	GE4WUW	5
LPASA3187-22	GE4WUW	4
LPASA3188-22	GE4WUW	4
LPASA3189-22	GE4WUW	5
LPASA3190-22	GE4WUW	3
LPASA3191-22	GE4WUW	2
LPASA3192-22	GE4WUW	3
LPASA3193-22	GE4WUW	2
LPASA3194-22	GE4WUW	2
LPASA3196-22	GE4WUW	3
LPASA3197-22	GE4WUW	2
LPASA3198-22	GE4WUW	4
LPASA3200-22	GE4WUW	1
LPASA3201-22	GE4WUW	4
LPASA3202-22	GE4WUW	5
LPASA3203-22	GE4WUW	4
LPASA3204-22	GE4WUW	4
LPASA3205-22	GE4WUW	6
LPASA3206-22	GE4WUW	7
LPASA3207-22	GE4WUW	7
LPASA3209-22	GE4WUW	4
LPASA3210-22	GE4WUW	5
LPASA3211-22	GE4WUW	10
LPASA3212-22	GE4WUW	6
LPASA3213-22	GE4WUW	1
LPASA3215-22	GE4WUW	7
LPASA3217-22	GE4WUW	4
LPASA3220-22	GE4WUW	6
LPASA3222-22	GE4WUW	1
LPASA3223-22	GE4WUW	3
LPASA3224-22	GE4WUW	1
LPASA3225-22	GE4WUW	1
LPASA3226-22	GE4WUW	16
LPASA3227-22	GE4WUW	5
LPASA3228-22	GE4WUW	8
LPASA3229-22	GE4WUW	2
LPASA3230-22	GE4WUW	3
LPASA3231-22	GE4WUW	1
LPASA3232-22	GE4WUW	1
LPASA3234-22	GE4WUW	5
LPASA3235-22	GE4WUW	2
LPASA3236-22	GE4WUW	3
LPASA3237-22	GE4WUW	1
LPASA3239-22	GE4WUW	7
LPASA3240-22	GE4WUW	4
LPASA3242-22	GE4WUW	10
LPASA3243-22	GE4WUW	11
LPASA3244-22	GE4WUW	2
LPASA3245-22	GE4WUW	5
LPASA3246-22	GE4WUW	4
LPASA3247-22	GE4WUW	5
LPASA3248-22	GE4WUW	6
LPASA3249-22	GE4WUW	9
LPASA3250-22	GE4WUW	3
LPASA3251-22	GE4WUW	13
LPASA3252-22	GE4WUW	4
LPASA3253-22	GE4WUW	4
LPASA3254-22	GE4WUW	8
LPASA3255-22	GE4WUW	7
LPASA3256-22	GE4WUW	6
LPASA3257-22	GE4WUW	4
LPASA3258-22	GE4WUW	5
LPASA3259-22	GE4WUW	2
LPASA3260-22	GE4WUW	6
LPASA3261-22	GE4WUW	6
LPASA3262-22	GE4WUW	5
LPASA3263-22	GE4WUW	3
LPASA3264-22	GE4WUW	4
LPASA3265-22	GE4WUW	2
LPASA3266-22	GE4WUW	12
LPASA3267-22	GE4WUW	4
LPASA3268-22	GE4WUW	2
LPASA3269-22	GE4WUW	7
LPASA3271-22	GE4WUW	1
LPASA3272-22	GE4WUW	20
LPASA3273-22	GE4WUW	8
LPASA3274-22	GE4WUW	16
LPASA3275-22	GE4WUW	8
LPASA3276-22	GE4WUW	14
LPASA3277-22	GE4WUW	10
LPASA3278-22	GE4WUW	6
LPASA3279-22	GE4WUW	9
LPASA3280-22	GE4WUW	16
LPASA3281-22	GE4WUW	17
LPASA3282-22	GE4WUW	4
LPASA3283-22	GE4WUW	22
LPASA3284-22	GE4WUW	21
LPASA3285-22	GE4WUW	18
LPASA3286-22	GE4WUW	6
LPASA3287-22	GE4WUW	6
LPASA3288-22	GE4WUW	3
LPASA3289-22	GE4WUW	12
LPASA3290-22	GE4WUW	8
LPASA3292-22	GE4WUW	9
LPASA3293-22	GE4WUW	6
LPASA3295-22	GE4WUW	3
LPASA3296-22	GE4WUW	1
LPASA3297-22	GE4WUW	2
LPASA3298-22	GE4WUW	7
LPASA3299-22	GE4WUW	4
LPASA3301-22	GE4WUW	1
LPASA3303-22	GE4WUW	6
LPASA3304-22	GE4WUW	4
LPASA3305-22	GE4WUW	6
LPASA3306-22	GE4WUW	5
LPASA3307-22	GE4WUW	4
LPASA3310-22	GE4WUW	5
LPASA3311-22	GE4WUW	4
LPASA3313-22	GE4WUW	3
LPASA3314-22	GE4WUW	9
LPASA3315-22	GE4WUW	3
LPASA3316-22	GE4WUW	1
LPASA3317-22	GE4WUW	5
LPASA3318-22	GE4WUW	3
LPASA3319-22	GE4WUW	5
LPASA3321-22	GE4WUW	3
LPASA3323-22	GE4WUW	2
LPASA3324-22	GE4WUW	2
LPASA3325-22	GE4WUW	4
LPASA3326-22	GE4WUW	5
LPASA3327-22	GE4WUW	3
LPASA3328-22	GE4WUW	6
LPASA3330-22	GE4WUW	1
LPASA3331-22	GE4WUW	2
LPASA3332-22	GE4WUW	4
LPASA3333-22	GE4WUW	8
LPASA3334-22	GE4WUW	4
LPASA3335-22	GE4WUW	1
LPASA3336-22	GE4WUW	1
LPASA3338-22	GE4WUW	2
LPASA3339-22	GE4WUW	3
LPASA3340-22	GE4WUW	2
LPASA3341-22	GE4WUW	3
LPASA3342-22	GE4WUW	4
LPASA3343-22	GE4WUW	1
LPASA3344-22	GE4WUW	1
LPASA3345-22	GE4WUW	2
LPASA3346-22	GE4WUW	5
LPASA3347-22	GE4WUW	5
LPASA3348-22	GE4WUW	10
LPASA3350-22	GE4WUW	5
LPASA3351-22	GE4WUW	5
LPASA3352-22	GE4WUW	5
LPASA3354-22	GE4WUW	1
LPASA3355-22	GE4WUW	1
LPASA3357-22	GE4WUW	5
LPASA3358-22	GE4WUW	1
LPASA3359-22	GE4WUW	2
LPASA3360-22	GE4WUW	2
LPASA3362-22	GE4WUW	8
LPASA3363-22	GE4WUW	8
LPASA3364-22	GE4WUW	2
LPASA3366-22	GE4WUW	3
LPASA3367-22	GE4WUW	4
LPASA3368-22	GE4WUW	18
LPASA3369-22	GE4WUW	3
LPASA3370-22	GE4WUW	3
LPASA3371-22	GE4WUW	8
LPASA3372-22	GE4WUW	7
LPASA3373-22	GE4WUW	5
LPASA3374-22	GE4WUW	4
LPASA3375-22	GE4WUW	3
LPASA3376-22	GE4WUW	6
LPASA3377-22	GE4WUW	6
LPASA3378-22	GE4WUW	4
LPASA3379-22	GE4WUW	5
LPASA3380-22	GE4WUW	11
LPASA3382-22	GE4WUW	3
LPASA3383-22	GE4WUW	3
LPASA3384-22	GE4WUW	4
LPASA3385-22	GE4WUW	1
LPASA3386-22	GE4WUW	5
LPASA3387-22	GE4WUW	2
LPASA3388-22	GE4WUW	2
LPASA3389-22	GE4WUW	2
LPASA3390-22	GE4WUW	4
LPASA3391-22	GE4WUW	2
LPASA3392-22	GE4WUW	3
LPASA3393-22	GE4WUW	5
LPASA3394-22	GE4WUW	2
LPASA3396-22	GE4WUW	8
LPASA3397-22	GE4WUW	18
LPASA3398-22	GE4WUW	3
LPASA3399-22	GE4WUW	3
LPASA3400-22	GE4WUW	3
LPASA517-22	G9FAFS	16
LPASA518-22	G9FAFS	13
LPASA519-22	G9FAFS	13
LPASA520-22	G9FAFS	12
LPASA521-22	G9FAFS	7
LPASA522-22	G9FAFS	12
LPASA523-22	G9FAFS	22
LPASA524-22	G9FAFS	12
LPASA525-22	G9FAFS	10
LPASA526-22	G9FAFS	13
LPASA527-22	G9FAFS	26
LPASA528-22	G9FAFS	11
LPASA529-22	G9FAFS	19
LPASA531-22	G9FAFS	15
LPASA532-22	G9FAFS	13
LPASA533-22	G9FAFS	11
LPASA534-22	G9FAFS	24
LPASA535-22	G9FAFS	9
LPASA536-22	G9FAFS	14
LPASA537-22	G9FAFS	14
LPASA538-22	G9FAFS	11
LPASA539-22	G9FAFS	10
LPASA540-22	G9FAFS	10
LPASA541-22	G9FAFS	12
LPASA542-22	G9FAFS	12
LPASA543-22	G9FAFS	2
LPASA544-22	G9FAFS	14
LPASA545-22	G9FAFS	15
LPASA546-22	G9FAFS	15
LPASA547-22	G9FAFS	9
LPASA548-22	G9FAFS	14
LPASA549-22	G9FAFS	21
LPASA550-22	G9FAFS	14
LPASA551-22	G9FAFS	11
LPASA552-22	G9FAFS	23
LPASA553-22	G9FAFS	17
LPASA554-22	G9FAFS	14
LPASA555-22	G9FAFS	11
LPASA557-22	G9FAFS	11
LPASA558-22	G9FAFS	5
LPASA559-22	G9FAFS	9
LPASA560-22	G9FAFS	9
LPASA561-22	G9FAFS	10
LPASA562-22	G9FAFS	14
LPASA563-22	G9FAFS	9
LPASA564-22	G9FAFS	18
LPASA565-22	G9FAFS	9
LPASA566-22	G9FAFS	18
LPASA567-22	G9FAFS	13
LPASA568-22	G9FAFS	28
LPASA569-22	G9FAFS	12
LPASA570-22	G9FAFS	14
LPASA571-22	G9FAFS	4
LPASA572-22	G9FAFS	16
LPASA573-22	G9FAFS	8
LPASA574-22	G9FAFS	13
LPASA575-22	G9FAFS	15
LPASA576-22	G9FAFS	19
LPASA577-22	G9FAFS	12
LPASA578-22	G9FAFS	4
LPASA579-22	G9FAFS	4
LPASA580-22	G9FAFS	9
LPASA581-22	G9FAFS	10
LPASA582-22	G9FAFS	10
LPASA583-22	G9FAFS	15
LPASA584-22	G9FAFS	11
LPASA585-22	G9FAFS	9
LPASA586-22	G9FAFS	19
LPASA587-22	G9FAFS	13
LPASA588-22	G9FAFS	23
LPASA589-22	G9FAFS	18
LPASA590-22	G9FAFS	11
LPASA591-22	G9FAFS	24
LPASA592-22	G9FAFS	23
LPASA593-22	G9FAFS	8
LPASA594-22	G9FAFS	18
LPASA595-22	G9FAFS	19
LPASA596-22	G9FAFS	15
LPASA598-22	G9FAFS	16
LPASA599-22	G9FAFS	29
LPASA600-22	G9FAFS	10
LPASA601-22	G9FAFS	21
LPASA603-22	G9FAFS	16
LPASA604-22	G9FAFS	11
LPASA605-22	G9FAFS	13
LPASA606-22	G9FAFS	15
LPASA607-22	G9FAFS	8
LPASA608-22	G9FAFS	16
LPASA609-22	G9FAFS	18
LPASA610-22	G9FAFS	20
LPASA611-22	G9FAFS	16
LPASA612-22	G9FAFS	20
LPASA613-22	G9FAFS	16
LPASA614-22	G9FAFS	14
LPASA615-22	G9FAFS	14
LPASA616-22	G9FAFS	4
LPASA617-22	G9FAFS	13
LPASA618-22	G9FAFS	13
LPASA619-22	G9FAFS	11
LPASA620-22	G9FAFS	16
LPASA621-22	G9FAFS	10
LPASA622-22	G9FAFS	17
LPASA623-22	G9FAFS	21
LPASA624-22	G9FAFS	27
LPASA625-22	G9FAFS	15
LPASA626-22	G9FAFS	3
LPASA627-22	G9FAFS	12
LPASA628-22	G9FAFS	18
LPASA629-22	G9FAFS	15
LPASA631-22	G9FAFS	15
LPASA632-22	G9FAFS	15
LPASA633-22	G9FAFS	18
LPASA634-22	G9FAFS	11
LPASA635-22	G9FAFS	16
LPASA636-22	G9FAFS	19
LPASA637-22	G9FAFS	8
LPASA638-22	G9FAFS	10
LPASA639-22	G9FAFS	18
LPASA640-22	G9FAFS	2
LPASA641-22	G9FAFS	3
LPASA642-22	G9FAFS	8
LPASA643-22	G9FAFS	16
LPASA644-22	G9FAFS	7
LPASA645-22	G9FAFS	14
LPASA646-22	G9FAFS	18
LPASA647-22	G9FAFS	13
LPASA648-22	G9FAFS	20
LPASA649-22	G9FAFS	13
LPASA650-22	G9FAFS	14
LPASA651-22	G9FAFS	14
LPASA652-22	G9FAFS	7
LPASA653-22	G9FAFS	14
LPASA654-22	G9FAFS	7
LPASA655-22	G9FAFS	15
LPASA656-22	G9FAFS	12
LPASA657-22	G9FAFS	11
LPASA658-22	G9FAFS	7
LPASA659-22	G9FAFS	11
LPASA660-22	G9FAFS	15
LPASA661-22	G9FAFS	15
LPASA662-22	G9FAFS	14
LPASA663-22	G9FAFS	8
LPASA664-22	G9FAFS	8
LPASA665-22	G9FAFS	9
LPASA666-22	G9FAFS	19
LPASA667-22	G9FAFS	13
LPASA668-22	G9FAFS	11
LPASA669-22	G9FAFS	19
LPASA670-22	G9FAFS	17
LPASA671-22	G9FAFS	18
LPASA672-22	G9FAFS	20
LPASA673-22	G9FAFS	14
LPASA674-22	G9FAFS	17
LPASA675-22	G9FAFS	10
LPASA676-22	G9FAFS	8
LPASA677-22	G9FAFS	18
LPASA678-22	G9FAFS	14
LPASA679-22	G9FAFS	22
LPASA680-22	G9FAFS	12
LPASA681-22	G9FAFS	11
LPASA682-22	G9FAFS	30
LPASA683-22	G9FAFS	25
LPASA684-22	G9FAFS	9
LPASA685-22	G9FAFS	4
LPASA686-22	G9FAFS	11
LPASA687-22	G9FAFS	21
LPASA688-22	G9FAFS	17
LPASA689-22	G9FAFS	20
LPASA690-22	G9FAFS	15
LPASA691-22	G9FAFS	11
LPASA692-22	G9FAFS	15
LPASA693-22	G9FAFS	8
LPASA694-22	G9FAFS	17
LPASA695-22	G9FAFS	22
LPASA696-22	G9FAFS	19
LPASA697-22	G9FAFS	10
LPASA698-22	G9FAFS	19
LPASA699-22	G9FAFS	12
LPASA700-22	G9FAFS	8
LPASA701-22	G9FAFS	19
LPASA702-22	G9FAFS	11
LPASA703-22	G9FAFS	15
LPASA704-22	G9FAFS	14
LPASA705-22	G9FAFS	19
LPASA706-22	G9FAFS	13
LPASA707-22	G9FAFS	35
LPASA708-22	G9FAFS	17
LPASA709-22	G9FAFS	39
LPASA710-22	G9FAFS	33
LPASA711-22	G9FAFS	36
LPASA712-22	G9FAFS	18
LPASA713-22	G9FAFS	27
LPASA714-22	G9FAFS	25
LPASA715-22	G9FAFS	30
LPASA716-22	G9FAFS	41
LPASA717-22	G9FAFS	35
LPASA718-22	G9FAFS	23
LPASA719-22	G9FAFS	32
LPASA720-22	G9FAFS	42
LPASA721-22	G9FAFS	27
LPASA722-22	G9FAFS	18
LPASA723-22	G9FAFS	29
LPASA724-22	G9FAFS	19
LPASA725-22	G9FAFS	22
LPASA726-22	G9FAFS	44
LPASA727-22	G9FAFS	41
LPASA728-22	G9FAFS	39
LPASA729-22	G9FAFS	25
LPASA730-22	G9FAFS	29
LPASA731-22	G9FAFS	35
LPASA732-22	G9FAFS	28
LPASA733-22	G9FAFS	18
LPASA734-22	G9FAFS	39
LPASA735-22	G9FAFS	26
LPASA736-22	G9FAFS	28
LPASA737-22	G9FAFS	38
LPASA738-22	G9FAFS	32
LPASA739-22	G9FAFS	18
LPASA740-22	G9FAFS	28
LPASA741-22	G9FAFS	48
LPASA742-22	G9FAFS	30
LPASA743-22	G9FAFS	15
LPASA744-22	G9FAFS	36
LPASA745-22	G9FAFS	25
LPASA746-22	G9FAFS	29
LPASA747-22	G9FAFS	34
LPASA748-22	G9FAFS	31
LPASA749-22	G9FAFS	26
LPASA750-22	G9FAFS	31
LPASA751-22	G9FAFS	29
LPASA752-22	G9FAFS	22
LPASA753-22	G9FAFS	35
LPASA754-22	G9FAFS	34
LPASA755-22	G9FAFS	36
LPASA756-22	G9FAFS	36
LPASA757-22	G9FAFS	27
LPASA758-22	G9FAFS	10
LPASA759-22	G9FAFS	15
LPASA760-22	G9FAFS	9
LPASA761-22	G9FAFS	25
LPASA762-22	G9FAFS	18
LPASA763-22	G9FAFS	14
LPASA764-22	G9FAFS	16
LPASA765-22	G9FAFS	34
LPASA766-22	G9FAFS	6
LPASA767-22	G9FAFS	43
LPASA768-22	G9FAFS	18
LPASA769-22	G9FAFS	27
LPASA770-22	G9FAFS	23
LPASA771-22	G9FAFS	24
LPASA772-22	G9FAFS	32
LPASA773-22	G9FAFS	27
LPASA774-22	G9FAFS	24
LPASA775-22	G9FAFS	43
LPASA776-22	G9FAFS	35
LPASA777-22	G9FAFS	37
LPASA778-22	G9FAFS	36
LPASA779-22	G9FAFS	39
LPASA780-22	G9FAFS	22
LPASA781-22	G9FAFS	18
LPASA782-22	G9FAFS	29
LPASA783-22	G9FAFS	12
LPASA785-22	G9FAFS	8
LPASA787-22	G9FAFS	17
LPASA788-22	G9FAFS	29
LPASA789-22	G9FAFS	5
LPASA790-22	G9FAFS	20
LPASA791-22	G9FAFS	36
LPASA792-22	G9FAFS	21
LPASA793-22	G9FAFS	26
LPASA794-22	G9FAFS	17
LPASA797-22	G9FAFS	7
LPASA798-22	G9FAFS	23
LPASA799-22	G9FAFS	40
LPASA800-22	G9FAFS	4
LPASA801-22	G9FAFS	8
LPASA802-22	G9FAFS	29
LPASA803-22	G9FAFS	24
LPASA804-22	G9FAFS	20
LPASA805-22	G9FAFS	33
LPASA806-22	G9FAFS	22
LPASA807-22	G9FAFS	24
LPASA808-22	G9FAFS	14
LPASA809-22	G9FAFS	36
LPASA810-22	G9FAFS	19
LPASA811-22	G9FAFS	35
LPASA812-22	G9FAFS	36
LPASA813-22	G9FAFS	29
LPASA814-22	G9FAFS	32
LPASA815-22	G9FAFS	32
LPASA816-22	G9FAFS	31
LPASA817-22	G9FAFS	21
LPASA818-22	G9FAFS	16
LPASA819-22	G9FAFS	19
LPASA820-22	G9FAFS	21
LPASA821-22	G9FAFS	20
LPASA822-22	G9FAFS	14
LPASA823-22	G9FAFS	23
LPASA824-22	G9FAFS	9
LPASA825-22	G9FAFS	28
LPASA826-22	G9FAFS	28
LPASA828-22	G9FAFS	29
LPASA829-22	G9FAFS	13
LPASA830-22	G9FAFS	27
LPASA831-22	G9FAFS	15
LPASA832-22	G9FAFS	4
LPASA833-22	G9FAFS	4
LPASA834-22	G9FAFS	7
LPASA835-22	G9FAFS	24
LPASA836-22	G9FAFS	12
LPASA837-22	G9FAFS	21
LPASA838-22	G9FAFS	26
LPASA839-22	G9FAFS	22
LPASA840-22	G9FAFS	18
LPASA841-22	G9FAFS	23
LPASA842-22	G9FAFS	16
LPASA843-22	G9FAFS	6
LPASA844-22	G9FAFS	22
LPASA845-22	G9FAFS	26
LPASA846-22	G9FAFS	15
LPASA848-22	G9FAFS	16
LPASA849-22	G9FAFS	23
LPASA850-22	G9FAFS	19
LPASA851-22	G9FAFS	5
LPASA852-22	G9FAFS	14
LPASA853-22	G9FAFS	26
LPASA854-22	G9FAFS	16
LPASA855-22	G9FAFS	3
LPASA856-22	G9FAFS	2
LPASA857-22	G9FAFS	18
LPASA858-22	G9FAFS	13
LPASA859-22	G9FAFS	3
LPASA860-22	G9FAFS	32
LPASA861-22	G9FAFS	6
LPASA862-22	G9FAFS	33
LPASA863-22	G9FAFS	14
LPASA864-22	G9FAFS	22
LPASA865-22	G9FAFS	24
LPASA866-22	G9FAFS	8
LPASA867-22	G9FAFS	11
LPASA868-22	G9FAFS	23
LPASA869-22	G9FAFS	13
LPASA870-22	G9FAFS	35
LPASA871-22	G9FAFS	31
LPASA872-22	G9FAFS	32
LPASA873-22	G9FAFS	21
LPASA874-22	G9FAFS	12
LPASA875-22	G9FAFS	23
LPASA877-22	G9FAFS	18
LPASA878-22	G9FAFS	20
LPASA879-22	G9FAFS	21
LPASA880-22	G9FAFS	4
LPASA881-22	G9FAFS	31
LPASA882-22	G9FAFS	28
LPASA883-22	G9FAFS	28
LPASA884-22	G9FAFS	3
LPASA885-22	G9FAFS	7
LPASA886-22	G9FAFS	31
LPASA888-22	G9FAFS	21
LPASA889-22	G9FAFS	20
LPASA890-22	G9FAFS	39
LPASA891-22	G9FAFS	23
LPASA892-22	G9FAFS	24
LPASA893-22	G9FAFS	44
LPASA894-22	G9FAFS	34
LPASA895-22	G9FAFS	33
LPASA896-22	G9FAFS	9
LPASA897-22	G9FAFS	22
LPASA898-22	G9FAFS	13
LPASA899-22	G9FAFS	28
LPASA900-22	G9FAFS	5
LPASA901-22	G9FAFS	30
LPASA902-22	G9FAFS	15
LPASA903-22	G9FAFS	24
LPASA904-22	G9FAFS	27
LPASA905-22	G9FAFS	34
LPASA906-22	G9FAFS	31
LPASA907-22	G9FAFS	29
LPASA908-22	G9FAFS	28
LPASA909-22	G9FAFS	23
LPASA910-22	G9FAFS	14
LPASA911-22	G9FAFS	31
LPASA912-22	G9FAFS	23
LPASA913-22	G9FAFS	23
LPASA914-22	G9FAFS	14
LPASA915-22	G9FAFS	13
LPASA916-22	G9FAFS	20
LPASA917-22	G9FAFS	27
LPASA918-22	G9FAFS	25
LPASA919-22	G9FAFS	19
LPASA920-22	G9FAFS	25
LPASA921-22	G9FAFS	33
LPASA922-22	G9FAFS	32
LPASA923-22	G9FAFS	24
LPASA924-22	G9FAFS	41
LPASA925-22	G9FAFS	38
LPASA926-22	G9FAFS	20
LPASA927-22	G9FAFS	36
LPASA928-22	G9FAFS	18
LPASA929-22	G9FAFS	15
LPASA930-22	G9FAFS	20
LPASA931-22	G9FAFS	21
LPASA932-22	G9FAFS	29
LPASA933-22	G9FAFS	27
LPASA934-22	G9FAFS	24
LPASA935-22	G9FAFS	26
LPASA936-22	G9FAFS	27
LPASA937-22	G9FAFS	24
LPASA938-22	G9FAFS	15
LPASA939-22	G9FAFS	24
LPASA940-22	G9FAFS	23
LPASA941-22	G9FAFS	31
LPASA942-22	G9FAFS	27
LPASA943-22	G9FAFS	29
LPASA944-22	G9FAFS	20
LPASA945-22	G9FAFS	15
LPASA946-22	G9FAFS	28
LPASA947-22	G9FAFS	25
LPASA948-22	G9FAFS	28
LPASA949-22	G9FAFS	8
LPASA950-22	G9FAFS	21
LPASA951-22	G9FAFS	24
LPASA952-22	G9FAFS	22
LPASA953-22	G9FAFS	28
LPASA954-22	G9FAFS	20
LPASA955-22	G9FAFS	13
LPASA956-22	G9FAFS	41
LPASA957-22	G9FAFS	12
LPASA958-22	G9FAFS	24
LPASA959-22	G9FAFS	9
LPASA960-22	G9FAFS	11
LPASA961-22	G9FAFS	10
LPASA962-22	G9FAFS	23
LPASA963-22	G9FAFS	22
LPASA964-22	G9FAFS	4
LPASA965-22	G9FAFS	8
LPASA966-22	G9FAFS	31
LPASA967-22	G9FAFS	20
LPASA968-22	G9FAFS	4
LPASA969-22	G9FAFS	15
LPASA970-22	G9FAFS	36
LPASA971-22	G9FAFS	30
LPASA972-22	G9FAFS	17
LPASA974-22	G9FAFS	25
LPASA975-22	G9FAFS	14
LPASA976-22	G9FAFS	21
LPASA977-22	G9FAFS	7
LPASA978-22	G9FAFS	29
LPASA979-22	G9FAFS	17
LPASA981-22	G9FAFS	29
LPASA982-22	G9FAFS	3
LPASA983-22	G9FAFS	29
LPASA984-22	G9FAFS	7
LPASA985-22	G9FAFS	5
LPASA986-22	G9FAFS	25
LPASA987-22	G9FAFS	18
LPASA988-22	G9FAFS	21
LPASA989-22	G9FAFS	11
LPASA990-22	G9FAFS	32
LPASA991-22	G9FAFS	20
LPASA992-22	G9FAFS	53
LPASA993-22	G9FAFS	18
LPASA994-22	G9FAFS	36
LPASA995-22	G9FAFS	23
LPASA996-22	G9FAFS	8
LPASA997-22	G9FAFS	5
LPASA998-22	G9FAFS	26
LPASA999-22	G9FAFS	36
LPHTA001-21	G3FFNC	19
LPHTA002-21	G3FFNC	38
LPHTA003-21	G3FFNC	23
LPHTA004-21	G3FFNC	17
LPHTA005-21	G3FFNC	31
LPHTA006-21	G3FFNC	30
LPHTA007-21	G3FFNC	27
LPHTA008-21	G3FFNC	32
LPHTA009-21	G3FFNC	24
LPHTA010-21	G3FFNC	28
LPHTA011-21	G3FFNC	30
LPHTA012-21	G3FFNC	32
LPHTA013-21	G3FFNC	18
LPHTA014-21	G3FFNC	36
LPHTA015-21	G3FFNC	39
LPHTA016-21	G3FFNC	22
LPHTA017-21	G3FFNC	21
LPHTA018-21	G3FFNC	27
LPHTA019-21	G3FFNC	19
LPHTA020-21	G3FFNC	25
LPHTA021-21	G3FFNC	26
LPHTA022-21	G3FFNC	33
LPHTA023-21	G3FFNC	38
LPHTA024-21	G3FFNC	29
LPHTA025-21	G3FFNC	33
LPHTA026-21	G3FFNC	25
LPHTA027-21	G3FFNC	27
LPHTA028-21	G3FFNC	38
LPHTA029-21	G3FFNC	35
LPHTA030-21	G3FFNC	22
LPHTA031-21	G3FFNC	38
LPHTA032-21	G3FFNC	22
LPHTA033-21	G3FFNC	28
LPHTA034-21	G3FFNC	32
LPHTA035-21	G3FFNC	32
LPHTA036-21	G3FFNC	30
LPHTA037-21	G3FFNC	36
LPHTA038-21	G3FFNC	27
LPHTA039-21	G3FFNC	31
LPHTA040-21	G3FFNC	38
LPHTA041-21	G3FFNC	21
LPHTA042-21	G3FFNC	26
LPHTA043-21	G3FFNC	22
LPHTA044-21	G3FFNC	30
LPHTA045-21	G3FFNC	24
LPHTA046-21	G3FFNC	26
LPHTA047-21	G3FFNC	28
LPHTA048-21	G3FFNC	24
LPHTA049-21	G3FFNC	42
LPHTA050-21	G3FFNC	42
LPHTA051-21	G3FFNC	54
LPHTA052-21	G3FFNC	34
LPHTA053-21	G3FFNC	32
LPHTA054-21	G3FFNC	37
LPHTA055-21	G3FFNC	26
LPHTA056-21	G3FFNC	29
LPHTA057-21	G3FFNC	34
LPHTA058-21	G3FFNC	29
LPHTA059-21	G3FFNC	36
LPHTA060-21	G3FFNC	18
LPHTA061-21	G3FFNC	45
LPHTA062-21	G3FFNC	15
LPHTA063-21	G3FFNC	25
LPHTA064-21	G3FFNC	25
LPHTA065-21	G3FFNC	31
LPHTA066-21	G3FFNC	36
LPHTA067-21	G3FFNC	22
LPHTA068-21	G3FFNC	22
LPHTA069-21	G3FFNC	27
LPHTA070-21	G3FFNC	49
LPHTA071-21	G3FFNC	32
LPHTA072-21	G3FFNC	30
LPHTA073-21	G3FFNC	23
LPHTA074-21	G3FFNC	20
LPHTA075-21	G3FFNC	22
LPHTA076-21	G3FFNC	12
LPHTA077-21	G3FFNC	24
LPHTA078-21	G3FFNC	27
LPHTA079-21	G3FFNC	22
LPHTA080-21	G3FFNC	26
LPHTA081-21	G3FFNC	29
LPHTA082-21	G3FFNC	31
LPHTA083-21	G3FFNC	6
LPHTA084-21	G3FFNC	9
LPHTA085-21	G3FFNC	30
LPHTA086-21	G3FFNC	24
LPHTA087-21	G3FFNC	28
LPHTA088-21	G3FFNC	5
LPHTA089-21	G3FFNC	18
LPHTA090-21	G3FFNC	26
LPHTA091-21	G3FFNC	25
LPHTA092-21	G3FFNC	8
LPHTA093-21	G3FFNC	29
LPHTA094-21	G3FFNC	20
LPHTA095-21	G3FFNC	39
LPHTA096-21	G3FFNC	27
LPHTA097-21	G3FFNC	27
LPHTA098-21	G3FFNC	31
LPHTA099-21	G3FFNC	31
LPHTA100-21	G3FFNC	29
LPHTA101-21	G3FFNC	5
LPHTA102-21	G3FFNC	19
LPHTA103-21	G3FFNC	9
LPHTA104-21	G3FFNC	19
LPHTA105-21	G3FFNC	8
LPHTA106-21	G3FFNC	28
LPHTA107-21	G3FFNC	28
LPHTA108-21	G3FFNC	22
LPHTA109-21	G3FFNC	27
LPHTA110-21	G3FFNC	29
LPHTA111-21	G3FFNC	19
LPHTA112-21	G3FFNC	30
LPHTA113-21	G3FFNC	14
LPHTA114-21	G3FFNC	23
LPHTA115-21	G3FFNC	6
LPHTA116-21	G3FFNC	23
LPHTA117-21	G3FFNC	24
LPHTA118-21	G3FFNC	34
LPHTA119-21	G3FFNC	30
LPHTA120-21	G3FFNC	20
LPHTA121-21	G3FFNC	28
LPHTA122-21	G3FFNC	27
LPHTA123-21	G3FFNC	42
LPHTA124-21	G3FFNC	25
LPHTA125-21	G3FFNC	29
LPHTA126-21	G3FFNC	25
LPHTA127-21	G3FFNC	22
LPHTA128-21	G3FFNC	30
LPHTA129-21	G3FFNC	19
LPHTA130-21	G3FFNC	19
LPHTA131-21	G3FFNC	26
LPHTA132-21	G3FFNC	40
LPHTA133-21	G3FFNC	26
LPHTA134-21	G3FFNC	28
LPHTA135-21	G3FFNC	17
LPHTA136-21	G3FFNC	30
LPHTA137-21	G3FFNC	22
LPHTA138-21	G3FFNC	17
LPHTA139-21	G3FFNC	24
LPHTA140-21	G3FFNC	16
LPHTA141-21	G3FFNC	38
LPHTA142-21	G3FFNC	28
LPHTA143-21	G3FFNC	40
LPHTA144-21	G3FFNC	4
LPHTA145-21	G3FFNC	34
LPHTA146-21	G3FFNC	41
LPHTA147-21	G3FFNC	19
LPHTA148-21	G3FFNC	17
LPHTA149-21	G3FFNC	34
LPHTA150-21	G3FFNC	26
LPHTA151-21	G3FFNC	29
LPHTA152-21	G3FFNC	7
LPHTA153-21	G3FFNC	18
LPHTA154-21	G3FFNC	35
LPHTA155-21	G3FFNC	33
LPHTA156-21	G3FFNC	5
LPHTA157-21	G3FFNC	33
LPHTA158-21	G3FFNC	24
LPHTA159-21	G3FFNC	25
LPHTA160-21	G3FFNC	17
LPHTA161-21	G3FFNC	27
LPHTA162-21	G3FFNC	24
LPHTA163-21	G3FFNC	6
LPHTA164-21	G3FFNC	47
LPHTA165-21	G3FFNC	32
LPHTA166-21	G3FFNC	23
LPHTA167-21	G3FFNC	29
LPHTA168-21	G3FFNC	15
LPHTA169-21	G3FFNC	27
LPHTA170-21	G3FFNC	4
LPHTA171-21	G3FFNC	11
LPHTA172-21	G3FFNC	20
LPHTA173-21	G3FFNC	16
LPHTA174-21	G3FFNC	23
LPHTA175-21	G3FFNC	25
LPHTA176-21	G3FFNC	31
LPHTA177-21	G3FFNC	40
LPHTA178-21	G3FFNC	36
LPHTA179-21	G3FFNC	23
LPHTA180-21	G3FFNC	26
LPHTA181-21	G3FFNC	32
LPHTA182-21	G3FFNC	24
LPHTA183-21	G3FFNC	27
LPHTA184-21	G3FFNC	30
LPHTA185-21	G3FFNC	35
LPHTA186-21	G3FFNC	27
LPHTA187-21	G3FFNC	20
LPHTA188-21	G3FFNC	38
LPHTA189-21	G3FFNC	32
LPHTA190-21	G3FFNC	37
LPHTA191-21	G3FFNC	29
LPHTA192-21	G3FFNC	13
LPHTA193-21	G3FFNC	34
LPHTA194-21	G3FFNC	22
LPHTA195-21	G3FFNC	27
LPHTA196-21	G3FFNC	20
LPHTA197-21	G3FFNC	28
LPHTA198-21	G3FFNC	15
LPHTA199-21	G3FFNC	6
LPHTA200-21	G3FFNC	5
LPHTA201-21	G3FFNC	44
LPHTA202-21	G3FFNC	41
LPHTA203-21	G3FFNC	30
LPHTA204-21	G3FFNC	22
LPHTA205-21	G3FFNC	22
LPHTA206-21	G3FFNC	39
LPHTA207-21	G3FFNC	22
LPHTA208-21	G3FFNC	14
LPHTA209-21	G3FFNC	29
LPHTA210-21	G3FFNC	22
LPHTA211-21	G3FFNC	22
LPHTA212-21	G3FFNC	25
LPHTA213-21	G3FFNC	6
LPHTA214-21	G3FFNC	6
LPHTA215-21	G3FFNC	16
LPHTA216-21	G3FFNC	28
LPHTA217-21	G3FFNC	19
LPHTA218-21	G3FFNC	25
LPHTA219-21	G3FFNC	19
LPHTA220-21	G3FFNC	18
LPHTA221-21	G3FFNC	17
LPHTA222-21	G3FFNC	16
LPHTA223-21	G3FFNC	12
LPHTA224-21	G3FFNC	34
LPHTA225-21	G3FFNC	42
LPHTA226-21	G3FFNC	27
LPHTA227-21	G3FFNC	10
LPHTA228-21	G3FFNC	16
LPHTA229-21	G3FFNC	33
LPHTA230-21	G3FFNC	18
LPHTA231-21	G3FFNC	30
LPHTA232-21	G3FFNC	23
LPHTA233-21	G3FFNC	36
LPHTA234-21	G3FFNC	24
LPHTA235-21	G3FFNC	20
LPHTA236-21	G3FFNC	34
LPHTA237-21	G3FFNC	23
LPHTA238-21	G3FFNC	41
LPHTA239-21	G3FFNC	21
LPHTA240-21	G3FFNC	21
LPHTA241-21	G3FFNC	22
LPHTA242-21	G3FFNC	39
LPHTA243-21	G3FFNC	18
LPHTA244-21	G3FFNC	27
LPHTA245-21	G3FFNC	29
LPHTA246-21	G3FFNC	33
LPHTA247-21	G3FFNC	33
LPHTA248-21	G3FFNC	31
LPHTA249-21	G3FFNC	39
LPHTA250-21	G3FFNC	23
LPHTA251-21	G3FFNC	11
LPHTA252-21	G3FFNC	11
LPHTA253-21	G3FFNC	6
LPHTA254-21	G3FFNC	25
LPHTA255-21	G3FFNC	34
LPHTA256-21	G3FFNC	4
LPHTA258-21	G3FFNC	15
LPHTA259-21	G3FFNC	12
LPHTA260-21	G3FFNC	21
LPHTA262-21	G3FFNC	25
LPHTA263-21	G3FFNC	23
LPHTA264-21	G3FFNC	9
LPHTA265-21	G3FFNC	7
LPHTA266-21	G3FFNC	13
LPHTA267-21	G3FFNC	6
LPHTA268-21	G3FFNC	8
LPHTA269-21	G3FFNC	22
LPHTA270-21	G3FFNC	16
LPHTA271-21	G3FFNC	9
LPHTA272-21	G3FFNC	28
LPHTA273-21	G3FFNC	12
LPHTA274-21	G3FFNC	7
LPHTA275-21	G3FFNC	3
LPHTA276-21	G3FFNC	17
LPHTA277-21	G3FFNC	9
LPHTA278-21	G3FFNC	17
LPHTA279-21	G3FFNC	14
LPHTA280-21	G3FFNC	15
LPHTA281-21	G3FFNC	6
LPHTA282-21	G3FFNC	23
LPHTA284-21	G3FFNC	28
LPHTA285-21	G3FFNC	24
LPHTA286-21	G3FFNC	9
LPHTA288-21	G3FFNC	12
LPHTA289-21	G3FFNC	25
LPHTA290-21	G3FFNC	35
LPHTA291-21	G3FFNC	8
LPHTA292-21	G3FFNC	9
LPHTA293-21	G3FFNC	1
LPHTA294-21	G3FFNC	4
LPHTA295-21	G3FFNC	18
LPHTA296-21	G3FFNC	30
LPHTA297-21	G3FFNC	37
LPHTA298-21	G3FFNC	30
LPHTA300-21	G3FFNC	27
LPHTA301-21	G3FFNC	18
LPHTA302-21	G3FFNC	11
LPHTA303-21	G3FFNC	7
LPHTA304-21	G3FFNC	24
LPHTA305-21	G3FFNC	6
LPHTA306-21	G3FFNC	25
LPHTA307-21	G3FFNC	14
LPHTA308-21	G3FFNC	1
LPHTA309-21	G3FFNC	14
LPHTA310-21	G3FFNC	17
LPHTA311-21	G3FFNC	24
LPHTA312-21	G3FFNC	27
LPHTA313-21	G3FFNC	19
LPHTA314-21	G3FFNC	21
LPHTA315-21	G3FFNC	30
LPHTA316-21	G3FFNC	23
LPHTA317-21	G3FFNC	10
LPHTA318-21	G3FFNC	25
LPHTA320-21	G3FFNC	28
LPHTA321-21	G3FFNC	44
LPHTA322-21	G3FFNC	1
LPHTA323-21	G3FFNC	8
LPHTA324-21	G3FFNC	27
LPHTA325-21	G3FFNC	35
LPHTA326-21	G3FFNC	37
LPHTA327-21	G3FFNC	26
LPHTA328-21	G3FFNC	26
LPHTA329-21	G3FFNC	28
LPHTA330-21	G3FFNC	3
LPHTA331-21	G3FFNC	29
LPHTA332-21	G3FFNC	38
LPHTA333-21	G3FFNC	33
LPHTA334-21	G3FFNC	46
LPHTA335-21	G3FFNC	18
LPHTA336-21	G3FFNC	42
LPHTA337-21	G3FFNC	27
LPHTA338-21	G3FFNC	23
LPHTA339-21	G3FFNC	28
LPHTA340-21	G3FFNC	34
LPHTA341-21	G3FFNC	16
LPHTA342-21	G3FFNC	34
LPHTA343-21	G3FFNC	28
LPHTA344-21	G3FFNC	12
LPHTA345-21	G3FFNC	14
LPHTA346-21	G3FFNC	17
LPHTA347-21	G3FFNC	17
LPHTA348-21	G3FFNC	14
LPHTA349-21	G3FFNC	8
LPHTA350-21	G3FFNC	11
LPHTA351-21	G3FFNC	7
LPHTA352-21	G3FFNC	12
LPHTA353-21	G3FFNC	18
LPHTA354-21	G3FFNC	2
LPHTC002-21	GCD75J	5
LPHTC003-21	GCD75J	10
LPHTC004-21	GCD75J	30
LPHTC005-21	GCD75J	19
LPHTC006-21	GCD75J	16
LPHTC007-21	GCD75J	35
LPHTC008-21	GCD75J	4
LPHTC009-21	GCD75J	4
LPHTC010-21	GCD75J	22
LPHTC011-21	GCD75J	8
LPHTC012-21	GCD75J	18
LPHTC013-21	GCD75J	39
LPHTC014-21	GCD75J	27
LPHTC015-21	GCD75J	3
LPHTC016-21	GCD75J	30
LPHTC017-21	GCD75J	19
LPHTC018-21	GCD75J	38
LPHTC019-21	GCD75J	33
LPHTC020-21	GCD75J	25
LPHTC022-21	GCD75J	27
LPHTC023-21	GCD75J	37
LPHTC024-21	GCD75J	3
LPHTC025-21	GCD75J	13
LPHTC026-21	GCD75J	19
LPHTC027-21	GCD75J	27
LPHTC028-21	GCD75J	36
LPHTC029-21	GCD75J	6
LPHTC030-21	GCD75J	35
LPHTC031-21	GCD75J	14
LPHTC032-21	GCD75J	28
LPHTC033-21	GCD75J	19
LPHTC034-21	GCD75J	15
LPHTC035-21	GCD75J	3
LPHTC036-21	GCD75J	13
LPHTC037-21	GCD75J	19
LPHTC038-21	GCD75J	36
LPHTC039-21	GCD75J	14
LPHTC040-21	GCD75J	18
LPHTC041-21	GCD75J	28
LPHTC042-21	GCD75J	29
LPHTC043-21	GCD75J	4
LPHTC044-21	GCD75J	25
LPHTC045-21	GCD75J	24
LPHTC046-21	GCD75J	22
LPHTC047-21	GCD75J	25
LPHTC048-21	GCD75J	36
LPHTC049-21	GCD75J	22
LPHTC050-21	GCD75J	27
LPHTC051-21	GCD75J	36
LPHTC052-21	GCD75J	30
LPHTC053-21	GCD75J	30
LPHTC054-21	GCD75J	27
LPHTC055-21	GCD75J	18
LPHTC056-21	GCD75J	23
LPHTC057-21	GCD75J	25
LPHTC058-21	GCD75J	19
LPHTC059-21	GCD75J	20
LPHTC060-21	GCD75J	13
LPHTC061-21	GCD75J	18
LPHTC062-21	GCD75J	10
LPHTC063-21	GCD75J	23
LPHTC064-21	GCD75J	31
LPHTC065-21	GCD75J	31
LPHTC066-21	GCD75J	36
LPHTC067-21	GCD75J	26
LPHTC068-21	GCD75J	24
LPHTC069-21	GCD75J	45
LPHTC070-21	GCD75J	25
LPHTC071-21	GCD75J	17
LPHTC072-21	GCD75J	18
LPHTC073-21	GCD75J	24
LPHTC074-21	GCD75J	26
LPHTC075-21	GCD75J	22
LPHTC076-21	GCD75J	29
LPHTC077-21	GCD75J	32
LPHTC078-21	GCD75J	21
LPHTC079-21	GCD75J	18
LPHTC080-21	GCD75J	27
LPHTC081-21	GCD75J	29
LPHTC082-21	GCD75J	6
LPHTC083-21	GCD75J	19
LPHTC084-21	GCD75J	35
LPHTC085-21	GCD75J	25
LPHTC086-21	GCD75J	6
LPHTC087-21	GCD75J	21
LPHTC088-21	GCD75J	29
LPHTC089-21	GCD75J	13
LPHTC090-21	GCD75J	14
LPHTC091-21	GCD75J	21
LPHTC092-21	GCD75J	9
LPHTC093-21	GCD75J	26
LPHTC094-21	GCD75J	27
LPHTC095-21	GCD75J	2
LPHTC096-21	GCD75J	28
LPHTC097-21	GCD75J	21
LPHTC098-21	GCD75J	22
LPHTC099-21	GCD75J	20
LPHTC1000-21	G281YO	21
LPHTC1001-21	G281YO	18
LPHTC100-21	GCD75J	10
LPHTC1002-21	G281YO	18
LPHTC1003-21	G281YO	22
LPHTC1004-21	G281YO	25
LPHTC1005-21	G281YO	24
LPHTC1006-21	G281YO	25
LPHTC1007-21	G281YO	21
LPHTC1008-21	G281YO	34
LPHTC1009-21	G281YO	22
LPHTC1010-21	G281YO	16
LPHTC1011-21	G281YO	4
LPHTC101-21	GCD75J	10
LPHTC1012-21	G281YO	13
LPHTC1013-21	G281YO	11
LPHTC1014-21	G281YO	36
LPHTC1015-21	G281YO	28
LPHTC1016-21	G281YO	28
LPHTC1017-21	G281YO	34
LPHTC1019-21	G281YO	31
LPHTC1020-21	G281YO	19
LPHTC1021-21	G281YO	26
LPHTC102-21	GCD75J	18
LPHTC1022-21	G281YO	25
LPHTC1023-21	G281YO	20
LPHTC1024-21	G281YO	22
LPHTC1025-21	G281YO	26
LPHTC1026-21	G281YO	23
LPHTC1027-21	G281YO	31
LPHTC1028-21	G281YO	15
LPHTC1029-21	G281YO	20
LPHTC1030-21	G281YO	11
LPHTC1031-21	G281YO	12
LPHTC103-21	GCD75J	22
LPHTC1032-21	G281YO	21
LPHTC1033-21	G281YO	10
LPHTC1034-21	G281YO	14
LPHTC1035-21	G281YO	15
LPHTC1036-21	G281YO	20
LPHTC1037-21	G281YO	13
LPHTC1038-21	G281YO	13
LPHTC1039-21	G281YO	11
LPHTC1040-21	G281YO	22
LPHTC1041-21	G281YO	24
LPHTC104-21	GCD75J	29
LPHTC1042-21	G281YO	34
LPHTC1043-21	G281YO	19
LPHTC1044-21	G281YO	39
LPHTC1045-21	G281YO	20
LPHTC1046-21	G281YO	35
LPHTC1047-21	G281YO	24
LPHTC1048-21	G281YO	36
LPHTC1049-21	G281YO	21
LPHTC1050-21	G281YO	24
LPHTC1051-21	G281YO	25
LPHTC105-21	GCD75J	30
LPHTC1052-21	G281YO	13
LPHTC1053-21	G281YO	28
LPHTC1054-21	G281YO	21
LPHTC1055-21	G281YO	20
LPHTC1056-21	G281YO	21
LPHTC1057-21	G281YO	16
LPHTC1058-21	G281YO	25
LPHTC1059-21	G281YO	27
LPHTC1060-21	G281YO	25
LPHTC1061-21	G281YO	19
LPHTC106-21	GCD75J	20
LPHTC1062-21	G281YO	21
LPHTC1063-21	G281YO	15
LPHTC1064-21	G281YO	32
LPHTC1065-21	G281YO	27
LPHTC1066-21	G281YO	10
LPHTC1067-21	G281YO	18
LPHTC1068-21	G281YO	24
LPHTC1069-21	G281YO	14
LPHTC1070-21	G281YO	23
LPHTC1071-21	G281YO	27
LPHTC107-21	GCD75J	7
LPHTC1072-21	G281YO	28
LPHTC1073-21	G281YO	13
LPHTC1074-21	G281YO	24
LPHTC1075-21	G281YO	32
LPHTC1076-21	G281YO	10
LPHTC1077-21	G281YO	11
LPHTC1078-21	G281YO	20
LPHTC1079-21	G281YO	30
LPHTC1080-21	G281YO	30
LPHTC1081-21	G281YO	24
LPHTC108-21	GCD75J	20
LPHTC1082-21	G281YO	29
LPHTC1083-21	G281YO	36
LPHTC1084-21	G281YO	18
LPHTC1085-21	G281YO	32
LPHTC1086-21	G281YO	30
LPHTC1087-21	G281YO	25
LPHTC1088-21	G281YO	31
LPHTC1089-21	G281YO	25
LPHTC1090-21	G281YO	22
LPHTC1091-21	G281YO	17
LPHTC109-21	GCD75J	26
LPHTC1092-21	G281YO	26
LPHTC1093-21	G281YO	17
LPHTC1094-21	G281YO	19
LPHTC1095-21	G281YO	19
LPHTC1096-21	G281YO	22
LPHTC1097-21	G281YO	10
LPHTC1098-21	G281YO	33
LPHTC1099-21	G281YO	13
LPHTC1100-21	G281YO	17
LPHTC110-21	GCD75J	30
LPHTC1102-21	G281YO	37
LPHTC1103-21	G281YO	38
LPHTC1104-21	G281YO	34
LPHTC1105-21	G281YO	24
LPHTC1106-21	G281YO	20
LPHTC1107-21	G281YO	19
LPHTC1108-21	G281YO	26
LPHTC1109-21	G281YO	29
LPHTC1110-21	G281YO	30
LPHTC1111-21	G281YO	36
LPHTC111-21	GCD75J	27
LPHTC1112-21	G281YO	17
LPHTC1113-21	G281YO	17
LPHTC1114-21	G281YO	13
LPHTC1115-21	G281YO	6
LPHTC1116-21	G281YO	29
LPHTC1117-21	G281YO	35
LPHTC1118-21	G281YO	19
LPHTC1119-21	G281YO	21
LPHTC1120-21	G281YO	21
LPHTC1121-21	G281YO	23
LPHTC112-21	GCD75J	36
LPHTC1122-21	G281YO	27
LPHTC1123-21	G281YO	15
LPHTC1124-21	G281YO	13
LPHTC1125-21	G281YO	5
LPHTC1126-21	G281YO	14
LPHTC1127-21	G281YO	29
LPHTC1128-21	G281YO	34
LPHTC1129-21	G281YO	23
LPHTC1130-21	G281YO	19
LPHTC1131-21	G281YO	23
LPHTC113-21	GCD75J	24
LPHTC1132-21	G281YO	24
LPHTC1133-21	G281YO	22
LPHTC1134-21	G281YO	24
LPHTC1135-21	G281YO	17
LPHTC1136-21	G281YO	26
LPHTC1137-21	G281YO	4
LPHTC1138-21	G281YO	28
LPHTC1139-21	G281YO	25
LPHTC1140-21	G281YO	32
LPHTC1141-21	G281YO	20
LPHTC114-21	GCD75J	22
LPHTC1142-21	G281YO	18
LPHTC1143-21	G281YO	29
LPHTC1144-21	G281YO	5
LPHTC1145-21	G281YO	33
LPHTC1146-21	G281YO	22
LPHTC1147-21	G281YO	14
LPHTC1148-21	G281YO	29
LPHTC1149-21	G281YO	29
LPHTC1150-21	G281YO	36
LPHTC1151-21	G281YO	19
LPHTC115-21	GCD75J	20
LPHTC1152-21	G281YO	22
LPHTC1153-21	G281YO	26
LPHTC1154-21	G281YO	26
LPHTC1155-21	G281YO	7
LPHTC1156-21	G281YO	24
LPHTC1157-21	G281YO	15
LPHTC1158-21	G281YO	25
LPHTC1159-21	G281YO	20
LPHTC1160-21	G281YO	19
LPHTC1161-21	G281YO	18
LPHTC116-21	GCD75J	24
LPHTC1162-21	G281YO	15
LPHTC1164-21	G281YO	19
LPHTC1165-21	G281YO	17
LPHTC1166-21	G281YO	21
LPHTC1167-21	G281YO	31
LPHTC1168-21	G281YO	13
LPHTC1169-21	G281YO	40
LPHTC1170-21	G281YO	19
LPHTC1171-21	G281YO	20
LPHTC117-21	GCD75J	6
LPHTC1172-21	G281YO	18
LPHTC1173-21	G281YO	19
LPHTC1174-21	G281YO	26
LPHTC1175-21	G281YO	11
LPHTC1176-21	G281YO	20
LPHTC1177-21	G281YO	27
LPHTC1178-21	G281YO	9
LPHTC1180-21	G281YO	27
LPHTC1181-21	G281YO	25
LPHTC118-21	GCD75J	24
LPHTC1182-21	G281YO	17
LPHTC1183-21	G281YO	19
LPHTC1184-21	G281YO	39
LPHTC1185-21	G281YO	19
LPHTC1186-21	G281YO	29
LPHTC1187-21	G281YO	28
LPHTC1188-21	G281YO	18
LPHTC1189-21	G281YO	21
LPHTC1190-21	G281YO	23
LPHTC1191-21	G281YO	19
LPHTC119-21	GCD75J	27
LPHTC1192-21	G281YO	21
LPHTC1193-21	G281YO	19
LPHTC1194-21	G281YO	16
LPHTC1195-21	G281YO	3
LPHTC1196-21	G281YO	24
LPHTC1197-21	G281YO	34
LPHTC1198-21	G281YO	27
LPHTC1199-21	G281YO	31
LPHTC1200-21	G281YO	21
LPHTC1201-21	G281YO	23
LPHTC120-21	GCD75J	24
LPHTC1202-21	G281YO	25
LPHTC1203-21	G281YO	20
LPHTC1204-21	G281YO	27
LPHTC1205-21	G281YO	27
LPHTC1206-21	G281YO	37
LPHTC1207-21	G281YO	25
LPHTC1208-21	G281YO	19
LPHTC1209-21	G281YO	35
LPHTC1210-21	G281YO	16
LPHTC1211-21	G281YO	25
LPHTC121-21	GCD75J	15
LPHTC1212-21	G281YO	31
LPHTC1213-21	G281YO	5
LPHTC1214-21	G281YO	24
LPHTC1215-21	G281YO	24
LPHTC1216-21	G281YO	14
LPHTC1217-21	G281YO	27
LPHTC1218-21	G281YO	15
LPHTC1219-21	G281YO	16
LPHTC1220-21	G281YO	20
LPHTC1221-21	G281YO	5
LPHTC122-21	GCD75J	12
LPHTC1222-21	G281YO	22
LPHTC1223-21	G281YO	21
LPHTC1224-21	G281YO	25
LPHTC1225-21	G281YO	15
LPHTC1226-21	G281YO	19
LPHTC1227-21	G281YO	22
LPHTC1228-21	G281YO	20
LPHTC1229-21	G281YO	27
LPHTC1230-21	G281YO	14
LPHTC1231-21	G281YO	26
LPHTC123-21	GCD75J	19
LPHTC1232-21	G281YO	38
LPHTC1233-21	G281YO	37
LPHTC1234-21	G281YO	33
LPHTC1235-21	G281YO	10
LPHTC1236-21	G281YO	33
LPHTC1237-21	G281YO	19
LPHTC1238-21	G281YO	32
LPHTC1239-21	G281YO	19
LPHTC1240-21	G281YO	20
LPHTC1241-21	G281YO	38
LPHTC124-21	GCD75J	11
LPHTC1242-21	G281YO	21
LPHTC1243-21	G281YO	15
LPHTC1244-21	G281YO	23
LPHTC1245-21	G281YO	17
LPHTC1246-21	G281YO	28
LPHTC1247-21	G281YO	19
LPHTC1248-21	G281YO	21
LPHTC1249-21	G281YO	15
LPHTC1250-21	G281YO	40
LPHTC1251-21	G281YO	26
LPHTC125-21	GCD75J	27
LPHTC1252-21	G281YO	13
LPHTC1253-21	G281YO	18
LPHTC1254-21	G281YO	14
LPHTC1255-21	G281YO	28
LPHTC1256-21	G281YO	19
LPHTC1257-21	G281YO	26
LPHTC1258-21	G281YO	23
LPHTC1259-21	G281YO	19
LPHTC1260-21	G281YO	31
LPHTC1261-21	G281YO	26
LPHTC126-21	GCD75J	29
LPHTC1262-21	G281YO	18
LPHTC1263-21	G281YO	20
LPHTC1264-21	G281YO	19
LPHTC1265-21	G281YO	29
LPHTC1266-21	G281YO	17
LPHTC1267-21	G281YO	26
LPHTC1268-21	G281YO	21
LPHTC1269-21	G281YO	18
LPHTC1270-21	G281YO	31
LPHTC1271-21	G281YO	36
LPHTC1272-21	G281YO	33
LPHTC1273-21	G281YO	17
LPHTC1274-21	G281YO	22
LPHTC1275-21	G281YO	34
LPHTC1276-21	G281YO	24
LPHTC1277-21	G281YO	19
LPHTC1278-21	G281YO	22
LPHTC1279-21	G281YO	27
LPHTC1280-21	G281YO	6
LPHTC1281-21	G281YO	23
LPHTC1282-21	G281YO	29
LPHTC1283-21	G281YO	22
LPHTC1284-21	G281YO	35
LPHTC1285-21	G281YO	15
LPHTC1286-21	G281YO	24
LPHTC1287-21	G281YO	25
LPHTC1288-21	G281YO	27
LPHTC1289-21	G281YO	24
LPHTC1290-21	G281YO	20
LPHTC1291-21	G281YO	31
LPHTC129-21	GCD75J	19
LPHTC1292-21	G281YO	23
LPHTC1293-21	G281YO	29
LPHTC1294-21	G281YO	29
LPHTC1295-21	G281YO	23
LPHTC1296-21	G281YO	38
LPHTC1297-21	G281YO	24
LPHTC1298-21	G281YO	19
LPHTC1299-21	G281YO	26
LPHTC1300-21	G281YO	27
LPHTC1301-21	G281YO	19
LPHTC130-21	GCD75J	22
LPHTC1302-21	G281YO	16
LPHTC131-21	GCD75J	10
LPHTC132-21	GCD75J	23
LPHTC133-21	GCD75J	3
LPHTC134-21	GCD75J	25
LPHTC135-21	GCD75J	20
LPHTC136-21	GCD75J	33
LPHTC137-21	GCD75J	23
LPHTC138-21	GCD75J	19
LPHTC139-21	GCD75J	22
LPHTC141-21	GCD75J	17
LPHTC142-21	GCD75J	23
LPHTC143-21	GCD75J	23
LPHTC144-21	GCD75J	18
LPHTC145-21	GCD75J	10
LPHTC146-21	GCD75J	13
LPHTC147-21	GCD75J	3
LPHTC148-21	GCD75J	3
LPHTC149-21	GCD75J	30
LPHTC150-21	GCD75J	11
LPHTC151-21	GCD75J	18
LPHTC152-21	GCD75J	15
LPHTC153-21	GCD75J	17
LPHTC154-21	GCD75J	18
LPHTC155-21	GCD75J	8
LPHTC156-21	GCD75J	16
LPHTC157-21	GCD75J	11
LPHTC158-21	GCD75J	7
LPHTC159-21	GCD75J	9
LPHTC160-21	GCD75J	25
LPHTC161-21	GCD75J	16
LPHTC162-21	GCD75J	7
LPHTC163-21	GCD75J	6
LPHTC164-21	GCD75J	5
LPHTC165-21	GCD75J	10
LPHTC166-21	GCD75J	7
LPHTC167-21	GCD75J	10
LPHTC168-21	GCD75J	3
LPHTC169-21	GCD75J	20
LPHTC170-21	GCD75J	28
LPHTC171-21	GCD75J	3
LPHTC172-21	GCD75J	23
LPHTC173-21	GCD75J	13
LPHTC174-21	GCD75J	6
LPHTC175-21	GCD75J	20
LPHTC176-21	GCD75J	5
LPHTC177-21	GCD75J	12
LPHTC178-21	GCD75J	23
LPHTC179-21	GCD75J	6
LPHTC180-21	GCD75J	8
LPHTC181-21	GCD75J	7
LPHTC182-21	GCD75J	17
LPHTC183-21	GCD75J	10
LPHTC184-21	GCD75J	24
LPHTC185-21	GCD75J	14
LPHTC186-21	GCD75J	18
LPHTC187-21	GCD75J	11
LPHTC188-21	GCD75J	15
LPHTC189-21	GCD75J	2
LPHTC190-21	GCD75J	22
LPHTC191-21	GCD75J	24
LPHTC192-21	GCD75J	18
LPHTC193-21	GCD75J	21
LPHTC195-21	GCD75J	18
LPHTC196-21	GCD75J	19
LPHTC197-21	GCD75J	20
LPHTC198-21	GCD75J	2
LPHTC199-21	GCD75J	16
LPHTC200-21	GCD75J	14
LPHTC201-21	GCD75J	4
LPHTC202-21	GCD75J	21
LPHTC203-21	GCD75J	18
LPHTC205-21	GCD75J	3
LPHTC206-21	GCD75J	17
LPHTC207-21	GCD75J	3
LPHTC209-21	GCD75J	23
LPHTC210-21	GCD75J	17
LPHTC211-21	GCD75J	12
LPHTC212-21	GCD75J	11
LPHTC213-21	GCD75J	8
LPHTC214-21	GCD75J	12
LPHTC215-21	GCD75J	6
LPHTC216-21	GCD75J	15
LPHTC217-21	GCD75J	19
LPHTC218-21	GCD75J	18
LPHTC219-21	GCD75J	12
LPHTC220-21	GCD75J	18
LPHTC221-21	GCD75J	8
LPHTC222-21	GCD75J	16
LPHTC223-21	GCD75J	5
LPHTC226-21	GCD75J	4
LPHTC227-21	GCD75J	2
LPHTC228-21	GCD75J	5
LPHTC229-21	GCD75J	2
LPHTC230-21	GCD75J	20
LPHTC231-21	GCD75J	22
LPHTC232-21	GCD75J	20
LPHTC233-21	GCD75J	23
LPHTC234-21	GCD75J	15
LPHTC235-21	GCD75J	8
LPHTC236-21	GCD75J	23
LPHTC237-21	GCD75J	19
LPHTC238-21	GCD75J	14
LPHTC239-21	GCD75J	18
LPHTC240-21	GCD75J	19
LPHTC242-21	GCD75J	14
LPHTC243-21	GCD75J	17
LPHTC244-21	GCD75J	25
LPHTC245-21	GCD75J	13
LPHTC246-21	GCD75J	20
LPHTC247-21	GCD75J	18
LPHTC248-21	GCD75J	21
LPHTC249-21	GCD75J	15
LPHTC250-21	GCD75J	16
LPHTC251-21	GCD75J	23
LPHTC252-21	GCD75J	8
LPHTC253-21	GCD75J	17
LPHTC254-21	GCD75J	18
LPHTC255-21	GCD75J	26
LPHTC256-21	GCD75J	18
LPHTC257-21	GCD75J	7
LPHTC258-21	GCD75J	11
LPHTC259-21	GCD75J	18
LPHTC260-21	GCD75J	18
LPHTC261-21	GCD75J	23
LPHTC262-21	GCD75J	13
LPHTC263-21	GCD75J	5
LPHTC264-21	GCD75J	8
LPHTC265-21	GCD75J	20
LPHTC266-21	GCD75J	9
LPHTC267-21	GCD75J	22
LPHTC268-21	GCD75J	14
LPHTC269-21	GCD75J	14
LPHTC270-21	GCD75J	21
LPHTC271-21	GCD75J	16
LPHTC272-21	GCD75J	22
LPHTC273-21	GCD75J	15
LPHTC274-21	GCD75J	5
LPHTC275-21	GCD75J	14
LPHTC276-21	GCD75J	10
LPHTC277-21	GCD75J	19
LPHTC278-21	GCD75J	18
LPHTC279-21	GCD75J	27
LPHTC280-21	GCD75J	23
LPHTC281-21	GCD75J	17
LPHTC282-21	GCD75J	7
LPHTC283-21	GCD75J	6
LPHTC285-21	GCD75J	22
LPHTC286-21	GCD75J	13
LPHTC287-21	GCD75J	17
LPHTC288-21	GCD75J	19
LPHTC289-21	GCD75J	22
LPHTC290-21	GCD75J	2
LPHTC291-21	GCD75J	23
LPHTC292-21	GCD75J	33
LPHTC293-21	GCD75J	10
LPHTC294-21	GCD75J	12
LPHTC295-21	GCD75J	24
LPHTC296-21	GCD75J	16
LPHTC297-21	GCD75J	21
LPHTC298-21	GCD75J	5
LPHTC300-21	GCD75J	14
LPHTC301-21	GCD75J	16
LPHTC302-21	GCD75J	18
LPHTC303-21	GCD75J	21
LPHTC304-21	GCD75J	31
LPHTC305-21	GCD75J	3
LPHTC306-21	GCD75J	14
LPHTC307-21	GCD75J	22
LPHTC308-21	GCD75J	23
LPHTC309-21	GCD75J	18
LPHTC310-21	GCD75J	16
LPHTC311-21	GCD75J	17
LPHTC312-21	GCD75J	15
LPHTC314-21	GCD75J	25
LPHTC315-21	GCD75J	23
LPHTC316-21	GCD75J	9
LPHTC317-21	GCD75J	19
LPHTC318-21	GCD75J	19
LPHTC319-21	GCD75J	14
LPHTC320-21	GCD75J	13
LPHTC321-21	GCD75J	24
LPHTC322-21	GCD75J	19
LPHTC323-21	GCD75J	20
LPHTC324-21	GCD75J	13
LPHTC325-21	GCD75J	32
LPHTC326-21	GCD75J	25
LPHTC327-21	GCD75J	28
LPHTC328-21	GCD75J	17
LPHTC329-21	GCD75J	18
LPHTC330-21	GCD75J	27
LPHTC331-21	GCD75J	27
LPHTC332-21	GCD75J	36
LPHTC333-21	GCD75J	28
LPHTC334-21	GCD75J	19
LPHTC335-21	GCD75J	22
LPHTC336-21	GCD75J	24
LPHTC337-21	GCD75J	32
LPHTC338-21	GCD75J	36
LPHTC339-21	GCD75J	45
LPHTC340-21	GCD75J	26
LPHTC341-21	GCD75J	16
LPHTC342-21	GCD75J	31
LPHTC343-21	GCD75J	19
LPHTC344-21	GCD75J	13
LPHTC345-21	GCD75J	21
LPHTC346-21	GCD75J	14
LPHTC347-21	GCD75J	21
LPHTC348-21	GCD75J	14
LPHTC349-21	GCD75J	20
LPHTC350-21	GCD75J	31
LPHTC351-21	GCD75J	15
LPHTC352-21	GCD75J	13
LPHTC353-21	GCD75J	20
LPHTC354-21	GCD75J	19
LPHTC355-21	GCD75J	25
LPHTC356-21	GCD75J	32
LPHTC357-21	GCD75J	20
LPHTC358-21	GCD75J	17
LPHTC359-21	GCD75J	12
LPHTC360-21	GCD75J	28
LPHTC361-21	GCD75J	36
LPHTC362-21	GCD75J	34
LPHTC363-21	GCD75J	28
LPHTC364-21	GCD75J	16
LPHTC365-21	GCD75J	14
LPHTC366-21	GCD75J	26
LPHTC367-21	GCD75J	16
LPHTC368-21	GCD75J	36
LPHTC369-21	GCD75J	24
LPHTC370-21	GCD75J	12
LPHTC371-21	GCD75J	16
LPHTC372-21	GCD75J	15
LPHTC373-21	GCD75J	30
LPHTC374-21	GCD75J	21
LPHTC375-21	GCD75J	22
LPHTC376-21	GCD75J	25
LPHTC377-21	GCD75J	24
LPHTC378-21	GCD75J	29
LPHTC379-21	GCD75J	23
LPHTC380-21	GCD75J	14
LPHTC381-21	GCD75J	23
LPHTC382-21	GCD75J	32
LPHTC383-21	GCD75J	27
LPHTC384-21	GCD75J	6
LPHTC385-21	GCD75J	11
LPHTC386-21	GCD75J	27
LPHTC387-21	GCD75J	28
LPHTC388-21	GCD75J	28
LPHTC389-21	GCD75J	14
LPHTC390-21	GCD75J	28
LPHTC391-21	GCD75J	27
LPHTC392-21	GCD75J	40
LPHTC393-21	GCD75J	22
LPHTC394-21	GCD75J	18
LPHTC395-21	GCD75J	21
LPHTC396-21	GCD75J	25
LPHTC397-21	GCD75J	30
LPHTC398-21	GCD75J	4
LPHTC399-21	GCD75J	20
LPHTC400-21	GCD75J	26
LPHTC401-21	GCD75J	23
LPHTC402-21	GCD75J	25
LPHTC403-21	GCD75J	22
LPHTC404-21	GCD75J	16
LPHTC405-21	GCD75J	32
LPHTC406-21	GCD75J	19
LPHTC407-21	GCD75J	9
LPHTC408-21	GCD75J	23
LPHTC409-21	GCD75J	27
LPHTC410-21	GCD75J	24
LPHTC411-21	GCD75J	26
LPHTC412-21	GCD75J	23
LPHTC413-21	GCD75J	30
LPHTC414-21	GCD75J	33
LPHTC415-21	GCD75J	12
LPHTC416-21	GCD75J	10
LPHTC417-21	GCD75J	32
LPHTC418-21	GCD75J	22
LPHTC419-21	GCD75J	31
LPHTC420-21	GCD75J	27
LPHTC421-21	GCD75J	34
LPHTC422-21	GCD75J	28
LPHTC424-21	GCD75J	10
LPHTC425-21	GCD75J	2
LPHTC427-21	GCD75J	9
LPHTC428-21	GCD75J	17
LPHTC429-21	GCD75J	11
LPHTC431-21	GCD75J	19
LPHTC432-21	GCD75J	3
LPHTC433-21	GCD75J	25
LPHTC434-21	GCD75J	18
LPHTC435-21	GCD75J	7
LPHTC436-21	GCD75J	5
LPHTC437-21	GCD75J	9
LPHTC438-21	GCD75J	6
LPHTC439-21	GCD75J	12
LPHTC441-21	GCD75J	7
LPHTC444-21	GCD75J	10
LPHTC445-21	GCD75J	8
LPHTC447-21	GCD75J	12
LPHTC448-21	GCD75J	12
LPHTC449-21	GCD75J	12
LPHTC450-21	GCD75J	13
LPHTC451-21	GCD75J	9
LPHTC452-21	GCD75J	6
LPHTC454-21	GCD75J	11
LPHTC455-21	GCD75J	2
LPHTC456-21	GCD75J	7
LPHTC457-21	GCD75J	21
LPHTC458-21	GCD75J	9
LPHTC459-21	GCD75J	5
LPHTC460-21	GCD75J	5
LPHTC462-21	GCD75J	10
LPHTC463-21	GCD75J	13
LPHTC464-21	GCD75J	9
LPHTC465-21	GCD75J	9
LPHTC466-21	GCD75J	7
LPHTC467-21	GCD75J	5
LPHTC468-21	GCD75J	6
LPHTC469-21	GCD75J	32
LPHTC471-21	GCD75J	3
LPHTC473-21	GCD75J	21
LPHTC474-21	GCD75J	8
LPHTC475-21	GCD75J	24
LPHTC476-21	GCD75J	6
LPHTC477-21	GCD75J	2
LPHTC478-21	GCD75J	2
LPHTC479-21	GCD75J	4
LPHTC481-21	GCD75J	26
LPHTC482-21	GCD75J	20
LPHTC483-21	GCD75J	24
LPHTC484-21	GCD75J	23
LPHTC485-21	GCD75J	16
LPHTC486-21	GCD75J	11
LPHTC487-21	GCD75J	7
LPHTC488-21	GCD75J	21
LPHTC489-21	GCD75J	20
LPHTC490-21	GCD75J	16
LPHTC491-21	GCD75J	20
LPHTC492-21	GCD75J	27
LPHTC493-21	GCD75J	8
LPHTC494-21	GCD75J	8
LPHTC495-21	GCD75J	20
LPHTC496-21	GCD75J	31
LPHTC497-21	GCD75J	29
LPHTC498-21	GCD75J	22
LPHTC499-21	GCD75J	13
LPHTC500-21	GCD75J	8
LPHTC501-21	GCD75J	20
LPHTC502-21	GCD75J	5
LPHTC503-21	GCD75J	12
LPHTC504-21	GCD75J	20
LPHTC505-21	GCD75J	7
LPHTC506-21	GCD75J	12
LPHTC507-21	GCD75J	21
LPHTC508-21	GCD75J	16
LPHTC509-21	GCD75J	28
LPHTC510-21	GCD75J	21
LPHTC511-21	GCD75J	23
LPHTC512-21	GCD75J	28
LPHTC513-21	GCD75J	24
LPHTC514-21	GCD75J	28
LPHTC515-21	GCD75J	28
LPHTC516-21	GCD75J	7
LPHTC517-21	GCD75J	30
LPHTC518-21	GCD75J	15
LPHTC519-21	GCD75J	11
LPHTC520-21	GCD75J	20
LPHTC521-21	GCD75J	29
LPHTC522-21	GCD75J	25
LPHTC523-21	GCD75J	14
LPHTC524-21	GCD75J	24
LPHTC525-21	GCD75J	27
LPHTC526-21	GCD75J	28
LPHTC527-21	GCD75J	25
LPHTC528-21	GCD75J	29
LPHTC529-21	GCD75J	32
LPHTC530-21	GCD75J	30
LPHTC531-21	GCD75J	23
LPHTC532-21	GCD75J	15
LPHTC533-21	GCD75J	28
LPHTC534-21	GCD75J	17
LPHTC535-21	GCD75J	25
LPHTC536-21	GCD75J	25
LPHTC537-21	GCD75J	14
LPHTC538-21	GCD75J	23
LPHTC539-21	GCD75J	5
LPHTC540-21	GCD75J	21
LPHTC541-21	GCD75J	42
LPHTC542-21	GCD75J	18
LPHTC543-21	GCD75J	7
LPHTC544-21	GCD75J	20
LPHTC545-21	GCD75J	29
LPHTC546-21	GCD75J	27
LPHTC547-21	GCD75J	20
LPHTC548-21	GCD75J	24
LPHTC549-21	GCD75J	17
LPHTC550-21	GCD75J	11
LPHTC551-21	GCD75J	25
LPHTC552-21	GCD75J	20
LPHTC553-21	GCD75J	21
LPHTC554-21	GCD75J	10
LPHTC555-21	GCD75J	27
LPHTC556-21	GCD75J	7
LPHTC557-21	GCD75J	8
LPHTC558-21	GCD75J	23
LPHTC559-21	GCD75J	19
LPHTC560-21	GCD75J	21
LPHTC561-21	GCD75J	18
LPHTC563-21	GCD75J	30
LPHTC564-21	GCD75J	21
LPHTC565-21	GCD75J	3
LPHTC566-21	GCD75J	9
LPHTC567-21	GCD75J	7
LPHTC568-21	GCD75J	21
LPHTC569-21	GCD75J	13
LPHTC570-21	GCD75J	4
LPHTC571-21	GCD75J	6
LPHTC572-21	GCD75J	26
LPHTC573-21	GCD75J	18
LPHTC574-21	GCD75J	25
LPHTC575-21	GCD75J	19
LPHTC576-21	GCD75J	8
LPHTC577-21	GCD75J	33
LPHTC578-21	GCD75J	15
LPHTC579-21	GCD75J	13
LPHTC580-21	GCD75J	16
LPHTC581-21	GCD75J	9
LPHTC582-21	GCD75J	23
LPHTC583-21	GCD75J	20
LPHTC584-21	GCD75J	30
LPHTC585-21	GCD75J	14
LPHTC586-21	GCD75J	16
LPHTC587-21	GCD75J	22
LPHTC588-21	GCD75J	27
LPHTC589-21	GCD75J	14
LPHTC590-21	GCD75J	27
LPHTC591-21	GCD75J	19
LPHTC592-21	GCD75J	3
LPHTC593-21	GCD75J	16
LPHTC594-21	GCD75J	15
LPHTC595-21	GCD75J	10
LPHTC596-21	GCD75J	21
LPHTC597-21	GCD75J	9
LPHTC598-21	GCD75J	17
LPHTC599-21	GCD75J	11
LPHTC600-21	GCD75J	30
LPHTC601-21	GCD75J	24
LPHTC602-21	GCD75J	17
LPHTC603-21	GCD75J	19
LPHTC604-21	GCD75J	21
LPHTC605-21	GCD75J	21
LPHTC606-21	GCD75J	23
LPHTC607-21	GCD75J	12
LPHTC608-21	GCD75J	14
LPHTC609-21	GCD75J	21
LPHTC610-21	GCD75J	27
LPHTC611-21	GCD75J	14
LPHTC612-21	GCD75J	32
LPHTC613-21	GCD75J	41
LPHTC614-21	GCD75J	28
LPHTC615-21	GCD75J	22
LPHTC616-21	GCD75J	14
LPHTC617-21	GCD75J	20
LPHTC618-21	GCD75J	28
LPHTC619-21	GCD75J	17
LPHTC620-21	GCD75J	19
LPHTC621-21	GCD75J	22
LPHTC622-21	GCD75J	14
LPHTC623-21	GCD75J	34
LPHTC624-21	GCD75J	42
LPHTC625-21	GCD75J	20
LPHTC626-21	GCD75J	21
LPHTC627-21	GCD75J	23
LPHTC628-21	GCD75J	21
LPHTC629-21	GCD75J	20
LPHTC630-21	GCD75J	16
LPHTC631-21	GCD75J	23
LPHTC632-21	GCD75J	14
LPHTC633-21	GCD75J	14
LPHTC634-21	GCD75J	34
LPHTC635-21	GCD75J	31
LPHTC636-21	GCD75J	28
LPHTC637-21	GCD75J	26
LPHTC638-21	GCD75J	9
LPHTC639-21	GCD75J	26
LPHTC640-21	GCD75J	21
LPHTC641-21	GCD75J	8
LPHTC642-21	GCD75J	28
LPHTC643-21	GCD75J	3
LPHTC644-21	GCD75J	17
LPHTC645-21	GCD75J	16
LPHTC646-21	GCD75J	19
LPHTC647-21	GCD75J	20
LPHTC648-21	GCD75J	27
LPHTC649-21	G281YO	18
LPHTC650-21	G281YO	15
LPHTC651-21	G281YO	11
LPHTC652-21	G281YO	16
LPHTC653-21	G281YO	21
LPHTC654-21	G281YO	17
LPHTC655-21	G281YO	4
LPHTC656-21	G281YO	8
LPHTC657-21	G281YO	12
LPHTC658-21	G281YO	9
LPHTC659-21	G281YO	13
LPHTC660-21	G281YO	12
LPHTC661-21	G281YO	15
LPHTC662-21	G281YO	15
LPHTC663-21	G281YO	13
LPHTC664-21	G281YO	13
LPHTC665-21	G281YO	14
LPHTC666-21	G281YO	14
LPHTC667-21	G281YO	11
LPHTC668-21	G281YO	18
LPHTC669-21	G281YO	15
LPHTC670-21	G281YO	16
LPHTC671-21	G281YO	10
LPHTC672-21	G281YO	18
LPHTC673-21	G281YO	15
LPHTC674-21	G281YO	10
LPHTC675-21	G281YO	7
LPHTC676-21	G281YO	13
LPHTC677-21	G281YO	7
LPHTC678-21	G281YO	11
LPHTC679-21	G281YO	9
LPHTC680-21	G281YO	13
LPHTC681-21	G281YO	14
LPHTC683-21	G281YO	6
LPHTC684-21	G281YO	10
LPHTC685-21	G281YO	11
LPHTC686-21	G281YO	10
LPHTC687-21	G281YO	10
LPHTC688-21	G281YO	17
LPHTC689-21	G281YO	11
LPHTC690-21	G281YO	11
LPHTC691-21	G281YO	10
LPHTC692-21	G281YO	5
LPHTC693-21	G281YO	10
LPHTC694-21	G281YO	7
LPHTC695-21	G281YO	20
LPHTC696-21	G281YO	12
LPHTC697-21	G281YO	5
LPHTC698-21	G281YO	3
LPHTC699-21	G281YO	13
LPHTC700-21	G281YO	17
LPHTC701-21	G281YO	15
LPHTC702-21	G281YO	20
LPHTC703-21	G281YO	9
LPHTC704-21	G281YO	17
LPHTC705-21	G281YO	12
LPHTC706-21	G281YO	17
LPHTC707-21	G281YO	18
LPHTC708-21	G281YO	16
LPHTC709-21	G281YO	13
LPHTC710-21	G281YO	16
LPHTC711-21	G281YO	14
LPHTC712-21	G281YO	14
LPHTC713-21	G281YO	7
LPHTC714-21	G281YO	12
LPHTC715-21	G281YO	6
LPHTC716-21	G281YO	5
LPHTC717-21	G281YO	13
LPHTC718-21	G281YO	15
LPHTC719-21	G281YO	20
LPHTC720-21	G281YO	19
LPHTC721-21	G281YO	12
LPHTC722-21	G281YO	16
LPHTC723-21	G281YO	7
LPHTC724-21	G281YO	9
LPHTC725-21	G281YO	11
LPHTC726-21	G281YO	13
LPHTC727-21	G281YO	13
LPHTC728-21	G281YO	7
LPHTC729-21	G281YO	12
LPHTC730-21	G281YO	10
LPHTC731-21	G281YO	10
LPHTC732-21	G281YO	8
LPHTC733-21	G281YO	16
LPHTC734-21	G281YO	6
LPHTC735-21	G281YO	16
LPHTC736-21	G281YO	8
LPHTC737-21	G281YO	11
LPHTC738-21	G281YO	16
LPHTC739-21	G281YO	8
LPHTC740-21	G281YO	13
LPHTC741-21	G281YO	7
LPHTC742-21	G281YO	14
LPHTC743-21	G281YO	19
LPHTC744-21	G281YO	17
LPHTC745-21	G281YO	15
LPHTC746-21	G281YO	13
LPHTC747-21	G281YO	17
LPHTC748-21	G281YO	8
LPHTC749-21	G281YO	5
LPHTC750-21	G281YO	18
LPHTC751-21	G281YO	16
LPHTC752-21	G281YO	18
LPHTC753-21	G281YO	15
LPHTC754-21	G281YO	14
LPHTC755-21	G281YO	16
LPHTC756-21	G281YO	7
LPHTC757-21	G281YO	8
LPHTC758-21	G281YO	20
LPHTC759-21	G281YO	8
LPHTC760-21	G281YO	18
LPHTC761-21	G281YO	12
LPHTC762-21	G281YO	30
LPHTC763-21	G281YO	14
LPHTC764-21	G281YO	6
LPHTC765-21	G281YO	9
LPHTC766-21	G281YO	16
LPHTC767-21	G281YO	8
LPHTC768-21	G281YO	12
LPHTC769-21	G281YO	15
LPHTC770-21	G281YO	8
LPHTC771-21	G281YO	9
LPHTC772-21	G281YO	8
LPHTC773-21	G281YO	11
LPHTC774-21	G281YO	17
LPHTC775-21	G281YO	14
LPHTC776-21	G281YO	8
LPHTC777-21	G281YO	7
LPHTC778-21	G281YO	16
LPHTC779-21	G281YO	5
LPHTC780-21	G281YO	8
LPHTC781-21	G281YO	17
LPHTC782-21	G281YO	10
LPHTC783-21	G281YO	18
LPHTC784-21	G281YO	8
LPHTC785-21	G281YO	11
LPHTC786-21	G281YO	9
LPHTC787-21	G281YO	13
LPHTC788-21	G281YO	10
LPHTC789-21	G281YO	21
LPHTC790-21	G281YO	10
LPHTC791-21	G281YO	22
LPHTC792-21	G281YO	12
LPHTC793-21	G281YO	14
LPHTC794-21	G281YO	12
LPHTC795-21	G281YO	17
LPHTC796-21	G281YO	3
LPHTC797-21	G281YO	13
LPHTC798-21	G281YO	10
LPHTC799-21	G281YO	6
LPHTC800-21	G281YO	8
LPHTC801-21	G281YO	7
LPHTC802-21	G281YO	13
LPHTC803-21	G281YO	11
LPHTC804-21	G281YO	3
LPHTC805-21	G281YO	9
LPHTC806-21	G281YO	15
LPHTC807-21	G281YO	17
LPHTC808-21	G281YO	18
LPHTC809-21	G281YO	15
LPHTC810-21	G281YO	15
LPHTC811-21	G281YO	15
LPHTC812-21	G281YO	13
LPHTC813-21	G281YO	19
LPHTC814-21	G281YO	13
LPHTC815-21	G281YO	18
LPHTC816-21	G281YO	8
LPHTC817-21	G281YO	13
LPHTC818-21	G281YO	11
LPHTC819-21	G281YO	13
LPHTC820-21	G281YO	8
LPHTC821-21	G281YO	11
LPHTC822-21	G281YO	11
LPHTC824-21	G281YO	10
LPHTC825-21	G281YO	12
LPHTC826-21	G281YO	14
LPHTC827-21	G281YO	8
LPHTC828-21	G281YO	38
LPHTC829-21	G281YO	11
LPHTC830-21	G281YO	17
LPHTC831-21	G281YO	29
LPHTC832-21	G281YO	8
LPHTC833-21	G281YO	29
LPHTC834-21	G281YO	17
LPHTC835-21	G281YO	25
LPHTC836-21	G281YO	9
LPHTC837-21	G281YO	17
LPHTC838-21	G281YO	13
LPHTC839-21	G281YO	43
LPHTC840-21	G281YO	4
LPHTC841-21	G281YO	27
LPHTC842-21	G281YO	28
LPHTC843-21	G281YO	34
LPHTC844-21	G281YO	24
LPHTC845-21	G281YO	11
LPHTC846-21	G281YO	34
LPHTC847-21	G281YO	6
LPHTC848-21	G281YO	24
LPHTC849-21	G281YO	27
LPHTC850-21	G281YO	20
LPHTC851-21	G281YO	45
LPHTC852-21	G281YO	40
LPHTC853-21	G281YO	26
LPHTC854-21	G281YO	19
LPHTC855-21	G281YO	29
LPHTC856-21	G281YO	23
LPHTC857-21	G281YO	18
LPHTC859-21	G281YO	27
LPHTC860-21	G281YO	22
LPHTC861-21	G281YO	23
LPHTC862-21	G281YO	28
LPHTC863-21	G281YO	15
LPHTC864-21	G281YO	21
LPHTC865-21	G281YO	16
LPHTC866-21	G281YO	13
LPHTC867-21	G281YO	22
LPHTC868-21	G281YO	18
LPHTC869-21	G281YO	17
LPHTC870-21	G281YO	18
LPHTC871-21	G281YO	37
LPHTC872-21	G281YO	28
LPHTC873-21	G281YO	23
LPHTC874-21	G281YO	22
LPHTC875-21	G281YO	28
LPHTC876-21	G281YO	22
LPHTC877-21	G281YO	26
LPHTC878-21	G281YO	20
LPHTC879-21	G281YO	40
LPHTC880-21	G281YO	13
LPHTC881-21	G281YO	15
LPHTC882-21	G281YO	14
LPHTC883-21	G281YO	11
LPHTC884-21	G281YO	12
LPHTC885-21	G281YO	18
LPHTC886-21	G281YO	30
LPHTC887-21	G281YO	10
LPHTC888-21	G281YO	31
LPHTC889-21	G281YO	29
LPHTC890-21	G281YO	25
LPHTC891-21	G281YO	15
LPHTC892-21	G281YO	18
LPHTC893-21	G281YO	28
LPHTC894-21	G281YO	17
LPHTC895-21	G281YO	26
LPHTC896-21	G281YO	18
LPHTC897-21	G281YO	18
LPHTC898-21	G281YO	25
LPHTC899-21	G281YO	22
LPHTC900-21	G281YO	23
LPHTC901-21	G281YO	6
LPHTC902-21	G281YO	28
LPHTC903-21	G281YO	15
LPHTC904-21	G281YO	18
LPHTC905-21	G281YO	23
LPHTC906-21	G281YO	27
LPHTC907-21	G281YO	33
LPHTC908-21	G281YO	19
LPHTC909-21	G281YO	11
LPHTC910-21	G281YO	28
LPHTC911-21	G281YO	16
LPHTC912-21	G281YO	22
LPHTC913-21	G281YO	24
LPHTC914-21	G281YO	19
LPHTC915-21	G281YO	31
LPHTC916-21	G281YO	27
LPHTC917-21	G281YO	32
LPHTC918-21	G281YO	25
LPHTC919-21	G281YO	18
LPHTC920-21	G281YO	26
LPHTC921-21	G281YO	21
LPHTC922-21	G281YO	40
LPHTC923-21	G281YO	22
LPHTC924-21	G281YO	14
LPHTC925-21	G281YO	18
LPHTC926-21	G281YO	23
LPHTC927-21	G281YO	12
LPHTC928-21	G281YO	19
LPHTC929-21	G281YO	22
LPHTC930-21	G281YO	13
LPHTC931-21	G281YO	22
LPHTC932-21	G281YO	29
LPHTC933-21	G281YO	9
LPHTC934-21	G281YO	37
LPHTC935-21	G281YO	8
LPHTC936-21	G281YO	9
LPHTC937-21	G281YO	5
LPHTC938-21	G281YO	12
LPHTC939-21	G281YO	12
LPHTC940-21	G281YO	22
LPHTC941-21	G281YO	28
LPHTC942-21	G281YO	4
LPHTC943-21	G281YO	16
LPHTC944-21	G281YO	16
LPHTC945-21	G281YO	9
LPHTC946-21	G281YO	18
LPHTC947-21	G281YO	18
LPHTC948-21	G281YO	15
LPHTC949-21	G281YO	13
LPHTC950-21	G281YO	20
LPHTC951-21	G281YO	17
LPHTC952-21	G281YO	10
LPHTC953-21	G281YO	20
LPHTC954-21	G281YO	31
LPHTC955-21	G281YO	9
LPHTC956-21	G281YO	13
LPHTC957-21	G281YO	25
LPHTC958-21	G281YO	28
LPHTC959-21	G281YO	8
LPHTC960-21	G281YO	25
LPHTC961-21	G281YO	21
LPHTC962-21	G281YO	27
LPHTC963-21	G281YO	27
LPHTC964-21	G281YO	15
LPHTC965-21	G281YO	23
LPHTC966-21	G281YO	21
LPHTC967-21	G281YO	22
LPHTC968-21	G281YO	9
LPHTC970-21	G281YO	22
LPHTC971-21	G281YO	21
LPHTC972-21	G281YO	28
LPHTC973-21	G281YO	28
LPHTC974-21	G281YO	3
LPHTC975-21	G281YO	23
LPHTC976-21	G281YO	23
LPHTC977-21	G281YO	25
LPHTC978-21	G281YO	21
LPHTC979-21	G281YO	24
LPHTC980-21	G281YO	19
LPHTC981-21	G281YO	13
LPHTC982-21	G281YO	17
LPHTC983-21	G281YO	27
LPHTC984-21	G281YO	23
LPHTC985-21	G281YO	19
LPHTC986-21	G281YO	15
LPHTC987-21	G281YO	15
LPHTC988-21	G281YO	28
LPHTC989-21	G281YO	24
LPHTC990-21	G281YO	25
LPHTC991-21	G281YO	24
LPHTC992-21	G281YO	5
LPHTC993-21	G281YO	18
LPHTC994-21	G281YO	26
LPHTC995-21	G281YO	17
LPHTC996-21	G281YO	24
LPHTC997-21	G281YO	33
LPHTC998-21	G281YO	23
LPHTC999-21	G281YO	30
LPHTD001-21	GUSA7Z	25
LPHTD002-21	GUSA7Z	23
LPHTD003-21	GUSA7Z	32
LPHTD004-21	GUSA7Z	32
LPHTD005-21	GUSA7Z	18
LPHTD006-21	GUSA7Z	25
LPHTD007-21	GUSA7Z	16
LPHTD008-21	GUSA7Z	26
LPHTD009-21	GUSA7Z	37
LPHTD010-21	GUSA7Z	40
LPHTD011-21	GUSA7Z	26
LPHTD012-21	GUSA7Z	19
LPHTD013-21	GUSA7Z	30
LPHTD014-21	GUSA7Z	31
LPHTD015-21	GUSA7Z	23
LPHTD016-21	GUSA7Z	24
LPHTD017-21	GUSA7Z	5
LPHTD018-21	GUSA7Z	43
LPHTD019-21	GUSA7Z	20
LPHTD020-21	GUSA7Z	27
LPHTD021-21	GUSA7Z	18
LPHTD022-21	GUSA7Z	32
LPHTD023-21	GUSA7Z	17
LPHTD024-21	GUSA7Z	30
LPHTD025-21	GUSA7Z	27
LPHTD026-21	GUSA7Z	29
LPHTD027-21	GUSA7Z	39
LPHTD028-21	GUSA7Z	17
LPHTD029-21	GUSA7Z	31
LPHTD030-21	GUSA7Z	28
LPHTD031-21	GUSA7Z	33
LPHTD032-21	GUSA7Z	23
LPHTD033-21	GUSA7Z	7
LPHTD034-21	GUSA7Z	9
LPHTD035-21	GUSA7Z	31
LPHTD036-21	GUSA7Z	38
LPHTD037-21	GUSA7Z	35
LPHTD038-21	GUSA7Z	22
LPHTD039-21	GUSA7Z	14
LPHTD040-21	GUSA7Z	17
LPHTD041-21	GUSA7Z	31
LPHTD042-21	GUSA7Z	31
LPHTD043-21	GUSA7Z	32
LPHTD044-21	GUSA7Z	29
LPHTD045-21	GUSA7Z	21
LPHTD046-21	GUSA7Z	30
LPHTD047-21	GUSA7Z	30
LPHTD048-21	GUSA7Z	19
LPHTD049-21	GUSA7Z	21
LPHTD050-21	GUSA7Z	14
LPHTD051-21	GUSA7Z	10
LPHTD052-21	GUSA7Z	26
LPHTD053-21	GUSA7Z	28
LPHTD054-21	GUSA7Z	20
LPHTD055-21	GUSA7Z	22
LPHTD056-21	GUSA7Z	23
LPHTD057-21	GUSA7Z	27
LPHTD058-21	GUSA7Z	36
LPHTD059-21	GUSA7Z	18
LPHTD060-21	GUSA7Z	36
LPHTD061-21	GUSA7Z	31
LPHTD062-21	GUSA7Z	20
LPHTD063-21	GUSA7Z	29
LPHTD064-21	GUSA7Z	34
LPHTD065-21	GUSA7Z	31
LPHTD066-21	GUSA7Z	28
LPHTD067-21	GUSA7Z	34
LPHTD068-21	GUSA7Z	28
LPHTD069-21	GUSA7Z	35
LPHTD070-21	GUSA7Z	34
LPHTD071-21	GUSA7Z	35
LPHTD072-21	GUSA7Z	42
LPHTD073-21	GUSA7Z	27
LPHTD075-21	GUSA7Z	21
LPHTD076-21	GUSA7Z	6
LPHTD077-21	GUSA7Z	25
LPHTD078-21	GUSA7Z	29
LPHTD079-21	GUSA7Z	29
LPHTD080-21	GUSA7Z	25
LPHTD081-21	GUSA7Z	24
LPHTD082-21	GUSA7Z	28
LPHTD083-21	GUSA7Z	27
LPHTD084-21	GUSA7Z	35
LPHTD085-21	GUSA7Z	31
LPHTD086-21	GUSA7Z	23
LPHTD087-21	GUSA7Z	27
LPHTD088-21	GUSA7Z	42
LPHTD089-21	GUSA7Z	19
LPHTD090-21	GUSA7Z	4
LPHTD091-21	GUSA7Z	23
LPHTD092-21	GUSA7Z	26
LPHTD093-21	GUSA7Z	6
LPHTD094-21	GUSA7Z	5
LPHTD095-21	GUSA7Z	21
LPHTD096-21	GUSA7Z	10
LPHTD097-21	GUSA7Z	15
LPHTD098-21	GUSA7Z	21
LPHTD099-21	GUSA7Z	21
LPHTD100-21	GUSA7Z	28
LPHTD101-21	GUSA7Z	36
LPHTD102-21	GUSA7Z	13
LPHTD103-21	GUSA7Z	5
LPHTD104-21	GUSA7Z	19
LPHTD105-21	GUSA7Z	33
LPHTD106-21	GUSA7Z	24
LPHTD107-21	GUSA7Z	42
LPHTD108-21	GUSA7Z	13
LPHTD109-21	GUSA7Z	28
LPHTD110-21	GUSA7Z	34
LPHTD111-21	GUSA7Z	22
LPHTD112-21	GUSA7Z	34
LPHTD113-21	GUSA7Z	31
LPHTD114-21	GUSA7Z	33
LPHTD115-21	GUSA7Z	36
LPHTD116-21	GUSA7Z	38
LPHTD117-21	GUSA7Z	17
LPHTD118-21	GUSA7Z	32
LPHTD119-21	GUSA7Z	28
LPHTD120-21	GUSA7Z	27
LPHTD121-21	GUSA7Z	23
LPHTD123-21	GUSA7Z	21
LPHTD124-21	GUSA7Z	46
LPHTD125-21	GUSA7Z	10
LPHTD126-21	GUSA7Z	23
LPHTD127-21	GUSA7Z	27
LPHTD128-21	GUSA7Z	26
LPHTD129-21	GUSA7Z	16
LPHTD130-21	GUSA7Z	25
LPHTD131-21	GUSA7Z	26
LPHTD132-21	GUSA7Z	28
LPHTD133-21	GUSA7Z	4
LPHTD134-21	GUSA7Z	26
LPHTD135-21	GUSA7Z	32
LPHTD136-21	GUSA7Z	10
LPHTD137-21	GUSA7Z	12
LPHTD138-21	GUSA7Z	20
LPHTD139-21	GUSA7Z	3
LPHTD140-21	GUSA7Z	12
LPHTD141-21	GUSA7Z	11
LPHTD142-21	GUSA7Z	16
LPHTD143-21	GUSA7Z	17
LPHTD144-21	GUSA7Z	4
LPHTD145-21	GUSA7Z	8
LPHTD146-21	GUSA7Z	16
LPHTD147-21	GUSA7Z	31
LPHTD148-21	GUSA7Z	19
LPHTD149-21	GUSA7Z	37
LPHTD150-21	GUSA7Z	18
LPHTD151-21	GUSA7Z	31
LPHTD152-21	GUSA7Z	22
LPHTD153-21	GUSA7Z	26
LPHTD154-21	GUSA7Z	41
LPHTD155-21	GUSA7Z	27
LPHTD156-21	GUSA7Z	37
LPHTD158-21	GUSA7Z	29
LPHTD159-21	GUSA7Z	11
LPHTD160-21	GUSA7Z	8
LPHTD161-21	GUSA7Z	34
LPHTD162-21	GUSA7Z	25
LPHTD163-21	GUSA7Z	19
LPHTD164-21	GUSA7Z	16
LPHTD165-21	GUSA7Z	9
LPHTD166-21	GUSA7Z	23
LPHTD167-21	GUSA7Z	26
LPHTD168-21	GUSA7Z	24
LPHTD169-21	GUSA7Z	26
LPHTD170-21	GUSA7Z	15
LPHTD171-21	GUSA7Z	3
LPHTD173-21	GUSA7Z	19
LPHTD174-21	GUSA7Z	22
LPHTD176-21	GUSA7Z	24
LPHTD177-21	GUSA7Z	36
LPHTD178-21	GUSA7Z	7
LPHTD179-21	GUSA7Z	11
LPHTD180-21	GUSA7Z	17
LPHTD181-21	GUSA7Z	4
LPHTD182-21	GUSA7Z	31
LPHTD183-21	GUSA7Z	33
LPHTD184-21	GUSA7Z	33
LPHTD185-21	GUSA7Z	35
LPHTD186-21	GUSA7Z	39
LPHTD187-21	GUSA7Z	34
LPHTD188-21	GUSA7Z	44
LPHTD189-21	GUSA7Z	33
LPHTD190-21	GUSA7Z	40
LPHTD191-21	GUSA7Z	37
LPHTD192-21	GUSA7Z	26
LPHTD193-21	GUSA7Z	26
LPHTD194-21	GUSA7Z	38
LPHTD195-21	GUSA7Z	1
LPHTD196-21	GUSA7Z	3
LPHTD197-21	GUSA7Z	22
LPHTD198-21	GUSA7Z	34
LPHTD199-21	GUSA7Z	23
LPHTD200-21	GUSA7Z	34
LPHTD201-21	GUSA7Z	24
LPHTD202-21	GUSA7Z	10
LPHTD203-21	GUSA7Z	30
LPHTD204-21	GUSA7Z	24
LPHTD205-21	GUSA7Z	17
LPHTD206-21	GUSA7Z	25
LPHTD207-21	GUSA7Z	39
LPHTD208-21	GUSA7Z	36
LPHTD209-21	GUSA7Z	23
LPHTD210-21	GUSA7Z	41
LPHTD211-21	GUSA7Z	30
LPHTD212-21	GUSA7Z	36
LPHTD213-21	GUSA7Z	23
LPHTD214-21	GUSA7Z	9
LPHTD215-21	GUSA7Z	20
LPHTD216-21	GUSA7Z	27
LPHTD217-21	GUSA7Z	25
LPHTD218-21	GUSA7Z	39
LPHTD219-21	GUSA7Z	34
LPHTD220-21	GUSA7Z	34
LPHTD221-21	GUSA7Z	32
LPHTD222-21	GUSA7Z	19
LPHTD223-21	GUSA7Z	33
LPHTD224-21	GUSA7Z	21
LPHTD225-21	GUSA7Z	36
LPHTD226-21	GUSA7Z	3
LPHTD227-21	GUSA7Z	36
LPHTD228-21	GUSA7Z	18
LPHTD230-21	GUSA7Z	25
LPHTD231-21	GUSA7Z	33
LPHTD232-21	GUSA7Z	25
LPHTD233-21	GUSA7Z	35
LPHTD234-21	GUSA7Z	16
LPHTD235-21	GUSA7Z	27
LPHTD236-21	GUSA7Z	35
LPHTD237-21	GUSA7Z	28
LPHTD238-21	GUSA7Z	18
LPHTD239-21	GUSA7Z	7
LPHTD240-21	GUSA7Z	23
LPHTD241-21	GUSA7Z	28
LPHTD242-21	GUSA7Z	32
LPHTD243-21	GUSA7Z	34
LPHTD244-21	GUSA7Z	30
LPHTD245-21	GUSA7Z	26
LPHTD246-21	GUSA7Z	25
LPHTD247-21	GUSA7Z	20
LPHTD248-21	GUSA7Z	23
LPHTD249-21	GUSA7Z	35
LPHTD250-21	GUSA7Z	4
LPHTD251-21	GUSA7Z	29
LPHTD252-21	GUSA7Z	32
LPHTD253-21	GUSA7Z	20
LPHTD254-21	GUSA7Z	25
LPHTD255-21	GUSA7Z	25
LPHTD256-21	GUSA7Z	31
LPHTD257-21	GUSA7Z	24
LPHTD258-21	GUSA7Z	18
LPHTD259-21	GUSA7Z	5
LPHTD260-21	GUSA7Z	27
LPHTD261-21	GUSA7Z	27
LPHTD262-21	GUSA7Z	20
LPHTD263-21	GUSA7Z	18
LPHTD264-21	GUSA7Z	30
LPHTD265-21	GUSA7Z	33
LPHTD266-21	GUSA7Z	30
LPHTD267-21	GUSA7Z	31
LPHTD268-21	GUSA7Z	38
LPHTD269-21	GUSA7Z	25
LPHTD270-21	GUSA7Z	32
LPHTD271-21	GUSA7Z	27
LPHTD272-21	GUSA7Z	42
LPHTD273-21	GUSA7Z	26
LPHTD274-21	GUSA7Z	21
LPHTD275-21	GUSA7Z	41
LPHTD276-21	GUSA7Z	31
LPHTD277-21	GUSA7Z	30
LPHTD278-21	GUSA7Z	28
LPHTD279-21	GUSA7Z	30
LPHTD280-21	GUSA7Z	23
LPHTD281-21	GUSA7Z	34
LPHTD282-21	GUSA7Z	20
LPHTD283-21	GUSA7Z	16
LPHTD284-21	GUSA7Z	33
LPHTD285-21	GUSA7Z	26
LPHTD286-21	GUSA7Z	26
LPHTD287-21	GUSA7Z	17
LPHTD288-21	GUSA7Z	24
LPHTD289-21	GUSA7Z	9
LPHTD290-21	GUSA7Z	7
LPHTD291-21	GUSA7Z	19
LPHTD292-21	GUSA7Z	20
LPHTD293-21	GUSA7Z	29
LPHTD294-21	GUSA7Z	22
LPHTD295-21	GUSA7Z	22
LPHTD296-21	GUSA7Z	23
LPHTD297-21	GUSA7Z	20
LPHTD298-21	GUSA7Z	24
LPHTD299-21	GUSA7Z	11
LPHTD300-21	GUSA7Z	16
LPHTD301-21	GUSA7Z	9
LPHTD302-21	GUSA7Z	23
LPHTD303-21	GUSA7Z	24
LPHTD304-21	GUSA7Z	32
LPHTD305-21	GUSA7Z	15
LPHTD306-21	GUSA7Z	28
LPHTD307-21	GUSA7Z	34
LPHTD308-21	GUSA7Z	25
LPHTD309-21	GUSA7Z	23
LPHTD310-21	GUSA7Z	3
LPHTD311-21	GUSA7Z	7
LPHTD312-21	GUSA7Z	32
LPHTD313-21	GUSA7Z	9
LPHTD314-21	GUSA7Z	24
LPHTD315-21	GUSA7Z	21
LPHTD316-21	GUSA7Z	28
LPHTD317-21	GUSA7Z	22
LPHTD318-21	GUSA7Z	7
LPHTD319-21	GUSA7Z	18
LPHTD320-21	GUSA7Z	34
LPHTD321-21	GUSA7Z	24
LPHTD322-21	GUSA7Z	24
LPHTD323-21	GUSA7Z	3
LPHTD324-21	GUSA7Z	29
LPHTD325-21	GUSA7Z	37
LPHTD326-21	GUSA7Z	19
LPHTD327-21	GUSA7Z	4
LPHTD328-21	GUSA7Z	21
LPHTD329-21	GUSA7Z	9
LPHTD330-21	GUSA7Z	17
LPHTD331-21	GUSA7Z	32
LPHTD332-21	GUSA7Z	28
LPHTD333-21	GUSA7Z	24
LPHTD334-21	GUSA7Z	3
LPHTD335-21	GUSA7Z	8
LPHTD337-21	GUSA7Z	31
LPHTD338-21	GUSA7Z	4
LPHTD339-21	GUSA7Z	31
LPHTD340-21	GUSA7Z	23
LPHTD341-21	GUSA7Z	28
LPHTD342-21	GUSA7Z	30
LPHTD343-21	GUSA7Z	30
LPHTD344-21	GUSA7Z	10
LPHTD345-21	GUSA7Z	26
LPHTD346-21	GUSA7Z	2
LPHTD347-21	GUSA7Z	14
LPHTD348-21	GUSA7Z	28
LPHTD349-21	GUSA7Z	21
LPHTD350-21	GUSA7Z	17
LPHTD351-21	GUSA7Z	12
LPHTD352-21	GUSA7Z	25
LPHTD353-21	GUSA7Z	16
LPHTD354-21	GUSA7Z	27
LPHTD355-21	GUSA7Z	26
LPHTD356-21	GUSA7Z	22
LPHTD357-21	GUSA7Z	10
LPHTD358-21	GUSA7Z	23
LPHTD359-21	GUSA7Z	26
LPHTD360-21	GUSA7Z	23
LPHTD361-21	GUSA7Z	26
LPHTD362-21	GUSA7Z	15
LPHTD364-21	GUSA7Z	3
LPHTD365-21	GUSA7Z	25
LPHTD366-21	GUSA7Z	22
LPHTD367-21	GUSA7Z	24
LPHTD368-21	GUSA7Z	14
LPHTD369-21	GUSA7Z	12
LPHTD370-21	GUSA7Z	19
LPHTD371-21	GUSA7Z	30
LPHTD372-21	GUSA7Z	19
LPHTD373-21	GUSA7Z	34
LPHTD374-21	GUSA7Z	8
LPHTD375-21	GUSA7Z	15
LPHTD376-21	GUSA7Z	25
LPHTD377-21	GUSA7Z	19
LPHTD378-21	GUSA7Z	37
LPHTD379-21	GUSA7Z	23
LPHTD380-21	GUSA7Z	29
LPHTD381-21	GUSA7Z	19
LPHTD382-21	GUSA7Z	27
LPHTD383-21	GUSA7Z	31
LPHTD384-21	GUSA7Z	39
LPHTD385-21	GUSA7Z	27
LPHTD386-21	GUSA7Z	9
LPHTD387-21	GUSA7Z	31
LPHTD388-21	GUSA7Z	16
LPHTD389-21	GUSA7Z	30
LPHTD390-21	GUSA7Z	25
LPHTD392-21	GUSA7Z	23
LPHTD394-21	GUSA7Z	20
LPHTD395-21	GUSA7Z	31
LPHTD396-21	GUSA7Z	29
LPHTD397-21	GUSA7Z	19
LPHTD398-21	GUSA7Z	27
LPHTD399-21	GUSA7Z	19
LPHTD400-21	GUSA7Z	15
LPHTD401-21	GUSA7Z	19
LPHTD402-21	GUSA7Z	19
LPHTD403-21	GUSA7Z	3
LPHTD404-21	GUSA7Z	12
LPHTD405-21	GUSA7Z	16
LPHTD406-21	GUSA7Z	33
LPHTD407-21	GUSA7Z	3
LPHTD408-21	GUSA7Z	25
LPHTD409-21	GUSA7Z	34
LPHTD410-21	GUSA7Z	5
LPHTD411-21	GUSA7Z	8
LPHTD412-21	GUSA7Z	18
LPHTD413-21	GUSA7Z	17
LPHTD414-21	GUSA7Z	2
LPHTD415-21	GUSA7Z	35
LPHTD416-21	GUSA7Z	30
LPHTD417-21	GUSA7Z	34
LPHTD418-21	GUSA7Z	18
LPHTD419-21	GUSA7Z	21
LPHTD420-21	GUSA7Z	22
LPHTD421-21	GUSA7Z	27
LPHTD422-21	GUSA7Z	32
LPHTD423-21	GUSA7Z	20
LPHTD424-21	GUSA7Z	16
LPHTD425-21	GUSA7Z	21
LPHTD426-21	GUSA7Z	13
LPHTD427-21	GUSA7Z	13
LPHTD428-21	GUSA7Z	31
LPHTD429-21	GUSA7Z	24
LPHTD430-21	GUSA7Z	22
LPHTD431-21	GUSA7Z	10
LPHTD432-21	GUSA7Z	31
LPHTD433-21	GUSA7Z	9
LPHTD434-21	GUSA7Z	1
LPHTD435-21	GUSA7Z	7
LPHTD436-21	GUSA7Z	11
LPHTD437-21	GUSA7Z	21
LPHTD438-21	GUSA7Z	30
LPHTD439-21	GUSA7Z	24
LPHTD440-21	GUSA7Z	26
LPHTD441-21	GUSA7Z	41
LPHTD442-21	GUSA7Z	29
LPHTD443-21	GUSA7Z	16
LPHTD444-21	GUSA7Z	36
LPHTD445-21	GUSA7Z	20
LPHTD446-21	GUSA7Z	33
LPHTD447-21	GUSA7Z	27
LPHTD448-21	GUSA7Z	26
LPHTD449-21	GUSA7Z	26
LPHTD450-21	GUSA7Z	27
LPHTD451-21	GUSA7Z	31
LPHTD452-21	GUSA7Z	17
LPHTD453-21	GUSA7Z	36
LPHTD454-21	GUSA7Z	37
LPHTD455-21	GUSA7Z	36
LPHTD456-21	GUSA7Z	34
LPHTD457-21	GUSA7Z	14
LPHTD458-21	GUSA7Z	31
LPHTD459-21	GUSA7Z	38
LPHTD460-21	GUSA7Z	30
LPHTD461-21	GUSA7Z	28
LPHTD462-21	GUSA7Z	21
LPHTD463-21	GUSA7Z	28
LPHTD464-21	GUSA7Z	19
LPHTD465-21	GUSA7Z	29
LPHTD466-21	GUSA7Z	30
LPHTD467-21	GUSA7Z	36
LPHTD468-21	GUSA7Z	14
LPHTD469-21	GUSA7Z	2
LPHTD470-21	GUSA7Z	36
LPHTD471-21	GUSA7Z	8
LPHTD472-21	GUSA7Z	22
LPHTD473-21	GUSA7Z	23
LPHTD474-21	GUSA7Z	16
LPHTD475-21	GUSA7Z	27
LPHTD476-21	GUSA7Z	30
LPHTD477-21	GUSA7Z	26
LPHTD478-21	GUSA7Z	18
LPHTD479-21	GUSA7Z	18
LPHTD480-21	GUSA7Z	20
LPHTD481-21	GUSA7Z	31
LPHTD482-21	GUSA7Z	6
LPHTD483-21	GUSA7Z	9
LPHTD484-21	GUSA7Z	31
LPHTD485-21	GUSA7Z	25
LPHTD486-21	GUSA7Z	12
LPHTD487-21	GUSA7Z	37
LPHTD488-21	GUSA7Z	10
LPHTD489-21	GUSA7Z	26
LPHTD490-21	GUSA7Z	33
LPHTD491-21	GUSA7Z	41
LPHTD492-21	GUSA7Z	28
LPHTD493-21	GUSA7Z	30
LPHTD494-21	GUSA7Z	29
LPHTD495-21	GUSA7Z	27
LPHTD496-21	GUSA7Z	33
LPHTD497-21	GUSA7Z	23
LPHTD498-21	GUSA7Z	33
LPHTD499-21	GUSA7Z	24
LPHTD500-21	GUSA7Z	37
LPHTD501-21	GUSA7Z	23
LPHTD502-21	GUSA7Z	21
LPHTD503-21	GUSA7Z	40
LPHTD504-21	GUSA7Z	27
LPHTD505-21	GUSA7Z	37
LPHTD506-21	GUSA7Z	34
LPHTD507-21	GUSA7Z	29
LPHTD508-21	GUSA7Z	25
LPHTD509-21	GUSA7Z	25
LPHTD510-21	GUSA7Z	32
LPHTD511-21	GUSA7Z	27
LPHTD512-21	GUSA7Z	36
LPHTD513-21	GUSA7Z	26
LPHTD514-21	GUSA7Z	40
LPHTD515-21	GUSA7Z	45
LPHTD516-21	GUSA7Z	20
LPHTD517-21	GUSA7Z	43
LPHTD519-21	GUSA7Z	33
LPHTD520-21	GUSA7Z	43
LPHTD521-21	GUSA7Z	20
LPHTD522-21	GUSA7Z	37
LPHTD523-21	GUSA7Z	32
LPHTD524-21	GUSA7Z	20
LPHTD525-21	GUSA7Z	36
LPHTD526-21	GUSA7Z	24
LPHTD527-21	GUSA7Z	24
LPHTD528-21	GUSA7Z	33
LPHTD529-21	GUSA7Z	36
LPHTD530-21	GUSA7Z	28
LPHTD531-21	GUSA7Z	36
LPHTD532-21	GUSA7Z	22
LPHTD533-21	GUSA7Z	28
LPHTD534-21	GUSA7Z	24
LPHTD535-21	GUSA7Z	23
LPHTD536-21	GUSA7Z	43
LPHTD537-21	GUSA7Z	5
LPHTD538-21	GUSA7Z	30
LPHTD539-21	GUSA7Z	32
LPHTD540-21	GUSA7Z	14
LPHTD541-21	GUSA7Z	29
LPHTD542-21	GUSA7Z	26
LPHTD543-21	GUSA7Z	27
LPHTD544-21	GUSA7Z	26
LPHTD545-21	GUSA7Z	24
LPHTD546-21	GUSA7Z	30
LPHTD547-21	GUSA7Z	24
LPHTD548-21	GUSA7Z	23
LPHTD549-21	GUSA7Z	7
LPHTD550-21	GUSA7Z	20
LPHTD551-21	GUSA7Z	26
LPHTD552-21	GUSA7Z	25
LPHTD554-21	GUSA7Z	26
LPHTD555-21	GUSA7Z	12
LPHTD556-21	GUSA7Z	3
LPHTD557-21	GUSA7Z	21
LPHTD558-21	GUSA7Z	26
LPHTD559-21	GUSA7Z	3
LPHTD560-21	GUSA7Z	16
LPHTD561-21	GUSA7Z	16
LPHTD562-21	GUSA7Z	26
LPHTD564-21	GUSA7Z	28
LPHTD565-21	GUSA7Z	18
LPHTD566-21	GUSA7Z	44
LPHTD567-21	GUSA7Z	31
LPHTD568-21	GUSA7Z	31
LPHTD569-21	GUSA7Z	31
LPHTD570-21	GUSA7Z	35
LPHTD571-21	GUSA7Z	46
LPHTD572-21	GUSA7Z	21
LPHTD573-21	GUSA7Z	31
LPHTD575-21	GUSA7Z	25
LPHTD576-21	GUSA7Z	16
LPHTD577-21	GUSA7Z	24
LPHTD578-21	GUSA7Z	28
LPHTD579-21	GUSA7Z	19
LPHTD580-21	GUSA7Z	23
LPHTD581-21	GUSA7Z	23
LPHTD582-21	GUSA7Z	16
LPHTD583-21	GUSA7Z	14
LPHTD584-21	GUSA7Z	24
LPHTD585-21	GUSA7Z	23
LPHTD586-21	GUSA7Z	34
LPHTD587-21	GUSA7Z	25
LPHTD588-21	GUSA7Z	18
LPHTD589-21	GUSA7Z	3
LPHTD590-21	GUSA7Z	12
LPHTD591-21	GUSA7Z	28
LPHTD592-21	GUSA7Z	14
LPHTD593-21	GUSA7Z	13
LPHTD594-21	GUSA7Z	22
LPHTD595-21	GUSA7Z	24
LPHTD596-21	GUSA7Z	21
LPHTD597-21	GUSA7Z	35
LPHTD598-21	GUSA7Z	5
LPHTD599-21	GUSA7Z	37
LPHTD600-21	GUSA7Z	22
LPHTD601-21	GUSA7Z	26
LPHTD602-21	GUSA7Z	24
LPHTD603-21	GUSA7Z	21
LPHTD604-21	GUSA7Z	41
LPHTD605-21	GUSA7Z	27
LPHTD606-21	GUSA7Z	25
LPHTD607-21	GUSA7Z	6
LPHTD608-21	GUSA7Z	34
LPHTD609-21	GUSA7Z	33
LPHTD610-21	GUSA7Z	40
LPHTD611-21	GUSA7Z	35
LPHTD612-21	GUSA7Z	9
LPHTD613-21	GUSA7Z	22
LPHTD614-21	GUSA7Z	34
LPHTD615-21	GUSA7Z	29
LPHTD616-21	GUSA7Z	8
LPHTD617-21	GUSA7Z	13
LPHTD618-21	GUSA7Z	34
LPHTD619-21	GUSA7Z	5
LPHTD621-21	GUSA7Z	5
LPHTD622-21	GUSA7Z	13
LPHTD623-21	GUSA7Z	44
LPHTD624-21	GUSA7Z	7
LPHTD625-21	GUSA7Z	13
LPHTD626-21	GUSA7Z	23
LPHTD627-21	GUSA7Z	6
LPHTD628-21	GUSA7Z	7
LPHTD629-21	GUSA7Z	15
LPHTD630-21	GUSA7Z	14
LPHTD631-21	GUSA7Z	12
LPHTD632-21	GUSA7Z	9
LPHTD633-21	GUSA7Z	25
LPHTD634-21	GUSA7Z	4
LPHTD635-21	GUSA7Z	6
LPHTD636-21	GUSA7Z	3
LPHTD640-21	GUSA7Z	8
LPHTD641-21	GUSA7Z	3
LPHTD642-21	GUSA7Z	3
LPHTD643-21	GUSA7Z	1
LPHTD644-21	GUSA7Z	3
LPHTD645-21	GUSA7Z	5
LPHTD646-21	GUSA7Z	9
LPHTD648-21	GUSA7Z	4
LPHTD649-21	GUSA7Z	3
LPHTD651-21	GUSA7Z	3
LPHTD653-21	GUSA7Z	2
LPHTD655-21	GUSA7Z	1
LPHTD656-21	GUSA7Z	32
LPHTD657-21	GUSA7Z	30
LPHTD658-21	GUSA7Z	28
LPHTD659-21	GUSA7Z	29
LPHTD660-21	GUSA7Z	31
LPHTD661-21	GUSA7Z	21
LPHTD662-21	GUSA7Z	27
LPHTD663-21	GUSA7Z	28
LPHTD664-21	GUSA7Z	16
LPHTD665-21	GUSA7Z	34
LPHTD666-21	GUSA7Z	25
LPHTD667-21	GUSA7Z	3
LPHTD668-21	GUSA7Z	31
LPHTD669-21	GUSA7Z	34
LPHTD670-21	GUSA7Z	33
LPHTD671-21	GUSA7Z	32
LPHTD672-21	GUSA7Z	28
LPHTD673-21	GUSA7Z	18
LPHTD674-21	GUSA7Z	27
LPHTD675-21	GUSA7Z	34
LPHTD676-21	GUSA7Z	35
LPHTD677-21	GUSA7Z	39
LPHTD678-21	GUSA7Z	24
LPHTD679-21	GUSA7Z	22
LPHTD680-21	GUSA7Z	28
LPHTD681-21	GUSA7Z	21
LPHTD682-21	GUSA7Z	30
LPHTD683-21	GUSA7Z	37
LPHTD684-21	GUSA7Z	24
LPHTD685-21	GUSA7Z	35
LPHTD686-21	GUSA7Z	22
LPHTD687-21	GUSA7Z	29
LPHTD688-21	GUSA7Z	32
LPHTD689-21	GUSA7Z	25
LPHTD690-21	GUSA7Z	30
LPHTD691-21	GUSA7Z	14
LPHTD692-21	GUSA7Z	33
LPHTD693-21	GUSA7Z	34
LPHTD694-21	GUSA7Z	30
LPHTD695-21	GUSA7Z	21
LPHTD696-21	GUSA7Z	25
LPHTD697-21	GUSA7Z	32
LPHTD698-21	GUSA7Z	37
LPHTD699-21	GUSA7Z	30
LPHTD700-21	GUSA7Z	29
LPHTD701-21	GUSA7Z	24
LPHTD702-21	GUSA7Z	35
LPHTD703-21	GUSA7Z	33
LPHTD704-21	GUSA7Z	20
LPHTD705-21	GUSA7Z	47
LPHTD706-21	GUSA7Z	27
LPHTD707-21	GUSA7Z	33
LPHTD708-21	GUSA7Z	22
LPHTD709-21	GUSA7Z	17
LPHTD710-21	GUSA7Z	36
LPHTD712-21	GUSA7Z	24
LPHTD713-21	GUSA7Z	40
LPHTD714-21	GUSA7Z	22
LPHTD715-21	GUSA7Z	20
LPHTD716-21	GUSA7Z	44
LPHTD717-21	GUSA7Z	27
LPHTD718-21	GUSA7Z	29
LPHTD719-21	GUSA7Z	34
LPHTD720-21	GUSA7Z	39
LPHTD721-21	GUSA7Z	25
LPHTD722-21	GUSA7Z	17
LPHTD723-21	GUSA7Z	14
LPHTD724-21	GUSA7Z	33
LPHTD725-21	GUSA7Z	25
LPHTD726-21	GUSA7Z	24
LPHTD727-21	GUSA7Z	21
LPHTD728-21	GUSA7Z	40
LPHTD729-21	GUSA7Z	38
LPHTD730-21	GUSA7Z	38
LPHTD731-21	GUSA7Z	33
LPHTD732-21	GUSA7Z	30
LPHTD733-21	GUSA7Z	22
LPHTD734-21	GUSA7Z	23
LPHTD735-21	GUSA7Z	26
LPHTD736-21	GUSA7Z	26
LPHTD738-21	GUSA7Z	19
LPHTD739-21	GUSA7Z	24
LPHTD740-21	GUSA7Z	40
LPHTD741-21	GUSA7Z	26
LPHTD742-21	GUSA7Z	17
LPHTD743-21	GUSA7Z	29
LPHTD744-21	GUSA7Z	18
LPHTD745-21	GUSA7Z	27
LPHTD746-21	GUSA7Z	22
LPHTD747-21	GUSA7Z	39
LPHTD748-21	GUSA7Z	22
LPHTD749-21	GUSA7Z	25
LPHTD750-21	GUSA7Z	24
LPHTD751-21	GUSA7Z	29
LPHTD752-21	GUSA7Z	29
LPHTD754-21	GUSA7Z	6
LPHTD755-21	GUSA7Z	7
LPHTD756-21	GUSA7Z	5
LPHTD757-21	GUSA7Z	4
LPHTD758-21	GUSA7Z	5
LPHTD759-21	GUSA7Z	2
LPHTD760-21	GUSA7Z	9
LPHTD761-21	GUSA7Z	6
LPHTD762-21	GUSA7Z	32
LPHTD764-21	GUSA7Z	22
LPHTD765-21	GUSA7Z	26
LPHTD766-21	GUSA7Z	3
LPHTD767-21	GUSA7Z	13
LPHTD768-21	GUSA7Z	3
LPHTD770-21	GUSA7Z	10
LPHTD771-21	GUSA7Z	19
LPHTD772-21	GUSA7Z	5
LPHTD773-21	GUSA7Z	26
LPHTD774-21	GUSA7Z	9
LPHTD775-21	GUSA7Z	24
LPHTD776-21	GUSA7Z	19
LPHTD777-21	GUSA7Z	39
LPHTD778-21	GUSA7Z	27
LPHTD779-21	GUSA7Z	13
LPHTD780-21	GUSA7Z	31
LPHTD781-21	GUSA7Z	37
LPHTD782-21	GUSA7Z	18
LPHTD783-21	GUSA7Z	32
LPHTD784-21	GUSA7Z	33
LPHTD785-21	GUSA7Z	33
LPHTD786-21	GUSA7Z	36
LPHTD787-21	GUSA7Z	32
LPHTD788-21	GUSA7Z	25
LPHTD789-21	GUSA7Z	29
LPHTD790-21	GUSA7Z	39
LPHTD791-21	GUSA7Z	29
LPHTD792-21	GUSA7Z	24
LPHTD793-21	GUSA7Z	16
LPHTD794-21	GUSA7Z	16
LPHTD795-21	GUSA7Z	21
LPHTD796-21	GUSA7Z	28
LPHTD797-21	GUSA7Z	40
LPHTD798-21	GUSA7Z	19
LPHTD799-21	GUSA7Z	37
LPHTD800-21	GUSA7Z	28
LPHTD801-21	GUSA7Z	22
LPHTD802-21	GUSA7Z	34
LPHTD803-21	GUSA7Z	29
LPHTD804-21	GUSA7Z	28
LPHTD805-21	GUSA7Z	26
LPHTD806-21	GUSA7Z	22
LPHTD807-21	GUSA7Z	23
LPHTD808-21	GUSA7Z	30
LPHTD809-21	GUSA7Z	23
LPHTD810-21	GUSA7Z	44
LPHTD811-21	GUSA7Z	33
LPHTD812-21	GUSA7Z	27
LPHTD813-21	GUSA7Z	23
LPHTD814-21	GUSA7Z	25
LPHTD815-21	GUSA7Z	22
LPHTD816-21	GUSA7Z	30
LPHTD817-21	GUSA7Z	18
LPHTD818-21	GUSA7Z	44
LPHTD819-21	GUSA7Z	30
LPHTD820-21	GUSA7Z	24
LPHTD821-21	GUSA7Z	31
LPHTD822-21	GUSA7Z	21
LPHTD823-21	GUSA7Z	31
LPHTD824-21	GUSA7Z	6
LPHTD825-21	GUSA7Z	21
LPHTD826-21	GUSA7Z	14
LPHTD827-21	GUSA7Z	3
LPHTD828-21	GUSA7Z	26
LPHTD829-21	GUSA7Z	6
LPHTD830-21	GUSA7Z	24
LPHTD831-21	GUSA7Z	25
LPHTD832-21	GUSA7Z	32
LPHTD834-21	GUSA7Z	20
LPHTD835-21	GUSA7Z	26
LPHTD836-21	GUSA7Z	31
LPHTD837-21	GUSA7Z	32
LPHTD838-21	GUSA7Z	29
LPHTD839-21	GUSA7Z	25
LPHTD840-21	GUSA7Z	22
LPHTD841-21	GUSA7Z	23
LPHTD843-21	GUSA7Z	5
LPHTD844-21	GUSA7Z	26
LPHTD845-21	GUSA7Z	23
LPHTD846-21	GUSA7Z	23
LPHTD848-21	GUSA7Z	23
LPHTD849-21	GUSA7Z	13
LPHTD850-21	GUSA7Z	28
LPHTD851-21	GUSA7Z	24
LPHTD852-21	GUSA7Z	23
LPHTD853-21	GUSA7Z	29
LPHTD854-21	GUSA7Z	25
LPHTD855-21	GUSA7Z	17
LPHTD856-21	GUSA7Z	42
LPHTD857-21	GUSA7Z	3
LPHTD858-21	GUSA7Z	7
LPHTD859-21	GUSA7Z	22
LPHTD860-21	GUSA7Z	20
LPHTD861-21	GUSA7Z	35
LPHTD862-21	GUSA7Z	20
LPHTD863-21	GUSA7Z	20
LPHTD864-21	GUSA7Z	35
LPHTD865-21	GUSA7Z	35
LPHTD866-21	GUSA7Z	36
LPHTD867-21	GUSA7Z	33
LPHTD868-21	GUSA7Z	22
LPHTD869-21	GUSA7Z	22
LPHTD870-21	GUSA7Z	29
LPHTD871-21	GUSA7Z	34
LPHTD872-21	GUSA7Z	25
LPHTD873-21	GUSA7Z	22
LPHTD874-21	GUSA7Z	33
LPHTD875-21	GUSA7Z	22
LPHTD876-21	GUSA7Z	34
LPHTD877-21	GUSA7Z	35
LPHTD878-21	GUSA7Z	15
LPHTD879-21	GUSA7Z	4
LPHTD880-21	GUSA7Z	23
LPHTD881-21	GUSA7Z	14
LPHTD882-21	GUSA7Z	29
LPHTD883-21	GUSA7Z	19
LPHTD884-21	GUSA7Z	23
LPHTD885-21	GUSA7Z	36
LPHTD886-21	GUSA7Z	26
LPHTD887-21	GUSA7Z	40
LPHTD888-21	GUSA7Z	37
LPHTD889-21	GUSA7Z	27
LPHTD890-21	GUSA7Z	29
LPHTD891-21	GUSA7Z	28
LPHTD892-21	GUSA7Z	30
LPHTD893-21	GUSA7Z	27
LPHTD894-21	GUSA7Z	31
LPHTD895-21	GUSA7Z	21
LPHTD896-21	GUSA7Z	24
LPHTD897-21	GUSA7Z	18
LPHTD899-21	GUSA7Z	2
LPHTD900-21	GUSA7Z	6
LPKIL001-22	GRSA2D	20
LPKIL002-22	GRSA2D	28
LPKIL003-22	GRSA2D	18
LPKIL004-22	GRSA2D	29
LPKIL005-22	GRSA2D	19
LPKIL006-22	GRSA2D	8
LPKIL007-22	GRSA2D	12
LPKIL008-22	GRSA2D	25
LPKIL009-22	GRSA2D	3
LPKIL010-22	GRSA2D	26
LPKIL011-22	GRSA2D	9
LPKIL012-22	GRSA2D	34
LPKIL013-22	GRSA2D	6
LPKIL014-22	GRSA2D	30
LPKIL015-22	GRSA2D	13
LPKIL016-22	GRSA2D	13
LPKIL017-22	GRSA2D	11
LPKIL018-22	GRSA2D	10
LPKIL019-22	GRSA2D	2
LPKIL020-22	GRSA2D	8
LPKIL022-22	GRSA2D	12
LPKIL023-22	GRSA2D	15
LPKIL024-22	GRSA2D	5
LPKIL025-22	GRSA2D	14
LPKIL026-22	GRSA2D	21
LPKIL027-22	GRSA2D	23
LPKIL028-22	GRSA2D	11
LPKIL029-22	GRSA2D	14
LPKIL030-22	GRSA2D	23
LPKIL031-22	GRSA2D	7
LPKIL032-22	GRSA2D	7
LPKIL033-22	GRSA2D	10
LPKIL034-22	GRSA2D	18
LPKIL035-22	GRSA2D	15
LPKIL036-22	GRSA2D	16
LPKIL037-22	GRSA2D	18
LPKIL039-22	GRSA2D	24
LPKIL040-22	GRSA2D	9
LPKIL041-22	GRSA2D	12
LPKIL042-22	GRSA2D	5
LPKIL043-22	GRSA2D	18
LPKIL044-22	GRSA2D	15
LPKIL045-22	GRSA2D	13
LPKIL046-22	GRSA2D	18
LPKIL047-22	GRSA2D	15
LPKIL048-22	GRSA2D	13
LPKIL049-22	GRSA2D	19
LPKIL051-22	GRSA2D	14
LPKIL052-22	GRSA2D	16
LPKIL053-22	GRSA2D	17
LPKIL054-22	GRSA2D	12
LPKIL055-22	GRSA2D	17
LPKIL056-22	GRSA2D	3
LPKIL057-22	GRSA2D	4
LPKIL058-22	GRSA2D	11
LPKIL059-22	GRSA2D	7
LPKIL061-22	GRSA2D	21
LPKIL062-22	GRSA2D	23
LPKIL063-22	GRSA2D	20
LPKIL064-22	GRSA2D	21
LPKIL065-22	GRSA2D	29
LPKIL066-22	GRSA2D	20
LPKIL067-22	GRSA2D	18
LPKIL068-22	GRSA2D	26
LPKIL069-22	GRSA2D	17
LPKIL070-22	GRSA2D	33
LPKIL071-22	GRSA2D	26
LPKIL072-22	GRSA2D	25
LPKIL073-22	GRSA2D	25
LPKIL074-22	GRSA2D	34
LPKIL075-22	GRSA2D	13
LPKIL076-22	GRSA2D	22
LPKIL077-22	GRSA2D	23
LPKIL078-22	GRSA2D	33
LPKIL079-22	GRSA2D	25
LPKIL080-22	GRSA2D	25
LPKIL081-22	GRSA2D	24
LPKIL082-22	GRSA2D	20
LPKIL083-22	GRSA2D	29
LPKIL084-22	GRSA2D	30
LPKIL085-22	GRSA2D	28
LPKIL086-22	GRSA2D	9
LPKIL087-22	GRSA2D	22
LPKIL088-22	GRSA2D	20
LPKIL089-22	GRSA2D	29
LPKIL090-22	GRSA2D	24
LPKIL091-22	GRSA2D	36
LPKIL092-22	GRSA2D	33
LPKIL093-22	GRSA2D	30
LPKIL094-22	GRSA2D	34
LPKIL095-22	GRSA2D	22
LPKIL096-22	GRSA2D	35
LPKIL097-22	GRSA2D	24
LPKIL098-22	GRSA2D	8
LPKIL100-22	GRSA2D	30
LPKIL101-22	GRSA2D	12
LPKIL102-22	GRSA2D	24
LPKIL103-22	GRSA2D	26
LPKIL104-22	GRSA2D	28
LPKIL105-22	GRSA2D	27
LPKIL106-22	GRSA2D	27
LPKIL107-22	GRSA2D	23
LPKIL108-22	GRSA2D	35
LPKIL109-22	GRSA2D	27
LPKIL110-22	GRSA2D	34
LPKIL111-22	GRSA2D	28
LPKIL112-22	GRSA2D	24
LPKIL113-22	GRSA2D	15
LPKIL114-22	GRSA2D	15
LPKIL115-22	GRSA2D	14
LPKIL116-22	GRSA2D	47
LPKIL117-22	GRSA2D	28
LPKIL118-22	GRSA2D	31
LPKIL119-22	GRSA2D	35
LPKIL120-22	GRSA2D	32
LPKIL121-22	GRSA2D	13
LPKIL122-22	GRSA2D	34
LPKIL123-22	GRSA2D	35
LPKIL124-22	GRSA2D	20
LPKIL125-22	GRSA2D	31
LPKIL126-22	GRSA2D	22
LPKIL127-22	GRSA2D	24
LPKIL128-22	GRSA2D	19
LPKIL129-22	GRSA2D	28
LPKIL130-22	GRSA2D	40
LPKIL131-22	GRSA2D	22
LPKIL132-22	GRSA2D	32
LPKIL133-22	GRSA2D	33
LPKIL134-22	GRSA2D	46
LPKIL135-22	GRSA2D	38
LPKIL136-22	GRSA2D	28
LPKIL137-22	GRSA2D	8
LPKIL138-22	GRSA2D	17
LPKIL139-22	GRSA2D	33
LPKIL140-22	GRSA2D	21
LPKIL141-22	GRSA2D	22
LPKIL142-22	GRSA2D	24
LPKIL143-22	GRSA2D	21
LPKIL144-22	GRSA2D	18
LPKIL145-22	GRSA2D	28
LPKIL146-22	GRSA2D	20
LPKIL147-22	GRSA2D	35
LPKIL148-22	GRSA2D	23
LPKIL149-22	GRSA2D	17
LPKIL150-22	GRSA2D	29
LPKIL151-22	GRSA2D	31
LPKIL152-22	GRSA2D	20
LPKIL153-22	GRSA2D	26
LPKIL154-22	GRSA2D	26
LPKIL155-22	GRSA2D	4
LPKIL156-22	GRSA2D	35
LPKIL157-22	GRSA2D	35
LPKIL158-22	GRSA2D	16
LPKIL159-22	GRSA2D	30
LPKIL160-22	GRSA2D	23
LPKIL161-22	GRSA2D	35
LPKIL162-22	GRSA2D	25
LPKIL163-22	GRSA2D	20
LPKIL164-22	GRSA2D	21
LPKIL165-22	GRSA2D	29
LPKIL166-22	GRSA2D	20
LPKIL167-22	GRSA2D	25
LPKIL168-22	GRSA2D	29
LPKIL169-22	GRSA2D	31
LPKIL170-22	GRSA2D	24
LPKIL171-22	GRSA2D	36
LPKIL172-22	GRSA2D	22
LPKIL173-22	GRSA2D	21
LPKIL174-22	GRSA2D	27
LPKIL175-22	GRSA2D	22
LPKIL176-22	GRSA2D	22
LPKIL177-22	GRSA2D	21
LPKIL178-22	GRSA2D	28
LPKIL179-22	GRSA2D	21
LPKIL180-22	GRSA2D	26
LPKIL181-22	GRSA2D	23
LPKIL182-22	GRSA2D	19
LPKIL183-22	GRSA2D	32
LPKIL184-22	GRSA2D	23
LPKIL185-22	GRSA2D	23
LPKIL186-22	GRSA2D	21
LPKIL188-22	GRSA2D	28
LPKIL189-22	GRSA2D	23
LPKIL190-22	GRSA2D	35
LPKIL191-22	GRSA2D	28
LPKIL192-22	GRSA2D	22
LPKIL193-22	GRSA2D	32
LPKIL194-22	GRSA2D	22
LPKIL195-22	GRSA2D	12
LPKIL196-22	GRSA2D	16
LPKIL197-22	GRSA2D	26
LPKIL198-22	GRSA2D	25
LPKIL199-22	GRSA2D	21
LPKIL200-22	GRSA2D	21
LPKIL201-22	GRSA2D	16
LPKIL202-22	GRSA2D	29
LPKIL203-22	GRSA2D	25
LPKIL204-22	GRSA2D	25
LPKIL205-22	GRSA2D	25
LPKIL206-22	GRSA2D	22
LPKIL207-22	GRSA2D	18
LPKIL208-22	GRSA2D	24
LPKIL209-22	GRSA2D	16
LPKIL210-22	GRSA2D	16
LPKIL211-22	GRSA2D	25
LPKIL212-22	GRSA2D	24
LPKIL213-22	GRSA2D	25
LPKIL214-22	GRSA2D	30
LPKIL215-22	GRSA2D	36
LPKIL216-22	GRSA2D	21
LPKIL217-22	GRSA2D	30
LPKIL218-22	GRSA2D	26
LPKIL219-22	GRSA2D	21
LPKIL220-22	GRSA2D	34
LPKIL221-22	GRSA2D	24
LPKIL222-22	GRSA2D	22
LPKIL223-22	GRSA2D	29
LPKIL224-22	GRSA2D	29
LPKIL225-22	GRSA2D	20
LPKIL226-22	GRSA2D	20
LPKIL227-22	GRSA2D	24
LPKIL228-22	GRSA2D	30
LPKIL229-22	GRSA2D	30
LPKIL230-22	GRSA2D	30
LPKIL231-22	GRSA2D	19
LPKIL232-22	GRSA2D	32
LPKIL233-22	GRSA2D	14
LPKIL234-22	GRSA2D	27
LPKIL235-22	GRSA2D	32
LPKIL236-22	GRSA2D	30
LPKIL237-22	GRSA2D	20
LPKIL238-22	GRSA2D	31
LPKIL239-22	GRSA2D	28
LPKIL240-22	GRSA2D	38
LPKIL241-22	GRSA2D	6
LPKIL242-22	GRSA2D	25
LPKIL243-22	GRSA2D	26
LPKIL244-22	GRSA2D	41
LPKIL245-22	GRSA2D	28
LPKIL246-22	GRSA2D	19
LPKIL247-22	GRSA2D	24
LPKIL248-22	GRSA2D	34
LPKIL249-22	GRSA2D	23
LPKIL250-22	GRSA2D	30
LPKIL251-22	GRSA2D	27
LPKIL252-22	GRSA2D	35
LPKIL253-22	GRSA2D	35
LPKIL254-22	GRSA2D	27
LPKIL255-22	GRSA2D	19
LPKIL256-22	GRSA2D	32
LPKIL257-22	GRSA2D	26
LPKIL258-22	GRSA2D	29
LPKIL259-22	GRSA2D	24
LPKIL260-22	GRSA2D	24
LPKIL261-22	GRSA2D	21
LPKIL262-22	GRSA2D	33
LPKIL263-22	GRSA2D	27
LPKIL264-22	GRSA2D	21
LPKIL265-22	GRSA2D	34
LPKIL266-22	GRSA2D	22
LPKIL267-22	GRSA2D	18
LPKIL268-22	GRSA2D	27
LPKIL269-22	GRSA2D	29
LPKIL270-22	GRSA2D	23
LPKIL271-22	GRSA2D	24
LPKIL272-22	GRSA2D	23
LPKIL273-22	GRSA2D	17
LPKIL274-22	GRSA2D	27
LPKIL275-22	GRSA2D	34
LPKIL276-22	GRSA2D	7
LPKIL277-22	GRSA2D	22
LPKIL278-22	GRSA2D	25
LPKIL279-22	GRSA2D	28
LPKIL280-22	GRSA2D	19
LPKIL281-22	GRSA2D	20
LPKIL282-22	GRSA2D	19
LPKIL283-22	GRSA2D	26
LPKIL284-22	GRSA2D	31
LPKIL285-22	GRSA2D	21
LPKIL286-22	GRSA2D	22
LPKIL287-22	GRSA2D	31
LPKIL288-22	GRSA2D	21
LPKIL289-22	GRSA2D	24
LPKIL290-22	GRSA2D	30
LPKIL291-22	GRSA2D	31
LPKIL292-22	GRSA2D	26
LPKIL293-22	GRSA2D	27
LPKIL294-22	GRSA2D	32
LPKIL295-22	GRSA2D	19
LPKIL296-22	GRSA2D	23
LPKIL297-22	GRSA2D	6
LPKIL298-22	GRSA2D	31
LPKIL299-22	GRSA2D	26
LPKIL300-22	GRSA2D	31
LPKIL301-22	GRSA2D	27
LPKIL302-22	GRSA2D	31
LPKIL303-22	GRSA2D	26
LPKIL304-22	GRSA2D	20
LPKIL305-22	GRSA2D	23
LPKIL306-22	GRSA2D	19
LPKIL307-22	GRSA2D	21
LPKIL309-22	GRSA2D	26
LPKIL310-22	GRSA2D	22
LPKIL311-22	GRSA2D	23
LPKIL312-22	GRSA2D	29
LPKIL313-22	GRSA2D	35
LPKIL314-22	GRSA2D	17
LPKIL315-22	GRSA2D	27
LPKIL316-22	GRSA2D	27
LPKIL317-22	GRSA2D	27
LPKIL318-22	GRSA2D	26
LPKIL319-22	GRSA2D	25
LPKIL320-22	GRSA2D	23
LPKIL321-22	GRSA2D	15
LPKIL322-22	GRSA2D	34
LPKIL323-22	GRSA2D	23
LPKIL324-22	GRSA2D	23
LPKIL325-22	GRSA2D	33
LPKIL326-22	GRSA2D	29
LPKIL327-22	GRSA2D	31
LPKIL328-22	GRSA2D	43
LPKIL330-22	GRSA2D	28
LPKIL331-22	GRSA2D	34
LPKIL332-22	GRSA2D	24
LPKIL333-22	GRSA2D	26
LPKIL334-22	GRSA2D	26
LPKIL335-22	GRSA2D	36
LPKIL336-22	GRSA2D	19
LPKIL337-22	GRSA2D	33
LPKIL338-22	GRSA2D	17
LPKIL339-22	GRSA2D	17
LPKIL340-22	GRSA2D	16
LPKIL341-22	GRSA2D	36
LPKIL342-22	GRSA2D	32
LPKIL343-22	GRSA2D	37
LPKIL344-22	GRSA2D	23
LPKIL345-22	GRSA2D	34
LPKIL346-22	GRSA2D	30
LPKIL347-22	GRSA2D	31
LPKIL348-22	GRSA2D	35
LPKIL349-22	GRSA2D	33
LPKIL350-22	GRSA2D	30
LPKIL351-22	GRSA2D	37
LPKIL352-22	GRSA2D	40
LPKIL353-22	GRSA2D	53
LPKIL354-22	GRSA2D	35
LPKIL355-22	GRSA2D	33
LPKIL356-22	GRSA2D	29
LPKIL357-22	GRSA2D	37
LPKIL358-22	GRSA2D	42
LPKIL359-22	GRSA2D	49
LPKIL360-22	GRSA2D	41
LPKIL362-22	GRSA2D	26
LPKIL363-22	GRSA2D	35
LPKIL364-22	GRSA2D	38
LPKIL365-22	GRSA2D	31
LPKIL366-22	GRSA2D	26
LPKIL367-22	GRSA2D	45
LPKIL368-22	GRSA2D	35
LPKIL369-22	GRSA2D	28
LPKIL370-22	GRSA2D	27
LPKIL371-22	GRSA2D	32
LPKIL372-22	GRSA2D	35
LPKIL373-22	GRSA2D	29
LPKIL374-22	GRSA2D	40
LPKIL375-22	GRSA2D	37
LPKIL376-22	GRSA2D	4
LPKIL377-22	GRSA2D	37
LPKIL378-22	GRSA2D	39
LPKIL379-22	GRSA2D	45
LPKIL380-22	GRSA2D	33
LPKIL381-22	GRSA2D	41
LPKIL382-22	GRSA2D	30
LPKIL383-22	GRSA2D	36
LPKIL384-22	GRSA2D	31
LPKIL385-22	GRSA2D	26
LPKIL386-22	GRSA2D	34
LPKIL387-22	GRSA2D	51
LPKIL388-22	GRSA2D	29
LPKIL389-22	GRSA2D	34
LPKIL390-22	GRSA2D	43
LPKIL391-22	GRSA2D	23
LPKIL392-22	GRSA2D	25
LPKIL393-22	GRSA2D	48
LPKIL394-22	GRSA2D	41
LPKIL395-22	GRSA2D	31
LPKIL396-22	GRSA2D	39
LPKIL397-22	GRSA2D	28
LPKIL398-22	GRSA2D	39
LPKIL399-22	GRSA2D	37
LPKIL400-22	GRSA2D	29
LPKIL401-22	GRSA2D	37
LPKIL402-22	GRSA2D	45
LPKIL403-22	GRSA2D	19
LPKIL404-22	GRSA2D	46
LPKIL405-22	GRSA2D	36
LPKIL406-22	GRSA2D	35
LPKIL407-22	GRSA2D	32
LPKIL408-22	GRSA2D	34
LPKIL409-22	GRSA2D	27
LPKIL410-22	GRSA2D	32
LPKIL411-22	GRSA2D	38
LPKIL412-22	GRSA2D	36
LPKIL413-22	GRSA2D	32
LPKIL414-22	GRSA2D	8
LPKIL415-22	GRSA2D	17
LPKIL416-22	GRSA2D	32
LPKIL417-22	GRSA2D	36
LPKIL418-22	GRSA2D	37
LPKIL419-22	GRSA2D	28
LPKIL420-22	GRSA2D	23
LPKIL421-22	GRSA2D	41
LPKIL422-22	GRSA2D	36
LPKIL423-22	GRSA2D	33
LPKIL424-22	GRSA2D	48
LPKIL425-22	GRSA2D	32
LPKIL426-22	GRSA2D	49
LPKIL427-22	GRSA2D	35
LPKIL428-22	GRSA2D	34
LPKIL429-22	GRSA2D	56
LPKIL430-22	GRSA2D	18
LPKIL431-22	GRSA2D	42
LPKIL432-22	GRSA2D	31
LPKIL433-22	GRSA2D	24
LPKIL434-22	GRSA2D	40
LPKIL435-22	GRSA2D	46
LPKIL436-22	GRSA2D	32
LPKIL437-22	GRSA2D	49
LPKIL438-22	GRSA2D	29
LPKIL439-22	GRSA2D	30
LPKIL440-22	GRSA2D	37
LPKIL441-22	GRSA2D	35
LPKIL442-22	GRSA2D	42
LPKIL443-22	GRSA2D	6
LPKIL444-22	GRSA2D	46
LPKIL445-22	GRSA2D	50
LPKIL446-22	GRSA2D	38
LPKIL447-22	GRSA2D	36
LPKIL448-22	GRSA2D	26
LPKIL449-22	GRSA2D	40
LPKIL450-22	GRSA2D	29
LPKIL451-22	GRSA2D	17
LPKIL452-22	GRSA2D	42
LPKIL453-22	GRSA2D	40
LPKIL454-22	GRSA2D	43
LPKIL455-22	GRSA2D	29
LPKIL456-22	GRSA2D	18
LPKIL457-22	GRSA2D	36
LPKIL458-22	GRSA2D	30
LPKIL459-22	GRSA2D	26
LPKIL460-22	GRSA2D	38
LPKIL461-22	GRSA2D	34
LPKIL462-22	GRSA2D	27
LPKIL463-22	GRSA2D	37
LPKIL464-22	GRSA2D	39
LPKIL465-22	GRSA2D	23
LPKIL466-22	GRSA2D	30
LPKIL467-22	GRSA2D	33
LPKIL468-22	GRSA2D	35
LPKIL469-22	GRSA2D	45
LPKIL470-22	GRSA2D	34
LPKIL471-22	GRSA2D	19
LPKIL472-22	GRSA2D	22
LPKIL473-22	GRSA2D	16
LPKIL474-22	GRSA2D	7
LPKIL475-22	GRSA2D	48
LPKIL476-22	GRSA2D	35
LPKIL477-22	GRSA2D	33
LPKIL478-22	GRSA2D	27
LPKIL479-22	GRSA2D	27
LPKIL480-22	GRSA2D	40
LPKIL481-22	GRSA2D	36
LPKIL482-22	GRSA2D	50
LPKIL483-22	GRSA2D	26
LPKIL484-22	GRSA2D	23
LPKIL485-22	GRSA2D	31
LPKIL486-22	GRSA2D	37
LPKIL487-22	GRSA2D	26
LPKIL488-22	GRSA2D	44
LPKIL489-22	GRSA2D	39
LPKIL490-22	GRSA2D	37
LPKIL491-22	GRSA2D	33
LPKIL492-22	GRSA2D	32
LPKIL493-22	GRSA2D	35
LPKIL494-22	GRSA2D	24
LPKIL495-22	GRSA2D	38
LPKIL496-22	GRSA2D	24
LPKIL497-22	GRSA2D	33
LPKIL498-22	GRSA2D	25
LPKIL499-22	GRSA2D	43
LPKIL500-22	GRSA2D	16
LPKIL501-22	GRSA2D	35
LPKIL502-22	GRSA2D	38
LPKIL503-22	GRSA2D	25
LPKIL504-22	GRSA2D	33
LPKIL505-22	GRSA2D	26
LPKIL506-22	GRSA2D	35
LPKIL507-22	GRSA2D	3
LPKIL508-22	GRSA2D	38
LPKIL509-22	GRSA2D	27
LPKIL510-22	GRSA2D	35
LPKIL511-22	GRSA2D	35
LPKIL512-22	GRSA2D	33
LPKIL513-22	GRSA2D	45
LPKIL514-22	GRSA2D	41
LPKIL515-22	GRSA2D	24
LPKIL516-22	GRSA2D	26
LPKIL517-22	GRSA2D	52
LPKIL518-22	GRSA2D	28
LPKIL519-22	GRSA2D	25
LPKIL520-22	GRSA2D	35
LPKIL521-22	GRSA2D	30
LPKIL522-22	GRSA2D	38
LPKIL523-22	GRSA2D	38
LPKIL524-22	GRSA2D	33
LPKIL525-22	GRSA2D	48
LPKIL526-22	GRSA2D	44
LPKIL527-22	GRSA2D	41
LPKIL528-22	GRSA2D	41
LPKIL529-22	GRSA2D	30
LPKIL530-22	GRSA2D	38
LPKIL531-22	GRSA2D	43
LPKIL532-22	GRSA2D	42
LPKIL533-22	GRSA2D	35
LPKIL534-22	GRSA2D	36
LPKIL535-22	GRSA2D	39
LPKIL536-22	GRSA2D	30
LPKIL537-22	GRSA2D	16
LPKIL538-22	GRSA2D	7
LPKIL540-22	GRSA2D	6
LPKIL541-22	GRSA2D	22
LPKIL542-22	GRSA2D	12
LPKIL543-22	GRSA2D	4
LPKIL544-22	GRSA2D	26
LPKIL545-22	GRSA2D	21
LPKIL546-22	GRSA2D	22
LPKIL547-22	GRSA2D	13
LPKIL548-22	GRSA2D	26
LPKIL549-22	GRSA2D	8
LPKIL550-22	GRSA2D	4
LPKIL551-22	GRSA2D	4
LPKIL552-22	GRSA2D	5
LPKIL553-22	GRSA2D	8
LPKIL554-22	GRSA2D	21
LPKIL555-22	GRSA2D	6
LPKIL556-22	GRSA2D	11
LPKIL557-22	GRSA2D	25
LPKIL558-22	GRSA2D	41
LPKIL559-22	GRSA2D	34
LPKIL560-22	GRSA2D	30
LPKIL561-22	GRSA2D	16
LPKIL562-22	GRSA2D	33
LPKIL563-22	GRSA2D	25
LPKIL564-22	GRSA2D	41
LPKIL565-22	GRSA2D	31
LPKIL566-22	GRSA2D	41
LPKIL567-22	GRSA2D	35
LPKIL568-22	GRSA2D	31
LPKIL569-22	GRSA2D	28
LPKIL570-22	GRSA2D	33
LPKIL571-22	GRSA2D	30
LPKIL572-22	GRSA2D	22
LPKIL573-22	GRSA2D	26
LPKIL574-22	GRSA2D	18
LPKIL575-22	GRSA2D	21
LPKIL576-22	GRSA2D	26
LPKIL577-22	GRSA2D	17
LPKIL578-22	GRSA2D	34
LPKIL579-22	GRSA2D	32
LPKIL580-22	GRSA2D	31
LPKIL581-22	GRSA2D	40
LPKIL582-22	GRSA2D	33
LPKIL583-22	GRSA2D	29
LPKIL584-22	GRSA2D	7
LPKIL585-22	GRSA2D	35
LPKIL586-22	GRSA2D	18
LPKIL587-22	GRSA2D	28
LPKIL588-22	GRSA2D	4
LPKIL589-22	GRSA2D	13
LPKIL590-22	GRSA2D	24
LPKIL592-22	GRSA2D	32
LPKIL593-22	GRSA2D	32
LPKIL594-22	GRSA2D	30
LPKIL595-22	GRSA2D	33
LPKIL596-22	GRSA2D	34
LPKIL597-22	GRSA2D	29
LPKIL598-22	GRSA2D	28
LPKIL599-22	GRSA2D	26
LPKIL600-22	GRSA2D	26
LPKIL602-22	GRSA2D	20
LPKIL603-22	GRSA2D	30
LPKIL604-22	GRSA2D	14
LPKIL605-22	GRSA2D	17
LPKIL606-22	GRSA2D	3
LPKIL607-22	GRSA2D	3
LPKIL608-22	GRSA2D	32
LPKIL609-22	GRSA2D	33
LPKIL610-22	GRSA2D	32
LPKIL611-22	GRSA2D	27
LPKIL612-22	GRSA2D	30
LPKIL613-22	GRSA2D	33
LPKIL614-22	GRSA2D	31
LPKIL615-22	GRSA2D	28
LPKIL616-22	GRSA2D	29
LPKIL617-22	GRSA2D	33
LPKIL618-22	GRSA2D	30
LPKIL619-22	GRSA2D	45
LPKIL620-22	GRSA2D	48
LPKIL621-22	GRSA2D	44
LPKIL622-22	GRSA2D	27
LPKIL623-22	GRSA2D	17
LPKIL624-22	GRSA2D	16
LPKIL625-22	GRSA2D	38
LPKIL626-22	GRSA2D	36
LPKIL627-22	GRSA2D	40
LPKIL628-22	GRSA2D	21
LPKIL629-22	GRSA2D	23
LPKIL630-22	GRSA2D	31
LPKIL631-22	GRSA2D	37
LPKIL632-22	GRSA2D	39
LPKIL633-22	GRSA2D	26
LPKIL634-22	GRSA2D	36
LPKIL635-22	GRSA2D	17
LPKIL636-22	GRSA2D	30
LPKIL637-22	GRSA2D	28
LPKIL638-22	GRSA2D	24
LPKIL639-22	GRSA2D	42
LPKIL640-22	GRSA2D	30
LPKIL641-22	GRSA2D	33
LPKIL642-22	GRSA2D	28
LPKIL643-22	GRSA2D	27
LPKIL644-22	GRSA2D	26
LPKIL645-22	GRSA2D	28
LPKIL646-22	GRSA2D	15
LPKIL647-22	GRSA2D	26
LPKIL648-22	GRSA2D	13
LPKIL649-22	GRSA2D	23
LPKIL650-22	GRSA2D	27
LPKIL651-22	GRSA2D	10
LPKIL652-22	GRSA2D	12
LPKIL653-22	GRSA2D	22
LPKIL654-22	GRSA2D	10
LPKIL655-22	GRSA2D	17
LPKIL656-22	GRSA2D	15
LPKIL657-22	GRSA2D	12
LPKIL658-22	GRSA2D	18
LPKIL659-22	GRSA2D	24
LPKIL660-22	GRSA2D	14
LPKIL661-22	GRSA2D	17
LPKIL662-22	GRSA2D	26
LPKIL663-22	GRSA2D	15
LPKIL664-22	GRSA2D	13
LPKIL665-22	GRSA2D	15
LPKIL666-22	GRSA2D	27
LPKIL667-22	GRSA2D	40
LPKIL668-22	GRSA2D	10
LPKIL669-22	GRSA2D	8
LPKIL670-22	GRSA2D	14
LPKIL671-22	GRSA2D	20
LPKIL672-22	GRSA2D	17
LPKIL673-22	GRSA2D	22
LPKIL674-22	GRSA2D	12
LPKIL675-22	GRSA2D	16
LPKIL676-22	GRSA2D	35
LPKIL677-22	GRSA2D	30
LPKIL678-22	GRSA2D	24
LPKIL679-22	GRSA2D	36
LPKIL680-22	GRSA2D	23
LPKIL681-22	GRSA2D	9
LPKIL682-22	GRSA2D	8
LPKIL683-22	GRSA2D	10
LPKIL684-22	GRSA2D	26
LPKIL685-22	GRSA2D	25
LPKIL686-22	GRSA2D	12
LPKIL687-22	GRSA2D	18
LPKIL688-22	GRSA2D	27
LPKIL689-22	GRSA2D	35
LPKIL690-22	GRSA2D	11
LPKIL691-22	GRSA2D	23
LPKIL692-22	GRSA2D	16
LPKIL693-22	GRSA2D	15
LPKIL694-22	GRSA2D	20
LPKIL695-22	GRSA2D	17
LPKIL696-22	GRSA2D	7
LPKIL697-22	GRSA2D	17
LPKIL698-22	GRSA2D	14
LPKIL699-22	GRSA2D	33
LPKIL700-22	GRSA2D	12
LPKIL701-22	GRSA2D	18
LPKIL702-22	GRSA2D	17
LPKIL704-22	GRSA2D	19
LPKIL705-22	GRSA2D	37
LPKIL706-22	GRSA2D	25
LPKIL707-22	GRSA2D	22
LPKIL708-22	GRSA2D	20
LPKIL709-22	GRSA2D	18
LPKIL710-22	GRSA2D	15
LPKIL711-22	GRSA2D	23
LPKIL712-22	GRSA2D	9
LPKIL713-22	GRSA2D	8
LPKIL714-22	GRSA2D	14
LPKIL715-22	GRSA2D	3
LPKIL716-22	GRSA2D	23
LPKIL717-22	GRSA2D	20
LPKIL718-22	GRSA2D	26
LPKIL719-22	GRSA2D	35
LPKIL720-22	GRSA2D	14
LPKIL721-22	GRSA2D	14
LPKIL722-22	GRSA2D	5
LPKIL723-22	GRSA2D	11
LPKIL724-22	GRSA2D	24
LPKIL725-22	GRSA2D	17
LPKIL726-22	GRSA2D	11
LPUAA001-21	G8H3YU	22
LPUAA002-21	G8H3YU	18
LPUAA003-21	G8H3YU	25
LPUAA004-21	G8H3YU	18
LPUAA005-21	G8H3YU	31
LPUAA006-21	G8H3YU	36
LPUAA007-21	G8H3YU	35
LPUAA008-21	G8H3YU	29
LPUAA009-21	G8H3YU	29
LPUAA010-21	G8H3YU	33
LPUAA011-21	G8H3YU	12
LPUAA012-21	G8H3YU	14
LPUAA013-21	G8H3YU	25
LPUAA014-21	G8H3YU	18
LPUAA015-21	G8H3YU	20
LPUAA016-21	G8H3YU	22
LPUAA017-21	G8H3YU	26
LPUAA018-21	G8H3YU	22
LPUAA019-21	G8H3YU	26
LPUAA020-21	G8H3YU	48
LPUAA021-21	G8H3YU	17
LPUAA023-21	G8H3YU	31
LPUAA024-21	G8H3YU	29
LPUAA025-21	G8H3YU	32
LPUAA026-21	G8H3YU	23
LPUAA027-21	G8H3YU	33
LPUAA028-21	G8H3YU	22
LPUAA029-21	G8H3YU	21
LPUAA030-21	G8H3YU	25
LPUAA031-21	G8H3YU	33
LPUAA032-21	G8H3YU	32
LPUAA033-21	G8H3YU	28
LPUAA034-21	G8H3YU	22
LPUAA035-21	G8H3YU	18
LPUAA036-21	G8H3YU	21
LPUAA037-21	G8H3YU	17
LPUAA038-21	G8H3YU	22
LPUAA039-21	G8H3YU	27
LPUAA040-21	G8H3YU	18
LPUAA041-21	G8H3YU	25
LPUAA042-21	G8H3YU	30
LPUAA043-21	G8H3YU	35
LPUAA044-21	G8H3YU	38
LPUAA045-21	G8H3YU	22
LPUAA046-21	G8H3YU	23
LPUAA047-21	G8H3YU	28
LPUAA048-21	G8H3YU	32
LPUAA049-21	G8H3YU	34
LPUAA050-21	G8H3YU	25
LPUAA051-21	G8H3YU	21
LPUAA052-21	G8H3YU	7
LPUAA053-21	G8H3YU	17
LPUAA054-21	G8H3YU	29
LPUAA055-21	G8H3YU	40
LPUAA056-21	G8H3YU	30
LPUAA057-21	G8H3YU	19
LPUAA058-21	G8H3YU	21
LPUAA059-21	G8H3YU	9
LPUAA060-21	G8H3YU	31
LPUAA061-21	G8H3YU	37
LPUAA062-21	G8H3YU	13
LPUAA063-21	G8H3YU	16
LPUAA064-21	G8H3YU	38
LPUAA065-21	G8H3YU	19
LPUAA066-21	G8H3YU	25
LPUAA067-21	G8H3YU	6
LPUAA068-21	G8H3YU	17
LPUAA069-21	G8H3YU	39
LPUAA070-21	G8H3YU	15
LPUAA071-21	G8H3YU	38
LPUAA072-21	G8H3YU	20
LPUAA073-21	G8H3YU	42
LPUAA074-21	G8H3YU	42
LPUAA075-21	G8H3YU	12
LPUAA076-21	G8H3YU	19
LPUAA077-21	G8H3YU	11
LPUAA078-21	G8H3YU	12
LPUAA079-21	G8H3YU	22
LPUAA080-21	G8H3YU	29
LPUAA081-21	G8H3YU	40
LPUAA082-21	G8H3YU	37
LPUAA083-21	G8H3YU	10
LPUAA084-21	G8H3YU	17
LPUAA085-21	G8H3YU	12
LPUAA086-21	G8H3YU	4
LPUAA087-21	G8H3YU	19
LPUAA088-21	G8H3YU	16
LPUAA089-21	G8H3YU	15
LPUAA090-21	G8H3YU	32
LPUAA091-21	G8H3YU	20
LPUAA092-21	G8H3YU	32
LPUAA093-21	G8H3YU	13
LPUAA094-21	G8H3YU	12
LPUAA095-21	G8H3YU	20
LPUAA096-21	G8H3YU	18
LPUAA097-21	G8H3YU	26
LPUAA098-21	G8H3YU	13
LPUAA099-21	G8H3YU	16
LPUAA100-21	G8H3YU	39
LPUAA101-21	G8H3YU	26
LPUAA102-21	G8H3YU	5
LPUAA103-21	G8H3YU	21
LPUAA104-21	G8H3YU	3
LPUAA105-21	G8H3YU	7
LPUAA106-21	G8H3YU	27
LPUAA107-21	G8H3YU	8
LPUAA108-21	G8H3YU	7
LPUAA109-21	G8H3YU	27
LPUAA110-21	G8H3YU	20
LPUAA111-21	G8H3YU	7
LPUAA112-21	G8H3YU	29
LPUAA113-21	G8H3YU	11
LPUAA114-21	G8H3YU	30
LPUAA115-21	G8H3YU	37
LPUAA116-21	G8H3YU	25
LPUAA117-21	G8H3YU	21
LPUAA118-21	G8H3YU	16
LPUAA119-21	G8H3YU	12
LPUAA120-21	G8H3YU	25
LPUAA121-21	G8H3YU	7
LPUAA122-21	G8H3YU	22
LPUAA123-21	G8H3YU	9
LPUAA124-21	G8H3YU	20
LPUAA125-21	G8H3YU	15
LPUAA126-21	G8H3YU	29
LPUAA127-21	G8H3YU	18
LPUAA128-21	G8H3YU	21
LPUAA129-21	G8H3YU	33
LPUAA130-21	G8H3YU	37
LPUAA131-21	G8H3YU	32
LPUAA132-21	G8H3YU	26
LPUAA133-21	G8H3YU	15
LPUAA134-21	G8H3YU	10
LPUAA135-21	G8H3YU	30
LPUAA136-21	G8H3YU	30
LPUAA137-21	G8H3YU	10
LPUAA138-21	G8H3YU	19
LPUAA139-21	G8H3YU	8
LPUAA140-21	G8H3YU	20
LPUAA141-21	G8H3YU	17
LPUAA142-21	G8H3YU	11
LPUAA143-21	G8H3YU	22
LPUAA144-21	G8H3YU	7
LPUAA145-21	G8H3YU	23
LPUAA146-21	G8H3YU	12
LPUAA147-21	G8H3YU	7
LPUAA148-21	G8H3YU	18
LPUAA149-21	G8H3YU	16
LPUAA150-21	G8H3YU	17
LPUAA151-21	G8H3YU	12
LPUAA152-21	G8H3YU	27
LPUAA153-21	G8H3YU	13
LPUAA154-21	G8H3YU	5
LPUAA155-21	G8H3YU	8
LPUAA156-21	G8H3YU	20
LPUAA157-21	G8H3YU	36
LPUAA158-21	G8H3YU	9
LPUAA159-21	G8H3YU	12
LPUAA160-21	G8H3YU	38
LPUAA161-21	G8H3YU	16
LPUAA162-21	G8H3YU	38
LPUAA163-21	G8H3YU	13
LPUAA164-21	G8H3YU	13
LPUAA165-21	G8H3YU	32
LPUAA166-21	G8H3YU	32
LPUAA167-21	G8H3YU	23
LPUAA168-21	G8H3YU	29
LPUAA169-21	G8H3YU	23
LPUAA170-21	G8H3YU	9
LPUAA171-21	G8H3YU	27
LPUAA172-21	G8H3YU	29
LPUAA173-21	G8H3YU	35
LPUAA174-21	G8H3YU	2
LPUAA175-21	G8H3YU	10
LPUAA176-21	G8H3YU	17
LPUAA177-21	G8H3YU	19
LPUAA178-21	G8H3YU	13
LPUAA179-21	G8H3YU	10
LPUAA180-21	G8H3YU	16
LPUAA181-21	G8H3YU	9
LPUAA182-21	G8H3YU	27
LPUAA183-21	G8H3YU	43
LPUAA184-21	G8H3YU	27
LPUAA185-21	G8H3YU	24
LPUAA186-21	G8H3YU	25
LPUAA187-21	G8H3YU	27
LPUAA188-21	G8H3YU	13
LPUAA189-21	G8H3YU	11
LPUAA190-21	G8H3YU	24
LPUAA191-21	G8H3YU	26
LPUAA192-21	G8H3YU	10
LPUAA193-21	G8H3YU	12
LPUAA194-21	G8H3YU	13
LPUAA195-21	G8H3YU	39
LPUAA196-21	G8H3YU	23
LPUAA197-21	G8H3YU	35
LPUAA198-21	G8H3YU	33
LPUAA199-21	G8H3YU	13
LPUAA200-21	G8H3YU	23
LPUAA201-21	G8H3YU	11
LPUAA202-21	G8H3YU	7
LPUAA203-21	G8H3YU	11
LPUAA204-21	G8H3YU	27
LPUAA205-21	G8H3YU	6
LPUAA207-21	G8H3YU	30
LPUAA208-21	G8H3YU	31
LPUAA209-21	G8H3YU	33
LPUAA210-21	G8H3YU	8
LPUAA211-21	G8H3YU	15
LPUAA212-21	G8H3YU	9
LPUAA213-21	G8H3YU	37
LPUAA214-21	G8H3YU	8
LPUAA215-21	G8H3YU	10
LPUAA216-21	G8H3YU	14
LPUAA217-21	G8H3YU	12
LPUAA218-21	G8H3YU	19
LPUAA219-21	G8H3YU	16
LPUAA220-21	G8H3YU	16
LPUAA221-21	G8H3YU	38
LPUAA222-21	G8H3YU	38
LPUAA223-21	G8H3YU	16
LPUAA224-21	G8H3YU	18
LPUAA225-21	G8H3YU	17
LPUAA226-21	G8H3YU	16
LPUAA227-21	G8H3YU	24
LPUAA228-21	G8H3YU	13
LPUAA229-21	G8H3YU	22
LPUAA230-21	G8H3YU	7
LPUAA231-21	G8H3YU	22
LPUAA232-21	G8H3YU	12
LPUAA233-21	G8H3YU	15
LPUAA234-21	G8H3YU	21
LPUAA235-21	G8H3YU	10
LPUAA236-21	G8H3YU	23
LPUAA237-21	G8H3YU	22
LPUAA238-21	G8H3YU	13
LPUAA239-21	G8H3YU	15
LPUAA240-21	G8H3YU	33
LPUAA241-21	G8H3YU	27
LPUAA242-21	G8H3YU	16
LPUAA243-21	G8H3YU	20
LPUAA244-21	G8H3YU	12
LPUAA245-21	G8H3YU	7
LPUAA246-21	G8H3YU	34
LPUAA247-21	G8H3YU	20
LPUAA248-21	G8H3YU	31
LPUAA249-21	G8H3YU	12
LPUAA250-21	G8H3YU	32
LPUAA251-21	G8H3YU	32
LPUAA252-21	G8H3YU	22
LPUAA253-21	G8H3YU	15
LPUAA254-21	G8H3YU	29
LPUAA255-21	G8H3YU	38
LPUAA256-21	G8H3YU	25
LPUAA257-21	G8H3YU	13
LPUAA258-21	G8H3YU	16
LPUAA259-21	G8H3YU	19
LPUAA260-21	G8H3YU	18
LPUAA261-21	G8H3YU	20
LPUAA263-21	G8H3YU	29
LPUAA264-21	G8H3YU	38
LPUAA265-21	G8H3YU	9
LPUAA266-21	G8H3YU	20
LPUAA267-21	G8H3YU	41
LPUAA268-21	G8H3YU	12
LPUAA269-21	G8H3YU	13
LPUAA270-21	G8H3YU	37
LPUAA271-21	G8H3YU	44
LPUAA272-21	G8H3YU	22
LPUAA273-21	G8H3YU	27
LPUAA274-21	G8H3YU	39
LPUAA275-21	G8H3YU	7
LPUAA276-21	G8H3YU	10
LPUAA277-21	G8H3YU	14
LPUAA278-21	G8H3YU	8
LPUAA279-21	G8H3YU	8
LPUAA280-21	G8H3YU	13
LPUAA281-21	G8H3YU	10
LPUAA282-21	G8H3YU	17
LPUAA283-21	G8H3YU	17
LPUAA284-21	G8H3YU	15
LPUAA285-21	G8H3YU	24
LPUAA286-21	G8H3YU	29
LPUAA287-21	G8H3YU	39
LPUAA288-21	G8H3YU	32
LPUAA289-21	G8H3YU	29
LPUAA290-21	G8H3YU	6
LPUAA291-21	G8H3YU	8
LPUAA292-21	G8H3YU	10
LPUAA293-21	G8H3YU	32
LPUAA294-21	G8H3YU	24
LPUAA295-21	G8H3YU	23
LPUAA296-21	G8H3YU	13
LPUAA297-21	G8H3YU	31
LPUAA298-21	G8H3YU	25
LPUAA299-21	G8H3YU	22
LPUAA300-21	G8H3YU	24
LPUAA301-21	G8H3YU	31
LPUAA302-21	G8H3YU	12
LPUAA303-21	G8H3YU	32
LPUAA304-21	G8H3YU	6
LPUAA305-21	G8H3YU	11
LPUAA306-21	G8H3YU	13
LPUAA307-21	G8H3YU	32
LPUAA308-21	G8H3YU	15
LPUAA309-21	G8H3YU	38
LPUAA310-21	G8H3YU	7
LPUAA311-21	G8H3YU	21
LPUAA312-21	G8H3YU	24
LPUAA313-21	G8H3YU	15
LPUAA314-21	G8H3YU	5
LPUAA315-21	G8H3YU	8
LPUAA316-21	G8H3YU	24
LPUAA317-21	G8H3YU	7
LPUAD001-21	GY8K8O	21
LPUAD002-21	GY8K8O	16
LPUAD003-21	GY8K8O	27
LPUAD004-21	GY8K8O	27
LPUAD005-21	GY8K8O	8
LPUAD006-21	GY8K8O	27
LPUAD007-21	GY8K8O	28
LPUAD008-21	GY8K8O	26
LPUAD009-21	GY8K8O	14
LPUAD010-21	GY8K8O	30
LPUAD011-21	GY8K8O	37
LPUAD012-21	GY8K8O	18
LPUAD013-21	GY8K8O	21
LPUAD014-21	GY8K8O	25
LPUAD015-21	GY8K8O	19
LPUAD016-21	GY8K8O	27
LPUAD017-21	GY8K8O	29
LPUAD018-21	GY8K8O	25
LPUAD019-21	GY8K8O	29
LPUAD020-21	GY8K8O	34
LPUAD021-21	GY8K8O	17
LPUAD022-21	GY8K8O	18
LPUAD023-21	GY8K8O	31
LPUAD024-21	GY8K8O	29
LPUAD025-21	GY8K8O	17
LPUAD026-21	GY8K8O	24
LPUAD027-21	GY8K8O	24
LPUAD028-21	GY8K8O	28
LPUAD029-21	GY8K8O	32
LPUAD030-21	GY8K8O	28
LPUAD031-21	GY8K8O	21
LPUAD032-21	GY8K8O	20
LPUAD033-21	GY8K8O	25
LPUAD036-21	GY8K8O	26
LPUAD037-21	GY8K8O	28
LPUAD038-21	GY8K8O	27
LPUAD039-21	GY8K8O	24
LPUAD040-21	GY8K8O	35
LPUAD041-21	GY8K8O	25
LPUAD042-21	GY8K8O	26
LPUAD043-21	GY8K8O	17
LPUAD044-21	GY8K8O	33
LPUAD045-21	GY8K8O	9
LPUAD046-21	GY8K8O	20
LPUAD047-21	GY8K8O	31
LPUAD048-21	GY8K8O	43
LPUAD049-21	GY8K8O	38
LPUAD050-21	GY8K8O	27
LPUAD051-21	GY8K8O	19
LPUAD052-21	GY8K8O	28
LPUAD053-21	GY8K8O	10
LPUAD054-21	GY8K8O	22
LPUAD055-21	GY8K8O	24
LPUAD056-21	GY8K8O	20
LPUAD057-21	GY8K8O	23
LPUAD058-21	GY8K8O	27
LPUAD059-21	GY8K8O	13
LPUAD060-21	GY8K8O	36
LPUAD061-21	GY8K8O	9
LPUAD062-21	GY8K8O	23
LPUAD063-21	GY8K8O	26
LPUAD064-21	GY8K8O	26
LPUAD065-21	GY8K8O	15
LPUAD066-21	GY8K8O	9
LPUAD067-21	GY8K8O	26
LPUAD068-21	GY8K8O	20
LPUAD069-21	GY8K8O	22
LPUAD070-21	GY8K8O	30
LPUAD071-21	GY8K8O	33
LPUAD072-21	GY8K8O	27
LPUAD073-21	GY8K8O	30
LPUAD074-21	GY8K8O	23
LPUAD075-21	GY8K8O	21
LPUAD077-21	GY8K8O	25
LPUAD078-21	GY8K8O	29
LPUAD079-21	GY8K8O	29
LPUAD080-21	GY8K8O	25
LPUAD081-21	GY8K8O	22
LPUAD082-21	GY8K8O	18
LPUAD083-21	GY8K8O	25
LPUAD084-21	GY8K8O	33
LPUAD085-21	GY8K8O	17
LPUAD086-21	GY8K8O	31
LPUAD087-21	GY8K8O	21
LPUAD088-21	GY8K8O	17
LPUAD089-21	GY8K8O	20
LPUAD090-21	GY8K8O	18
LPUAD091-21	GY8K8O	21
LPUAD092-21	GY8K8O	26
LPUAD093-21	GY8K8O	22
LPUAD094-21	GY8K8O	20
LPUAD095-21	GY8K8O	32
LPUAD097-21	GY8K8O	19
LPUAD098-21	GY8K8O	25
LPUAD099-21	GY8K8O	32
LPUAD1000-21	GY8K8O	14
LPUAD1001-21	GY8K8O	4
LPUAD100-21	GY8K8O	25
LPUAD1002-21	GY8K8O	8
LPUAD1003-21	GY8K8O	27
LPUAD1004-21	GY8K8O	10
LPUAD1005-21	GY8K8O	13
LPUAD1006-21	GY8K8O	19
LPUAD1007-21	GY8K8O	19
LPUAD1008-21	GY8K8O	24
LPUAD1009-21	GY8K8O	15
LPUAD1010-21	GY8K8O	31
LPUAD1011-21	GY8K8O	24
LPUAD101-21	GY8K8O	29
LPUAD1012-21	GY8K8O	18
LPUAD1013-21	GY8K8O	22
LPUAD1014-21	GY8K8O	22
LPUAD1015-21	GY8K8O	20
LPUAD1016-21	GY8K8O	20
LPUAD1017-21	GY8K8O	14
LPUAD1018-21	GY8K8O	19
LPUAD1019-21	GY8K8O	12
LPUAD1020-21	GY8K8O	14
LPUAD1021-21	GY8K8O	9
LPUAD102-21	GY8K8O	12
LPUAD1022-21	GY8K8O	11
LPUAD1023-21	GY8K8O	26
LPUAD1024-21	GY8K8O	19
LPUAD1025-21	GY8K8O	19
LPUAD1026-21	GY8K8O	28
LPUAD1027-21	GY8K8O	24
LPUAD1028-21	GY8K8O	17
LPUAD1029-21	GY8K8O	32
LPUAD1030-21	GY8K8O	23
LPUAD1031-21	GY8K8O	15
LPUAD103-21	GY8K8O	12
LPUAD1032-21	GY8K8O	13
LPUAD1033-21	GY8K8O	19
LPUAD1034-21	GY8K8O	23
LPUAD1035-21	GY8K8O	15
LPUAD1036-21	GY8K8O	15
LPUAD1037-21	GY8K8O	6
LPUAD1038-21	GY8K8O	28
LPUAD1039-21	GY8K8O	7
LPUAD1040-21	GY8K8O	21
LPUAD1041-21	GY8K8O	26
LPUAD104-21	GY8K8O	14
LPUAD1042-21	GY8K8O	24
LPUAD1043-21	GY8K8O	21
LPUAD1044-21	GY8K8O	17
LPUAD1045-21	GY8K8O	23
LPUAD1047-21	GY8K8O	19
LPUAD1048-21	GY8K8O	17
LPUAD1049-21	GY8K8O	31
LPUAD1050-21	GY8K8O	33
LPUAD1051-21	GY8K8O	24
LPUAD105-21	GY8K8O	15
LPUAD1052-21	GY8K8O	7
LPUAD1053-21	GY8K8O	25
LPUAD1054-21	GY8K8O	16
LPUAD1056-21	GY8K8O	9
LPUAD1057-21	GY8K8O	4
LPUAD1058-21	GY8K8O	18
LPUAD1059-21	GY8K8O	18
LPUAD1060-21	GY8K8O	28
LPUAD1061-21	GY8K8O	14
LPUAD106-21	GY8K8O	10
LPUAD1062-21	GY8K8O	20
LPUAD1063-21	GY8K8O	28
LPUAD1064-21	GY8K8O	22
LPUAD1065-21	GY8K8O	14
LPUAD1066-21	GY8K8O	26
LPUAD1067-21	GY8K8O	15
LPUAD1068-21	GY8K8O	15
LPUAD1069-21	GY8K8O	22
LPUAD1070-21	GY8K8O	23
LPUAD1071-21	GY8K8O	19
LPUAD107-21	GY8K8O	6
LPUAD1072-21	GY8K8O	16
LPUAD1073-21	GY8K8O	19
LPUAD1074-21	GY8K8O	21
LPUAD1075-21	GY8K8O	23
LPUAD1076-21	GY8K8O	18
LPUAD1077-21	GY8K8O	17
LPUAD1079-21	GY8K8O	21
LPUAD1080-21	GY8K8O	22
LPUAD1081-21	GY8K8O	3
LPUAD108-21	GY8K8O	5
LPUAD1082-21	GY8K8O	10
LPUAD1083-21	GY8K8O	17
LPUAD1084-21	GY8K8O	22
LPUAD1085-21	GY8K8O	22
LPUAD1086-21	GY8K8O	25
LPUAD1087-21	GY8K8O	15
LPUAD1088-21	GY8K8O	17
LPUAD1089-21	GY8K8O	18
LPUAD1090-21	GY8K8O	28
LPUAD1091-21	GY8K8O	31
LPUAD109-21	GY8K8O	28
LPUAD1092-21	GY8K8O	26
LPUAD1093-21	GY8K8O	23
LPUAD1095-21	GY8K8O	22
LPUAD1096-21	GY8K8O	6
LPUAD1097-21	GY8K8O	20
LPUAD1098-21	GY8K8O	16
LPUAD1099-21	GY8K8O	8
LPUAD1100-21	GY8K8O	23
LPUAD1101-21	GY8K8O	21
LPUAD110-21	GY8K8O	13
LPUAD1102-21	GY8K8O	15
LPUAD1103-21	GY8K8O	21
LPUAD1104-21	GY8K8O	30
LPUAD1105-21	GY8K8O	26
LPUAD1106-21	GY8K8O	15
LPUAD1107-21	GY8K8O	24
LPUAD1108-21	GY8K8O	25
LPUAD1109-21	GY8K8O	15
LPUAD1110-21	GY8K8O	12
LPUAD1111-21	GY8K8O	27
LPUAD111-21	GY8K8O	26
LPUAD1112-21	GY8K8O	27
LPUAD1113-21	GY8K8O	25
LPUAD1114-21	GY8K8O	22
LPUAD1115-21	GY8K8O	18
LPUAD1116-21	GY8K8O	21
LPUAD1117-21	GY8K8O	13
LPUAD1118-21	GY8K8O	34
LPUAD1119-21	GY8K8O	11
LPUAD1120-21	GY8K8O	21
LPUAD1121-21	GY8K8O	31
LPUAD112-21	GY8K8O	31
LPUAD1122-21	GY8K8O	6
LPUAD1123-21	GY8K8O	15
LPUAD1124-21	GY8K8O	16
LPUAD1125-21	GY8K8O	12
LPUAD1126-21	GY8K8O	24
LPUAD1127-21	GY8K8O	15
LPUAD1128-21	GY8K8O	32
LPUAD1129-21	GY8K8O	23
LPUAD1130-21	GY8K8O	12
LPUAD1131-21	GY8K8O	29
LPUAD113-21	GY8K8O	24
LPUAD1132-21	GY8K8O	21
LPUAD1133-21	GY8K8O	4
LPUAD1134-21	GY8K8O	12
LPUAD1135-21	GY8K8O	7
LPUAD1136-21	GY8K8O	14
LPUAD1137-21	GY8K8O	29
LPUAD1138-21	GY8K8O	20
LPUAD1139-21	GY8K8O	22
LPUAD1140-21	GY8K8O	13
LPUAD1141-21	GY8K8O	24
LPUAD114-21	GY8K8O	17
LPUAD1142-21	GY8K8O	25
LPUAD1143-21	GY8K8O	7
LPUAD1144-21	GY8K8O	16
LPUAD1145-21	GY8K8O	12
LPUAD1146-21	GY8K8O	22
LPUAD1147-21	GY8K8O	23
LPUAD1148-21	GY8K8O	24
LPUAD1149-21	GY8K8O	16
LPUAD1150-21	GY8K8O	41
LPUAD1151-21	GY8K8O	8
LPUAD115-21	GY8K8O	20
LPUAD1152-21	GY8K8O	33
LPUAD1153-21	GY8K8O	7
LPUAD1154-21	GY8K8O	28
LPUAD1155-21	GY8K8O	20
LPUAD1156-21	GY8K8O	29
LPUAD1157-21	GY8K8O	25
LPUAD1158-21	GY8K8O	29
LPUAD1159-21	GY8K8O	20
LPUAD1160-21	GY8K8O	15
LPUAD1161-21	GY8K8O	15
LPUAD116-21	GY8K8O	23
LPUAD1162-21	GY8K8O	26
LPUAD1163-21	GY8K8O	21
LPUAD1165-21	GY8K8O	34
LPUAD1166-21	GY8K8O	35
LPUAD1167-21	GY8K8O	19
LPUAD1168-21	GY8K8O	20
LPUAD1169-21	GY8K8O	26
LPUAD1170-21	GY8K8O	16
LPUAD1171-21	GY8K8O	18
LPUAD117-21	GY8K8O	25
LPUAD1172-21	GY8K8O	23
LPUAD1173-21	GY8K8O	35
LPUAD1174-21	GY8K8O	17
LPUAD1175-21	GY8K8O	17
LPUAD1176-21	GY8K8O	24
LPUAD1177-21	GY8K8O	3
LPUAD1178-21	GY8K8O	23
LPUAD1179-21	GY8K8O	14
LPUAD1180-21	GY8K8O	15
LPUAD1181-21	GY8K8O	28
LPUAD118-21	GY8K8O	5
LPUAD1182-21	GY8K8O	19
LPUAD1183-21	GY8K8O	12
LPUAD1184-21	GY8K8O	7
LPUAD1185-21	GY8K8O	32
LPUAD1186-21	GY8K8O	36
LPUAD1187-21	GY8K8O	42
LPUAD1188-21	GY8K8O	30
LPUAD1189-21	GY8K8O	20
LPUAD1190-21	GY8K8O	25
LPUAD1191-21	GY8K8O	21
LPUAD119-21	GY8K8O	21
LPUAD1192-21	GY8K8O	41
LPUAD1193-21	GY8K8O	26
LPUAD1194-21	GY8K8O	23
LPUAD1195-21	GY8K8O	23
LPUAD1196-21	GY8K8O	29
LPUAD1197-21	GY8K8O	21
LPUAD1198-21	GY8K8O	18
LPUAD1199-21	GY8K8O	33
LPUAD1200-21	GY8K8O	27
LPUAD1201-21	GY8K8O	33
LPUAD120-21	GY8K8O	29
LPUAD1202-21	GY8K8O	29
LPUAD1203-21	GY8K8O	38
LPUAD1204-21	GY8K8O	33
LPUAD1205-21	GY8K8O	22
LPUAD1206-21	GY8K8O	25
LPUAD1207-21	GY8K8O	9
LPUAD1208-21	GY8K8O	5
LPUAD1210-21	GY8K8O	6
LPUAD1211-21	GY8K8O	22
LPUAD121-21	GY8K8O	20
LPUAD1212-21	GY8K8O	10
LPUAD1213-21	GY8K8O	26
LPUAD1214-21	GY8K8O	25
LPUAD1215-21	GY8K8O	24
LPUAD1216-21	GY8K8O	18
LPUAD1217-21	GY8K8O	9
LPUAD1218-21	GY8K8O	34
LPUAD1219-21	GY8K8O	26
LPUAD1220-21	GY8K8O	24
LPUAD1221-21	GY8K8O	5
LPUAD122-21	GY8K8O	32
LPUAD1222-21	GY8K8O	16
LPUAD1223-21	GY8K8O	34
LPUAD1224-21	GY8K8O	12
LPUAD1225-21	GY8K8O	27
LPUAD1226-21	GY8K8O	29
LPUAD1227-21	GY8K8O	28
LPUAD1228-21	GY8K8O	25
LPUAD1229-21	GY8K8O	49
LPUAD1230-21	GY8K8O	25
LPUAD1231-21	GY8K8O	21
LPUAD123-21	GY8K8O	23
LPUAD1232-21	GY8K8O	5
LPUAD1233-21	GY8K8O	11
LPUAD1234-21	GY8K8O	11
LPUAD1235-21	GY8K8O	15
LPUAD1236-21	GY8K8O	45
LPUAD1237-21	GY8K8O	4
LPUAD1238-21	GY8K8O	34
LPUAD1239-21	GY8K8O	19
LPUAD1240-21	GY8K8O	13
LPUAD1241-21	GY8K8O	8
LPUAD124-21	GY8K8O	22
LPUAD1242-21	GY8K8O	18
LPUAD1243-21	GY8K8O	28
LPUAD1244-21	GY8K8O	5
LPUAD1245-21	GY8K8O	24
LPUAD1246-21	GY8K8O	27
LPUAD1247-21	GY8K8O	37
LPUAD1248-21	GY8K8O	27
LPUAD1249-21	GY8K8O	26
LPUAD1250-21	GY8K8O	19
LPUAD1251-21	GY8K8O	21
LPUAD125-21	GY8K8O	26
LPUAD1252-21	GY8K8O	1
LPUAD1253-21	GLGSPA	22
LPUAD1254-21	GLGSPA	28
LPUAD1255-21	GLGSPA	32
LPUAD1256-21	GLGSPA	20
LPUAD1257-21	GLGSPA	13
LPUAD1258-21	GLGSPA	20
LPUAD1259-21	GLGSPA	21
LPUAD1260-21	GLGSPA	23
LPUAD1261-21	GLGSPA	29
LPUAD126-21	GY8K8O	6
LPUAD1262-21	GLGSPA	25
LPUAD1263-21	GLGSPA	25
LPUAD1264-21	GLGSPA	24
LPUAD1265-21	GLGSPA	22
LPUAD1266-21	GLGSPA	29
LPUAD1267-21	GLGSPA	36
LPUAD1268-21	GLGSPA	20
LPUAD1269-21	GLGSPA	22
LPUAD1270-21	GLGSPA	10
LPUAD1271-21	GLGSPA	33
LPUAD127-21	GY8K8O	22
LPUAD1272-21	GLGSPA	5
LPUAD1273-21	GLGSPA	8
LPUAD1274-21	GLGSPA	4
LPUAD1275-21	GLGSPA	13
LPUAD1276-21	GLGSPA	26
LPUAD1277-21	GLGSPA	26
LPUAD1278-21	GLGSPA	36
LPUAD1279-21	GLGSPA	24
LPUAD1280-21	GLGSPA	28
LPUAD1281-21	GLGSPA	29
LPUAD128-21	GY8K8O	4
LPUAD1282-21	GLGSPA	26
LPUAD1283-21	GLGSPA	31
LPUAD1284-21	GLGSPA	17
LPUAD1285-21	GLGSPA	24
LPUAD1286-21	GLGSPA	25
LPUAD1287-21	GLGSPA	39
LPUAD1288-21	GLGSPA	31
LPUAD1289-21	GLGSPA	28
LPUAD1290-21	GLGSPA	32
LPUAD1291-21	GLGSPA	26
LPUAD129-21	GY8K8O	5
LPUAD1292-21	GLGSPA	27
LPUAD1293-21	GLGSPA	11
LPUAD1294-21	GLGSPA	30
LPUAD1295-21	GLGSPA	35
LPUAD1296-21	GLGSPA	27
LPUAD1297-21	GLGSPA	28
LPUAD1298-21	GLGSPA	34
LPUAD1299-21	GLGSPA	36
LPUAD1300-21	GLGSPA	25
LPUAD1301-21	GLGSPA	29
LPUAD130-21	GY8K8O	11
LPUAD1302-21	GLGSPA	36
LPUAD1303-21	GLGSPA	36
LPUAD1304-21	GLGSPA	31
LPUAD1305-21	GLGSPA	41
LPUAD1306-21	GLGSPA	25
LPUAD1307-21	GLGSPA	32
LPUAD1308-21	GLGSPA	12
LPUAD1309-21	GLGSPA	46
LPUAD1310-21	GLGSPA	23
LPUAD1311-21	GLGSPA	28
LPUAD131-21	GY8K8O	30
LPUAD1312-21	GLGSPA	23
LPUAD1313-21	GLGSPA	31
LPUAD1314-21	GLGSPA	28
LPUAD1315-21	GLGSPA	20
LPUAD1316-21	GLGSPA	21
LPUAD1317-21	GLGSPA	25
LPUAD1318-21	GLGSPA	24
LPUAD1319-21	GLGSPA	27
LPUAD1320-21	GLGSPA	25
LPUAD1321-21	GLGSPA	20
LPUAD132-21	GY8K8O	15
LPUAD1322-21	GLGSPA	23
LPUAD1323-21	GLGSPA	51
LPUAD1324-21	GLGSPA	35
LPUAD1325-21	GLGSPA	10
LPUAD1326-21	GLGSPA	32
LPUAD1327-21	GLGSPA	37
LPUAD1328-21	GLGSPA	30
LPUAD1329-21	GLGSPA	25
LPUAD1330-21	GLGSPA	39
LPUAD1331-21	GLGSPA	12
LPUAD133-21	GY8K8O	24
LPUAD1332-21	GLGSPA	28
LPUAD1333-21	GLGSPA	25
LPUAD1334-21	GLGSPA	35
LPUAD1335-21	GLGSPA	33
LPUAD1336-21	GLGSPA	30
LPUAD1337-21	GLGSPA	30
LPUAD1338-21	GLGSPA	28
LPUAD1339-21	GLGSPA	14
LPUAD1340-21	GLGSPA	24
LPUAD1341-21	GLGSPA	25
LPUAD134-21	GY8K8O	26
LPUAD1342-21	GLGSPA	24
LPUAD1343-21	GLGSPA	25
LPUAD1344-21	GLGSPA	15
LPUAD1345-21	GLGSPA	23
LPUAD1346-21	GLGSPA	24
LPUAD1347-21	GLGSPA	27
LPUAD1348-21	GLGSPA	15
LPUAD1349-21	GLGSPA	23
LPUAD1350-21	GLGSPA	23
LPUAD1351-21	GLGSPA	19
LPUAD135-21	GY8K8O	6
LPUAD1352-21	GLGSPA	19
LPUAD1353-21	GLGSPA	21
LPUAD1354-21	GLGSPA	37
LPUAD1355-21	GLGSPA	20
LPUAD1356-21	GLGSPA	21
LPUAD1357-21	GLGSPA	28
LPUAD1358-21	GLGSPA	28
LPUAD1359-21	GLGSPA	45
LPUAD1360-21	GLGSPA	28
LPUAD1361-21	GLGSPA	24
LPUAD136-21	GY8K8O	14
LPUAD1362-21	GLGSPA	43
LPUAD1363-21	GLGSPA	17
LPUAD1364-21	GLGSPA	40
LPUAD1365-21	GLGSPA	27
LPUAD1366-21	GLGSPA	30
LPUAD1367-21	GLGSPA	17
LPUAD1368-21	GLGSPA	12
LPUAD1369-21	GLGSPA	22
LPUAD1370-21	GLGSPA	32
LPUAD1371-21	GLGSPA	37
LPUAD137-21	GY8K8O	22
LPUAD1372-21	GLGSPA	31
LPUAD1373-21	GLGSPA	40
LPUAD1374-21	GLGSPA	40
LPUAD1375-21	GLGSPA	17
LPUAD1376-21	GLGSPA	27
LPUAD1377-21	GLGSPA	30
LPUAD1378-21	GLGSPA	17
LPUAD1379-21	GLGSPA	24
LPUAD1380-21	GLGSPA	19
LPUAD1381-21	GLGSPA	25
LPUAD138-21	GY8K8O	7
LPUAD1382-21	GLGSPA	27
LPUAD1383-21	GLGSPA	34
LPUAD1384-21	GLGSPA	27
LPUAD1385-21	GLGSPA	30
LPUAD1386-21	GLGSPA	24
LPUAD1387-21	GLGSPA	36
LPUAD1388-21	GLGSPA	30
LPUAD1389-21	GLGSPA	28
LPUAD1390-21	GLGSPA	36
LPUAD1391-21	GLGSPA	28
LPUAD139-21	GY8K8O	5
LPUAD1392-21	GLGSPA	24
LPUAD1393-21	GLGSPA	24
LPUAD1394-21	GLGSPA	17
LPUAD1395-21	GLGSPA	37
LPUAD1396-21	GLGSPA	43
LPUAD1397-21	GLGSPA	37
LPUAD1398-21	GLGSPA	39
LPUAD1399-21	GLGSPA	29
LPUAD1400-21	GLGSPA	31
LPUAD1401-21	GLGSPA	28
LPUAD141-21	GY8K8O	4
LPUAD142-21	GY8K8O	9
LPUAD143-21	GY8K8O	8
LPUAD144-21	GY8K8O	15
LPUAD145-21	GY8K8O	12
LPUAD146-21	GY8K8O	15
LPUAD147-21	GY8K8O	16
LPUAD148-21	GY8K8O	17
LPUAD149-21	GY8K8O	13
LPUAD150-21	GY8K8O	25
LPUAD151-21	GY8K8O	25
LPUAD152-21	GY8K8O	16
LPUAD153-21	GY8K8O	11
LPUAD154-21	GY8K8O	4
LPUAD155-21	GY8K8O	25
LPUAD156-21	GY8K8O	24
LPUAD157-21	GY8K8O	4
LPUAD158-21	GY8K8O	15
LPUAD159-21	GY8K8O	7
LPUAD160-21	GY8K8O	18
LPUAD161-21	GY8K8O	20
LPUAD162-21	GY8K8O	20
LPUAD163-21	GY8K8O	5
LPUAD164-21	GY8K8O	3
LPUAD165-21	GY8K8O	8
LPUAD166-21	GY8K8O	4
LPUAD167-21	GY8K8O	11
LPUAD168-21	GY8K8O	28
LPUAD169-21	GY8K8O	30
LPUAD170-21	GY8K8O	27
LPUAD171-21	GY8K8O	13
LPUAD172-21	GY8K8O	26
LPUAD173-21	GY8K8O	19
LPUAD174-21	GY8K8O	22
LPUAD175-21	GY8K8O	27
LPUAD176-21	GY8K8O	26
LPUAD177-21	GY8K8O	30
LPUAD178-21	GY8K8O	26
LPUAD180-21	GY8K8O	11
LPUAD181-21	GY8K8O	26
LPUAD182-21	GY8K8O	22
LPUAD183-21	GY8K8O	18
LPUAD184-21	GY8K8O	18
LPUAD185-21	GY8K8O	23
LPUAD186-21	GY8K8O	27
LPUAD187-21	GY8K8O	29
LPUAD188-21	GY8K8O	25
LPUAD189-21	GY8K8O	27
LPUAD190-21	GY8K8O	34
LPUAD191-21	GY8K8O	34
LPUAD192-21	GY8K8O	31
LPUAD193-21	GY8K8O	22
LPUAD194-21	GY8K8O	31
LPUAD195-21	GY8K8O	31
LPUAD196-21	GY8K8O	24
LPUAD197-21	GY8K8O	27
LPUAD198-21	GY8K8O	26
LPUAD199-21	GY8K8O	23
LPUAD200-21	GY8K8O	30
LPUAD201-21	GY8K8O	35
LPUAD202-21	GY8K8O	12
LPUAD203-21	GY8K8O	33
LPUAD204-21	GY8K8O	30
LPUAD205-21	GY8K8O	26
LPUAD206-21	GY8K8O	14
LPUAD207-21	GY8K8O	20
LPUAD208-21	GY8K8O	9
LPUAD209-21	GY8K8O	30
LPUAD210-21	GY8K8O	26
LPUAD211-21	GY8K8O	39
LPUAD212-21	GY8K8O	25
LPUAD213-21	GY8K8O	29
LPUAD214-21	GY8K8O	35
LPUAD215-21	GY8K8O	46
LPUAD216-21	GY8K8O	33
LPUAD217-21	GY8K8O	24
LPUAD218-21	GY8K8O	20
LPUAD219-21	GY8K8O	15
LPUAD220-21	GY8K8O	20
LPUAD221-21	GY8K8O	17
LPUAD222-21	GY8K8O	34
LPUAD223-21	GY8K8O	18
LPUAD224-21	GY8K8O	20
LPUAD225-21	GY8K8O	26
LPUAD226-21	GY8K8O	38
LPUAD227-21	GY8K8O	23
LPUAD228-21	GY8K8O	19
LPUAD229-21	GY8K8O	13
LPUAD230-21	GY8K8O	12
LPUAD231-21	GY8K8O	17
LPUAD232-21	GY8K8O	15
LPUAD233-21	GY8K8O	25
LPUAD235-21	GY8K8O	19
LPUAD236-21	GY8K8O	8
LPUAD237-21	GY8K8O	23
LPUAD238-21	GY8K8O	18
LPUAD239-21	GY8K8O	14
LPUAD240-21	GY8K8O	21
LPUAD241-21	GY8K8O	20
LPUAD242-21	GY8K8O	21
LPUAD243-21	GY8K8O	25
LPUAD244-21	GY8K8O	15
LPUAD245-21	GY8K8O	12
LPUAD246-21	GY8K8O	32
LPUAD247-21	GY8K8O	23
LPUAD248-21	GY8K8O	19
LPUAD249-21	GY8K8O	19
LPUAD250-21	GY8K8O	26
LPUAD251-21	GY8K8O	39
LPUAD252-21	GY8K8O	26
LPUAD253-21	GY8K8O	18
LPUAD254-21	GY8K8O	8
LPUAD255-21	GY8K8O	4
LPUAD256-21	GY8K8O	19
LPUAD257-21	GY8K8O	29
LPUAD258-21	GY8K8O	26
LPUAD259-21	GY8K8O	5
LPUAD260-21	GY8K8O	25
LPUAD261-21	GY8K8O	25
LPUAD262-21	GY8K8O	24
LPUAD263-21	GY8K8O	38
LPUAD264-21	GY8K8O	37
LPUAD265-21	GY8K8O	23
LPUAD266-21	GY8K8O	21
LPUAD267-21	GY8K8O	19
LPUAD268-21	GY8K8O	28
LPUAD269-21	GY8K8O	34
LPUAD270-21	GY8K8O	27
LPUAD271-21	GY8K8O	30
LPUAD272-21	GY8K8O	28
LPUAD273-21	GY8K8O	51
LPUAD274-21	GY8K8O	37
LPUAD275-21	GY8K8O	31
LPUAD276-21	GY8K8O	39
LPUAD277-21	GY8K8O	23
LPUAD278-21	GY8K8O	33
LPUAD279-21	GY8K8O	35
LPUAD280-21	GY8K8O	37
LPUAD281-21	GY8K8O	27
LPUAD282-21	GY8K8O	42
LPUAD283-21	GY8K8O	24
LPUAD284-21	GY8K8O	6
LPUAD285-21	GY8K8O	22
LPUAD286-21	GY8K8O	30
LPUAD287-21	GY8K8O	33
LPUAD288-21	GY8K8O	21
LPUAD289-21	GY8K8O	21
LPUAD290-21	GY8K8O	29
LPUAD291-21	GY8K8O	20
LPUAD292-21	GY8K8O	11
LPUAD293-21	GY8K8O	12
LPUAD294-21	GY8K8O	16
LPUAD295-21	GY8K8O	33
LPUAD296-21	GY8K8O	29
LPUAD297-21	GY8K8O	29
LPUAD298-21	GY8K8O	28
LPUAD299-21	GY8K8O	32
LPUAD300-21	GY8K8O	14
LPUAD301-21	GY8K8O	18
LPUAD302-21	GY8K8O	18
LPUAD303-21	GY8K8O	26
LPUAD304-21	GY8K8O	26
LPUAD305-21	GY8K8O	29
LPUAD306-21	GY8K8O	23
LPUAD307-21	GY8K8O	22
LPUAD308-21	GY8K8O	35
LPUAD309-21	GY8K8O	33
LPUAD310-21	GY8K8O	26
LPUAD311-21	GY8K8O	41
LPUAD312-21	GY8K8O	34
LPUAD313-21	GY8K8O	22
LPUAD314-21	GY8K8O	32
LPUAD315-21	GY8K8O	26
LPUAD316-21	GY8K8O	21
LPUAD317-21	GY8K8O	31
LPUAD318-21	GY8K8O	19
LPUAD319-21	GY8K8O	21
LPUAD320-21	GY8K8O	25
LPUAD321-21	GY8K8O	24
LPUAD322-21	GY8K8O	32
LPUAD323-21	GY8K8O	25
LPUAD324-21	GY8K8O	15
LPUAD325-21	GY8K8O	28
LPUAD326-21	GY8K8O	25
LPUAD327-21	GY8K8O	27
LPUAD328-21	GY8K8O	4
LPUAD329-21	GY8K8O	18
LPUAD330-21	GY8K8O	21
LPUAD331-21	GY8K8O	26
LPUAD332-21	GY8K8O	30
LPUAD333-21	GY8K8O	31
LPUAD334-21	GY8K8O	30
LPUAD335-21	GY8K8O	29
LPUAD336-21	GY8K8O	9
LPUAD337-21	GY8K8O	27
LPUAD338-21	GY8K8O	12
LPUAD339-21	GY8K8O	19
LPUAD340-21	GY8K8O	32
LPUAD341-21	GY8K8O	7
LPUAD342-21	GY8K8O	16
LPUAD343-21	GY8K8O	9
LPUAD344-21	GY8K8O	37
LPUAD345-21	GY8K8O	8
LPUAD346-21	GY8K8O	10
LPUAD347-21	GY8K8O	22
LPUAD348-21	GY8K8O	18
LPUAD349-21	GY8K8O	35
LPUAD350-21	GY8K8O	29
LPUAD351-21	GY8K8O	6
LPUAD352-21	GY8K8O	27
LPUAD353-21	GY8K8O	21
LPUAD354-21	GY8K8O	14
LPUAD355-21	GY8K8O	25
LPUAD356-21	GY8K8O	33
LPUAD357-21	GY8K8O	35
LPUAD358-21	GY8K8O	6
LPUAD359-21	GY8K8O	33
LPUAD360-21	GY8K8O	24
LPUAD361-21	GY8K8O	25
LPUAD362-21	GY8K8O	25
LPUAD363-21	GY8K8O	42
LPUAD364-21	GY8K8O	28
LPUAD365-21	GY8K8O	26
LPUAD366-21	GY8K8O	8
LPUAD367-21	GY8K8O	3
LPUAD368-21	GY8K8O	41
LPUAD369-21	GY8K8O	31
LPUAD370-21	GY8K8O	30
LPUAD371-21	GY8K8O	16
LPUAD372-21	GY8K8O	24
LPUAD373-21	GY8K8O	6
LPUAD374-21	GY8K8O	25
LPUAD375-21	GY8K8O	38
LPUAD376-21	GY8K8O	28
LPUAD377-21	GY8K8O	33
LPUAD378-21	GY8K8O	17
LPUAD379-21	GY8K8O	29
LPUAD380-21	GY8K8O	22
LPUAD381-21	GY8K8O	22
LPUAD382-21	GY8K8O	3
LPUAD383-21	GY8K8O	10
LPUAD384-21	GY8K8O	25
LPUAD385-21	GY8K8O	18
LPUAD386-21	GY8K8O	9
LPUAD387-21	GY8K8O	10
LPUAD388-21	GY8K8O	30
LPUAD389-21	GY8K8O	11
LPUAD390-21	GY8K8O	18
LPUAD391-21	GY8K8O	20
LPUAD392-21	GY8K8O	8
LPUAD393-21	GY8K8O	25
LPUAD394-21	GY8K8O	13
LPUAD395-21	GY8K8O	15
LPUAD396-21	GY8K8O	4
LPUAD397-21	GY8K8O	7
LPUAD398-21	GY8K8O	4
LPUAD399-21	GY8K8O	22
LPUAD400-21	GY8K8O	15
LPUAD401-21	GY8K8O	10
LPUAD402-21	GY8K8O	23
LPUAD403-21	GY8K8O	28
LPUAD404-21	GY8K8O	23
LPUAD406-21	GY8K8O	16
LPUAD407-21	GY8K8O	17
LPUAD408-21	GY8K8O	17
LPUAD409-21	GY8K8O	11
LPUAD410-21	GY8K8O	21
LPUAD411-21	GY8K8O	11
LPUAD412-21	GY8K8O	25
LPUAD413-21	GY8K8O	20
LPUAD414-21	GY8K8O	24
LPUAD415-21	GY8K8O	15
LPUAD416-21	GY8K8O	21
LPUAD417-21	GY8K8O	19
LPUAD418-21	GY8K8O	16
LPUAD419-21	GY8K8O	16
LPUAD420-21	GY8K8O	11
LPUAD421-21	GY8K8O	14
LPUAD422-21	GY8K8O	11
LPUAD423-21	GY8K8O	4
LPUAD424-21	GY8K8O	26
LPUAD425-21	GY8K8O	6
LPUAD426-21	GY8K8O	15
LPUAD427-21	GY8K8O	8
LPUAD428-21	GY8K8O	22
LPUAD429-21	GY8K8O	22
LPUAD430-21	GY8K8O	4
LPUAD431-21	GY8K8O	13
LPUAD432-21	GY8K8O	6
LPUAD433-21	GY8K8O	16
LPUAD434-21	GY8K8O	21
LPUAD435-21	GY8K8O	13
LPUAD436-21	GY8K8O	14
LPUAD437-21	GY8K8O	7
LPUAD438-21	GY8K8O	17
LPUAD439-21	GY8K8O	12
LPUAD440-21	GY8K8O	20
LPUAD441-21	GY8K8O	11
LPUAD442-21	GY8K8O	15
LPUAD443-21	GY8K8O	21
LPUAD444-21	GY8K8O	26
LPUAD445-21	GY8K8O	20
LPUAD446-21	GY8K8O	17
LPUAD447-21	GY8K8O	10
LPUAD448-21	GY8K8O	24
LPUAD449-21	GY8K8O	23
LPUAD450-21	GY8K8O	16
LPUAD451-21	GY8K8O	18
LPUAD452-21	GY8K8O	17
LPUAD453-21	GY8K8O	16
LPUAD454-21	GY8K8O	10
LPUAD455-21	GY8K8O	11
LPUAD456-21	GY8K8O	19
LPUAD457-21	GY8K8O	20
LPUAD458-21	GY8K8O	22
LPUAD459-21	GY8K8O	13
LPUAD460-21	GY8K8O	21
LPUAD462-21	GY8K8O	21
LPUAD463-21	GY8K8O	17
LPUAD464-21	GY8K8O	15
LPUAD465-21	GY8K8O	15
LPUAD466-21	GY8K8O	12
LPUAD467-21	GY8K8O	18
LPUAD468-21	GY8K8O	14
LPUAD469-21	GY8K8O	17
LPUAD470-21	GY8K8O	23
LPUAD471-21	GY8K8O	10
LPUAD472-21	GY8K8O	18
LPUAD473-21	GY8K8O	16
LPUAD474-21	GY8K8O	17
LPUAD475-21	GY8K8O	19
LPUAD476-21	GY8K8O	22
LPUAD477-21	GY8K8O	21
LPUAD478-21	GY8K8O	22
LPUAD479-21	GY8K8O	9
LPUAD480-21	GY8K8O	8
LPUAD481-21	GY8K8O	16
LPUAD482-21	GY8K8O	14
LPUAD483-21	GY8K8O	15
LPUAD484-21	GY8K8O	13
LPUAD485-21	GY8K8O	22
LPUAD486-21	GY8K8O	6
LPUAD487-21	GY8K8O	19
LPUAD488-21	GY8K8O	19
LPUAD489-21	GY8K8O	12
LPUAD490-21	GY8K8O	12
LPUAD491-21	GY8K8O	6
LPUAD492-21	GY8K8O	16
LPUAD493-21	GY8K8O	18
LPUAD494-21	GY8K8O	22
LPUAD495-21	GY8K8O	17
LPUAD496-21	GY8K8O	3
LPUAD497-21	GY8K8O	2
LPUAD498-21	GY8K8O	28
LPUAD499-21	GY8K8O	17
LPUAD500-21	GY8K8O	10
LPUAD501-21	GY8K8O	16
LPUAD502-21	GY8K8O	18
LPUAD503-21	GY8K8O	25
LPUAD504-21	GY8K8O	17
LPUAD505-21	GY8K8O	7
LPUAD506-21	GY8K8O	21
LPUAD507-21	GY8K8O	13
LPUAD508-21	GY8K8O	19
LPUAD509-21	GY8K8O	29
LPUAD510-21	GY8K8O	29
LPUAD511-21	GY8K8O	21
LPUAD512-21	GY8K8O	19
LPUAD513-21	GY8K8O	9
LPUAD514-21	GY8K8O	15
LPUAD515-21	GY8K8O	18
LPUAD516-21	GY8K8O	21
LPUAD517-21	GY8K8O	13
LPUAD518-21	GY8K8O	18
LPUAD519-21	GY8K8O	10
LPUAD520-21	GY8K8O	16
LPUAD521-21	GY8K8O	13
LPUAD522-21	GY8K8O	24
LPUAD523-21	GY8K8O	24
LPUAD524-21	GY8K8O	7
LPUAD525-21	GY8K8O	16
LPUAD526-21	GY8K8O	19
LPUAD527-21	GY8K8O	11
LPUAD528-21	GY8K8O	11
LPUAD529-21	GY8K8O	21
LPUAD530-21	GY8K8O	4
LPUAD531-21	GY8K8O	12
LPUAD532-21	GY8K8O	22
LPUAD533-21	GY8K8O	14
LPUAD534-21	GY8K8O	16
LPUAD535-21	GY8K8O	18
LPUAD536-21	GY8K8O	9
LPUAD537-21	GY8K8O	19
LPUAD538-21	GY8K8O	23
LPUAD539-21	GY8K8O	14
LPUAD541-21	GY8K8O	23
LPUAD542-21	GY8K8O	27
LPUAD543-21	GY8K8O	19
LPUAD544-21	GY8K8O	20
LPUAD545-21	GY8K8O	23
LPUAD546-21	GY8K8O	19
LPUAD547-21	GY8K8O	14
LPUAD548-21	GY8K8O	17
LPUAD550-21	GY8K8O	13
LPUAD551-21	GY8K8O	19
LPUAD552-21	GY8K8O	15
LPUAD553-21	GY8K8O	12
LPUAD554-21	GY8K8O	14
LPUAD555-21	GY8K8O	18
LPUAD556-21	GY8K8O	22
LPUAD557-21	GY8K8O	19
LPUAD558-21	GY8K8O	16
LPUAD559-21	GY8K8O	22
LPUAD561-21	GY8K8O	15
LPUAD562-21	GY8K8O	10
LPUAD563-21	GY8K8O	9
LPUAD564-21	GY8K8O	20
LPUAD565-21	GY8K8O	21
LPUAD566-21	GY8K8O	24
LPUAD567-21	GY8K8O	23
LPUAD568-21	GY8K8O	25
LPUAD569-21	GY8K8O	21
LPUAD570-21	GY8K8O	22
LPUAD571-21	GY8K8O	25
LPUAD572-21	GY8K8O	22
LPUAD573-21	GY8K8O	10
LPUAD574-21	GY8K8O	6
LPUAD575-21	GY8K8O	20
LPUAD576-21	GY8K8O	12
LPUAD577-21	GY8K8O	17
LPUAD578-21	GY8K8O	21
LPUAD579-21	GY8K8O	5
LPUAD580-21	GY8K8O	23
LPUAD581-21	GY8K8O	18
LPUAD582-21	GY8K8O	7
LPUAD583-21	GY8K8O	20
LPUAD584-21	GY8K8O	9
LPUAD585-21	GY8K8O	6
LPUAD586-21	GY8K8O	14
LPUAD587-21	GY8K8O	13
LPUAD588-21	GY8K8O	19
LPUAD589-21	GY8K8O	16
LPUAD590-21	GY8K8O	24
LPUAD591-21	GY8K8O	19
LPUAD592-21	GY8K8O	23
LPUAD593-21	GY8K8O	20
LPUAD594-21	GY8K8O	11
LPUAD595-21	GY8K8O	14
LPUAD596-21	GY8K8O	10
LPUAD597-21	GY8K8O	17
LPUAD598-21	GY8K8O	20
LPUAD599-21	GY8K8O	5
LPUAD600-21	GY8K8O	21
LPUAD601-21	GY8K8O	22
LPUAD602-21	GY8K8O	18
LPUAD603-21	GY8K8O	17
LPUAD604-21	GY8K8O	9
LPUAD605-21	GY8K8O	6
LPUAD606-21	GY8K8O	25
LPUAD607-21	GY8K8O	15
LPUAD608-21	GY8K8O	23
LPUAD609-21	GY8K8O	18
LPUAD610-21	GY8K8O	19
LPUAD611-21	GY8K8O	20
LPUAD612-21	GY8K8O	14
LPUAD613-21	GY8K8O	13
LPUAD614-21	GY8K8O	21
LPUAD615-21	GY8K8O	5
LPUAD616-21	GY8K8O	20
LPUAD617-21	GY8K8O	13
LPUAD618-21	GY8K8O	14
LPUAD619-21	GY8K8O	11
LPUAD620-21	GY8K8O	16
LPUAD621-21	GY8K8O	24
LPUAD622-21	GY8K8O	6
LPUAD623-21	GY8K8O	4
LPUAD624-21	GY8K8O	23
LPUAD625-21	GY8K8O	19
LPUAD626-21	GY8K8O	16
LPUAD627-21	GY8K8O	11
LPUAD628-21	GY8K8O	27
LPUAD629-21	GY8K8O	25
LPUAD630-21	GY8K8O	18
LPUAD631-21	GY8K8O	13
LPUAD632-21	GY8K8O	12
LPUAD633-21	GY8K8O	14
LPUAD634-21	GY8K8O	5
LPUAD635-21	GY8K8O	16
LPUAD636-21	GY8K8O	17
LPUAD637-21	GY8K8O	22
LPUAD638-21	GY8K8O	15
LPUAD639-21	GY8K8O	13
LPUAD640-21	GY8K8O	18
LPUAD641-21	GY8K8O	24
LPUAD642-21	GY8K8O	23
LPUAD643-21	GY8K8O	20
LPUAD644-21	GY8K8O	18
LPUAD645-21	GY8K8O	8
LPUAD646-21	GY8K8O	16
LPUAD647-21	GY8K8O	16
LPUAD648-21	GY8K8O	13
LPUAD649-21	GY8K8O	17
LPUAD650-21	GY8K8O	30
LPUAD651-21	GY8K8O	15
LPUAD652-21	GY8K8O	16
LPUAD653-21	GY8K8O	14
LPUAD654-21	GY8K8O	20
LPUAD655-21	GY8K8O	13
LPUAD656-21	GY8K8O	25
LPUAD657-21	GY8K8O	21
LPUAD658-21	GY8K8O	12
LPUAD659-21	GY8K8O	18
LPUAD660-21	GY8K8O	13
LPUAD661-21	GY8K8O	17
LPUAD662-21	GY8K8O	16
LPUAD663-21	GY8K8O	20
LPUAD664-21	GY8K8O	3
LPUAD665-21	GY8K8O	20
LPUAD666-21	GY8K8O	9
LPUAD667-21	GY8K8O	24
LPUAD668-21	GY8K8O	18
LPUAD669-21	GY8K8O	18
LPUAD670-21	GY8K8O	28
LPUAD671-21	GY8K8O	18
LPUAD672-21	GY8K8O	23
LPUAD673-21	GY8K8O	6
LPUAD674-21	GY8K8O	10
LPUAD675-21	GY8K8O	8
LPUAD676-21	GY8K8O	27
LPUAD677-21	GY8K8O	12
LPUAD678-21	GY8K8O	21
LPUAD679-21	GY8K8O	16
LPUAD680-21	GY8K8O	29
LPUAD681-21	GY8K8O	26
LPUAD682-21	GY8K8O	15
LPUAD683-21	GY8K8O	13
LPUAD684-21	GY8K8O	14
LPUAD685-21	GY8K8O	16
LPUAD686-21	GY8K8O	14
LPUAD687-21	GY8K8O	21
LPUAD688-21	GY8K8O	8
LPUAD689-21	GY8K8O	18
LPUAD690-21	GY8K8O	17
LPUAD691-21	GY8K8O	20
LPUAD692-21	GY8K8O	22
LPUAD693-21	GY8K8O	17
LPUAD694-21	GY8K8O	24
LPUAD695-21	GY8K8O	4
LPUAD696-21	GY8K8O	23
LPUAD697-21	GY8K8O	21
LPUAD698-21	GY8K8O	20
LPUAD699-21	GY8K8O	13
LPUAD700-21	GY8K8O	23
LPUAD701-21	GY8K8O	14
LPUAD702-21	GY8K8O	16
LPUAD703-21	GY8K8O	12
LPUAD704-21	GY8K8O	13
LPUAD705-21	GY8K8O	10
LPUAD706-21	GY8K8O	10
LPUAD707-21	GY8K8O	10
LPUAD708-21	GY8K8O	23
LPUAD709-21	GY8K8O	18
LPUAD710-21	GY8K8O	15
LPUAD711-21	GY8K8O	18
LPUAD712-21	GY8K8O	17
LPUAD713-21	GY8K8O	2
LPUAD714-21	GY8K8O	9
LPUAD715-21	GY8K8O	16
LPUAD716-21	GY8K8O	15
LPUAD717-21	GY8K8O	6
LPUAD718-21	GY8K8O	15
LPUAD719-21	GY8K8O	16
LPUAD720-21	GY8K8O	20
LPUAD721-21	GY8K8O	25
LPUAD722-21	GY8K8O	9
LPUAD723-21	GY8K8O	15
LPUAD724-21	GY8K8O	13
LPUAD725-21	GY8K8O	14
LPUAD726-21	GY8K8O	18
LPUAD727-21	GY8K8O	19
LPUAD728-21	GY8K8O	5
LPUAD729-21	GY8K8O	15
LPUAD730-21	GY8K8O	13
LPUAD731-21	GY8K8O	2
LPUAD732-21	GY8K8O	16
LPUAD733-21	GY8K8O	17
LPUAD734-21	GY8K8O	14
LPUAD735-21	GY8K8O	20
LPUAD736-21	GY8K8O	32
LPUAD737-21	GY8K8O	23
LPUAD738-21	GY8K8O	21
LPUAD739-21	GY8K8O	19
LPUAD740-21	GY8K8O	16
LPUAD741-21	GY8K8O	17
LPUAD742-21	GY8K8O	17
LPUAD743-21	GY8K8O	5
LPUAD744-21	GY8K8O	21
LPUAD745-21	GY8K8O	23
LPUAD746-21	GY8K8O	17
LPUAD747-21	GY8K8O	17
LPUAD748-21	GY8K8O	21
LPUAD749-21	GY8K8O	15
LPUAD750-21	GY8K8O	15
LPUAD751-21	GY8K8O	9
LPUAD752-21	GY8K8O	10
LPUAD753-21	GY8K8O	17
LPUAD754-21	GY8K8O	4
LPUAD755-21	GY8K8O	20
LPUAD756-21	GY8K8O	5
LPUAD757-21	GY8K8O	12
LPUAD758-21	GY8K8O	14
LPUAD759-21	GY8K8O	16
LPUAD760-21	GY8K8O	19
LPUAD761-21	GY8K8O	18
LPUAD762-21	GY8K8O	24
LPUAD763-21	GY8K8O	19
LPUAD764-21	GY8K8O	18
LPUAD765-21	GY8K8O	19
LPUAD766-21	GY8K8O	19
LPUAD767-21	GY8K8O	19
LPUAD768-21	GY8K8O	25
LPUAD769-21	GY8K8O	35
LPUAD770-21	GY8K8O	25
LPUAD771-21	GY8K8O	27
LPUAD772-21	GY8K8O	19
LPUAD773-21	GY8K8O	25
LPUAD774-21	GY8K8O	31
LPUAD775-21	GY8K8O	13
LPUAD776-21	GY8K8O	16
LPUAD777-21	GY8K8O	28
LPUAD778-21	GY8K8O	18
LPUAD779-21	GY8K8O	25
LPUAD780-21	GY8K8O	23
LPUAD781-21	GY8K8O	25
LPUAD782-21	GY8K8O	24
LPUAD783-21	GY8K8O	11
LPUAD784-21	GY8K8O	29
LPUAD785-21	GY8K8O	21
LPUAD786-21	GY8K8O	12
LPUAD787-21	GY8K8O	16
LPUAD788-21	GY8K8O	18
LPUAD789-21	GY8K8O	13
LPUAD790-21	GY8K8O	9
LPUAD791-21	GY8K8O	12
LPUAD792-21	GY8K8O	14
LPUAD793-21	GY8K8O	19
LPUAD794-21	GY8K8O	20
LPUAD795-21	GY8K8O	17
LPUAD796-21	GY8K8O	21
LPUAD797-21	GY8K8O	15
LPUAD798-21	GY8K8O	7
LPUAD799-21	GY8K8O	21
LPUAD800-21	GY8K8O	17
LPUAD801-21	GY8K8O	20
LPUAD802-21	GY8K8O	17
LPUAD803-21	GY8K8O	19
LPUAD804-21	GY8K8O	7
LPUAD805-21	GY8K8O	14
LPUAD806-21	GY8K8O	25
LPUAD807-21	GY8K8O	21
LPUAD808-21	GY8K8O	25
LPUAD809-21	GY8K8O	26
LPUAD810-21	GY8K8O	13
LPUAD811-21	GY8K8O	32
LPUAD812-21	GY8K8O	6
LPUAD813-21	GY8K8O	21
LPUAD814-21	GY8K8O	19
LPUAD815-21	GY8K8O	16
LPUAD816-21	GY8K8O	22
LPUAD817-21	GY8K8O	21
LPUAD818-21	GY8K8O	21
LPUAD820-21	GY8K8O	19
LPUAD821-21	GY8K8O	18
LPUAD822-21	GY8K8O	22
LPUAD823-21	GY8K8O	18
LPUAD824-21	GY8K8O	20
LPUAD825-21	GY8K8O	26
LPUAD826-21	GY8K8O	21
LPUAD827-21	GY8K8O	14
LPUAD828-21	GY8K8O	24
LPUAD829-21	GY8K8O	21
LPUAD830-21	GY8K8O	10
LPUAD831-21	GY8K8O	25
LPUAD832-21	GY8K8O	23
LPUAD833-21	GY8K8O	6
LPUAD834-21	GY8K8O	9
LPUAD835-21	GY8K8O	27
LPUAD836-21	GY8K8O	19
LPUAD837-21	GY8K8O	23
LPUAD838-21	GY8K8O	20
LPUAD839-21	GY8K8O	19
LPUAD840-21	GY8K8O	17
LPUAD841-21	GY8K8O	28
LPUAD842-21	GY8K8O	1
LPUAD843-21	GY8K8O	26
LPUAD844-21	GY8K8O	34
LPUAD845-21	GY8K8O	16
LPUAD846-21	GY8K8O	15
LPUAD847-21	GY8K8O	25
LPUAD848-21	GY8K8O	11
LPUAD849-21	GY8K8O	21
LPUAD850-21	GY8K8O	23
LPUAD851-21	GY8K8O	27
LPUAD852-21	GY8K8O	21
LPUAD853-21	GY8K8O	21
LPUAD854-21	GY8K8O	17
LPUAD855-21	GY8K8O	31
LPUAD856-21	GY8K8O	22
LPUAD857-21	GY8K8O	12
LPUAD858-21	GY8K8O	21
LPUAD860-21	GY8K8O	21
LPUAD861-21	GY8K8O	5
LPUAD862-21	GY8K8O	16
LPUAD863-21	GY8K8O	26
LPUAD864-21	GY8K8O	5
LPUAD865-21	GY8K8O	19
LPUAD866-21	GY8K8O	16
LPUAD867-21	GY8K8O	20
LPUAD868-21	GY8K8O	18
LPUAD869-21	GY8K8O	9
LPUAD870-21	GY8K8O	20
LPUAD871-21	GY8K8O	5
LPUAD872-21	GY8K8O	29
LPUAD873-21	GY8K8O	21
LPUAD874-21	GY8K8O	16
LPUAD875-21	GY8K8O	23
LPUAD876-21	GY8K8O	16
LPUAD877-21	GY8K8O	17
LPUAD878-21	GY8K8O	22
LPUAD879-21	GY8K8O	21
LPUAD880-21	GY8K8O	19
LPUAD881-21	GY8K8O	16
LPUAD882-21	GY8K8O	21
LPUAD883-21	GY8K8O	17
LPUAD884-21	GY8K8O	18
LPUAD885-21	GY8K8O	22
LPUAD886-21	GY8K8O	22
LPUAD887-21	GY8K8O	26
LPUAD888-21	GY8K8O	19
LPUAD889-21	GY8K8O	27
LPUAD890-21	GY8K8O	29
LPUAD891-21	GY8K8O	26
LPUAD892-21	GY8K8O	24
LPUAD893-21	GY8K8O	14
LPUAD894-21	GY8K8O	11
LPUAD895-21	GY8K8O	25
LPUAD896-21	GY8K8O	2
LPUAD897-21	GY8K8O	19
LPUAD898-21	GY8K8O	26
LPUAD899-21	GY8K8O	12
LPUAD900-21	GY8K8O	14
LPUAD901-21	GY8K8O	11
LPUAD902-21	GY8K8O	21
LPUAD903-21	GY8K8O	13
LPUAD904-21	GY8K8O	8
LPUAD905-21	GY8K8O	25
LPUAD906-21	GY8K8O	26
LPUAD907-21	GY8K8O	23
LPUAD909-21	GY8K8O	22
LPUAD910-21	GY8K8O	18
LPUAD911-21	GY8K8O	17
LPUAD912-21	GY8K8O	19
LPUAD913-21	GY8K8O	12
LPUAD914-21	GY8K8O	21
LPUAD915-21	GY8K8O	1
LPUAD916-21	GY8K8O	18
LPUAD917-21	GY8K8O	32
LPUAD918-21	GY8K8O	16
LPUAD919-21	GY8K8O	12
LPUAD920-21	GY8K8O	14
LPUAD921-21	GY8K8O	14
LPUAD922-21	GY8K8O	21
LPUAD923-21	GY8K8O	24
LPUAD924-21	GY8K8O	24
LPUAD925-21	GY8K8O	13
LPUAD926-21	GY8K8O	20
LPUAD927-21	GY8K8O	27
LPUAD928-21	GY8K8O	9
LPUAD929-21	GY8K8O	16
LPUAD930-21	GY8K8O	5
LPUAD931-21	GY8K8O	18
LPUAD932-21	GY8K8O	22
LPUAD933-21	GY8K8O	5
LPUAD934-21	GY8K8O	24
LPUAD935-21	GY8K8O	14
LPUAD936-21	GY8K8O	20
LPUAD937-21	GY8K8O	25
LPUAD938-21	GY8K8O	23
LPUAD939-21	GY8K8O	29
LPUAD940-21	GY8K8O	20
LPUAD941-21	GY8K8O	16
LPUAD942-21	GY8K8O	21
LPUAD943-21	GY8K8O	22
LPUAD944-21	GY8K8O	17
LPUAD945-21	GY8K8O	22
LPUAD946-21	GY8K8O	24
LPUAD947-21	GY8K8O	17
LPUAD948-21	GY8K8O	23
LPUAD949-21	GY8K8O	12
LPUAD950-21	GY8K8O	17
LPUAD951-21	GY8K8O	23
LPUAD952-21	GY8K8O	22
LPUAD953-21	GY8K8O	24
LPUAD954-21	GY8K8O	23
LPUAD955-21	GY8K8O	13
LPUAD956-21	GY8K8O	15
LPUAD958-21	GY8K8O	25
LPUAD959-21	GY8K8O	25
LPUAD960-21	GY8K8O	11
LPUAD961-21	GY8K8O	21
LPUAD962-21	GY8K8O	29
LPUAD963-21	GY8K8O	19
LPUAD964-21	GY8K8O	32
LPUAD965-21	GY8K8O	5
LPUAD966-21	GY8K8O	19
LPUAD967-21	GY8K8O	15
LPUAD968-21	GY8K8O	13
LPUAD969-21	GY8K8O	18
LPUAD970-21	GY8K8O	11
LPUAD971-21	GY8K8O	21
LPUAD972-21	GY8K8O	26
LPUAD973-21	GY8K8O	21
LPUAD974-21	GY8K8O	12
LPUAD975-21	GY8K8O	14
LPUAD976-21	GY8K8O	21
LPUAD977-21	GY8K8O	12
LPUAD978-21	GY8K8O	15
LPUAD979-21	GY8K8O	12
LPUAD980-21	GY8K8O	20
LPUAD981-21	GY8K8O	22
LPUAD982-21	GY8K8O	28
LPUAD983-21	GY8K8O	28
LPUAD984-21	GY8K8O	11
LPUAD985-21	GY8K8O	29
LPUAD986-21	GY8K8O	16
LPUAD987-21	GY8K8O	32
LPUAD988-21	GY8K8O	29
LPUAD989-21	GY8K8O	29
LPUAD990-21	GY8K8O	15
LPUAD991-21	GY8K8O	16
LPUAD992-21	GY8K8O	14
LPUAD993-21	GY8K8O	15
LPUAD994-21	GY8K8O	11
LPUAD995-21	GY8K8O	9
LPUAD996-21	GY8K8O	20
LPUAD997-21	GY8K8O	29
LPUAD998-21	GY8K8O	22
LPUAD999-21	GY8K8O	23
LPUAG001-21	GPRD1F	13
LPUAG002-21	GPRD1F	9
LPUAG003-21	GPRD1F	10
LPUAG004-21	GPRD1F	12
LPUAG005-21	GPRD1F	14
LPUAG006-21	GPRD1F	9
LPUAG007-21	GPRD1F	12
LPUAG008-21	GPRD1F	11
LPUAG009-21	GPRD1F	15
LPUAG010-21	GPRD1F	13
LPUAG011-21	GPRD1F	14
LPUAG012-21	GPRD1F	21
LPUAG013-21	GPRD1F	14
LPUAG014-21	GPRD1F	12
LPUAG015-21	GPRD1F	4
LPUAG016-21	GPRD1F	17
LPUAG017-21	GPRD1F	11
LPUAG018-21	GPRD1F	19
LPUAG019-21	GPRD1F	11
LPUAG020-21	GPRD1F	9
LPUAG021-21	GPRD1F	17
LPUAG022-21	GPRD1F	14
LPUAG023-21	GPRD1F	17
LPUAG024-21	GPRD1F	22
LPUAG025-21	GPRD1F	15
LPUAG026-21	GPRD1F	13
LPUAG027-21	GPRD1F	13
LPUAG028-21	GPRD1F	12
LPUAG029-21	GPRD1F	19
LPUAG030-21	GPRD1F	17
LPUAG031-21	GPRD1F	16
LPUAG032-21	GPRD1F	21
LPUAG033-21	GPRD1F	7
LPUAG034-21	GPRD1F	14
LPUAG035-21	GPRD1F	13
LPUAG036-21	GPRD1F	22
LPUAG037-21	GPRD1F	12
LPUAG038-21	GPRD1F	7
LPUAG039-21	GPRD1F	9
LPUAG040-21	GPRD1F	5
LPUAG041-21	GPRD1F	12
LPUAG042-21	GPRD1F	6
LPUAG043-21	GPRD1F	6
LPUAG044-21	GPRD1F	8
LPUAG045-21	GPRD1F	8
LPUAG046-21	GPRD1F	9
LPUAG047-21	GPRD1F	11
LPUAG048-21	GPRD1F	13
LPUAG049-21	GPRD1F	10
LPUAG050-21	GPRD1F	15
LPUAG051-21	GPRD1F	5
LPUAG052-21	GPRD1F	15
LPUAG053-21	GPRD1F	11
LPUAG054-21	GPRD1F	12
LPUAG055-21	GPRD1F	14
LPUAG056-21	GPRD1F	11
LPUAG057-21	GPRD1F	10
LPUAG058-21	GPRD1F	4
LPUAG059-21	GPRD1F	10
LPUAG060-21	GPRD1F	14
LPUAG061-21	GPRD1F	17
LPUAG062-21	GPRD1F	7
LPUAG064-21	GPRD1F	14
LPUAG065-21	GPRD1F	15
LPUAG066-21	GPRD1F	12
LPUAG067-21	GPRD1F	1
LPUAG068-21	GPRD1F	10
LPUAG069-21	GPRD1F	9
LPUAG070-21	GPRD1F	10
LPUAG071-21	GPRD1F	13
LPUAG072-21	GPRD1F	13
LPUAG073-21	GPRD1F	13
LPUAG074-21	GPRD1F	11
LPUAG075-21	GPRD1F	12
LPUAG076-21	GPRD1F	11
LPUAG077-21	GPRD1F	13
LPUAG079-21	GPRD1F	11
LPUAG080-21	GPRD1F	9
LPUAG081-21	GPRD1F	16
LPUAG082-21	GPRD1F	6
LPUAG083-21	GPRD1F	15
LPUAG084-21	GPRD1F	19
LPUAG085-21	GPRD1F	21
LPUAG086-21	GPRD1F	7
LPUAG088-21	GPRD1F	7
LPUAG089-21	GPRD1F	9
LPUAG090-21	GPRD1F	13
LPUAG091-21	GPRD1F	14
LPUAG092-21	GPRD1F	16
LPUAG093-21	GPRD1F	16
LPUAG094-21	GPRD1F	11
LPUAG095-21	GPRD1F	8
LPUAG096-21	GPRD1F	20
LPUAG097-21	GPRD1F	3
LPUAG098-21	GPRD1F	18
LPUAG099-21	GPRD1F	2
LPUAG1000-21	GPRD1F	14
LPUAG1001-21	GPRD1F	11
LPUAG100-21	GPRD1F	13
LPUAG1002-21	GPRD1F	33
LPUAG1003-21	GPRD1F	4
LPUAG1004-21	GPRD1F	26
LPUAG1005-21	GPRD1F	5
LPUAG1006-21	GPRD1F	22
LPUAG1007-21	GPRD1F	5
LPUAG1008-21	GPRD1F	16
LPUAG1009-21	GPRD1F	16
LPUAG1010-21	GPRD1F	32
LPUAG1011-21	GPRD1F	3
LPUAG101-21	GPRD1F	10
LPUAG1012-21	GPRD1F	32
LPUAG1013-21	GPRD1F	25
LPUAG1014-21	GPRD1F	25
LPUAG1015-21	GPRD1F	19
LPUAG1016-21	GPRD1F	25
LPUAG1017-21	GPRD1F	8
LPUAG1018-21	GPRD1F	19
LPUAG1019-21	GPRD1F	11
LPUAG1020-21	GPRD1F	24
LPUAG1021-21	GPRD1F	22
LPUAG102-21	GPRD1F	4
LPUAG1022-21	GPRD1F	29
LPUAG1023-21	GPRD1F	22
LPUAG1024-21	GPRD1F	19
LPUAG1025-21	GPRD1F	29
LPUAG1026-21	GPRD1F	25
LPUAG1027-21	GPRD1F	11
LPUAG1028-21	GPRD1F	19
LPUAG1029-21	GPRD1F	19
LPUAG1030-21	GPRD1F	24
LPUAG1031-21	GPRD1F	27
LPUAG103-21	GPRD1F	8
LPUAG1032-21	GPRD1F	38
LPUAG1033-21	GPRD1F	27
LPUAG1034-21	GPRD1F	7
LPUAG1035-21	GPRD1F	23
LPUAG1036-21	GPRD1F	34
LPUAG1037-21	GPRD1F	15
LPUAG1038-21	GPRD1F	25
LPUAG1039-21	GPRD1F	33
LPUAG1040-21	GPRD1F	42
LPUAG1041-21	GPRD1F	7
LPUAG104-21	GPRD1F	5
LPUAG1042-21	GPRD1F	3
LPUAG1043-21	GPRD1F	7
LPUAG1044-21	GPRD1F	25
LPUAG1045-21	GPRD1F	3
LPUAG1046-21	GPRD1F	18
LPUAG1047-21	GPRD1F	31
LPUAG1048-21	GPRD1F	9
LPUAG1049-21	GPRD1F	30
LPUAG1050-21	GPRD1F	11
LPUAG1051-21	GPRD1F	27
LPUAG105-21	GPRD1F	7
LPUAG1052-21	GPRD1F	18
LPUAG1053-21	GPRD1F	20
LPUAG1054-21	GPRD1F	27
LPUAG1055-21	GPRD1F	15
LPUAG1056-21	GPRD1F	17
LPUAG1057-21	GPRD1F	29
LPUAG1058-21	GPRD1F	18
LPUAG1059-21	GPRD1F	23
LPUAG1060-21	GPRD1F	21
LPUAG1061-21	GPRD1F	25
LPUAG106-21	GPRD1F	9
LPUAG1062-21	GPRD1F	15
LPUAG1063-21	GPRD1F	30
LPUAG1064-21	GPRD1F	30
LPUAG1065-21	GPRD1F	9
LPUAG1066-21	GPRD1F	13
LPUAG1067-21	GPRD1F	4
LPUAG1068-21	GPRD1F	22
LPUAG1069-21	GPRD1F	14
LPUAG1070-21	GPRD1F	7
LPUAG1071-21	GPRD1F	20
LPUAG1073-21	GPRD1F	24
LPUAG1074-21	GPRD1F	13
LPUAG1075-21	GPRD1F	26
LPUAG1076-21	GPRD1F	32
LPUAG1077-21	GPRD1F	17
LPUAG1078-21	GPRD1F	17
LPUAG1079-21	GPRD1F	18
LPUAG1080-21	GPRD1F	15
LPUAG1081-21	GPRD1F	19
LPUAG108-21	GPRD1F	12
LPUAG1082-21	GPRD1F	11
LPUAG1083-21	GPRD1F	6
LPUAG1084-21	GPRD1F	12
LPUAG1085-21	GPRD1F	19
LPUAG1086-21	GPRD1F	21
LPUAG1087-21	GPRD1F	23
LPUAG1088-21	GPRD1F	21
LPUAG1089-21	GPRD1F	30
LPUAG1090-21	GPRD1F	7
LPUAG1091-21	GPRD1F	12
LPUAG109-21	GPRD1F	12
LPUAG1092-21	GPRD1F	25
LPUAG1093-21	GPRD1F	16
LPUAG1094-21	GPRD1F	12
LPUAG1095-21	GPRD1F	17
LPUAG1096-21	GPRD1F	15
LPUAG1097-21	GPRD1F	24
LPUAG1098-21	GPRD1F	17
LPUAG1099-21	GPRD1F	23
LPUAG1100-21	GPRD1F	22
LPUAG1101-21	GPRD1F	14
LPUAG1102-21	GPRD1F	24
LPUAG1103-21	GPRD1F	23
LPUAG1104-21	GPRD1F	16
LPUAG1105-21	GPRD1F	19
LPUAG1106-21	GPRD1F	30
LPUAG1107-21	GPRD1F	12
LPUAG1108-21	GPRD1F	17
LPUAG1109-21	GPRD1F	26
LPUAG1110-21	GPRD1F	25
LPUAG1111-21	GPRD1F	21
LPUAG111-21	GPRD1F	3
LPUAG1112-21	GPRD1F	21
LPUAG1113-21	GPRD1F	13
LPUAG1114-21	GPRD1F	27
LPUAG1115-21	GPRD1F	14
LPUAG1116-21	GPRD1F	22
LPUAG1117-21	GPRD1F	28
LPUAG1118-21	GPRD1F	8
LPUAG1119-21	GPRD1F	17
LPUAG1120-21	GPRD1F	13
LPUAG1121-21	GPRD1F	16
LPUAG1122-21	GPRD1F	13
LPUAG1123-21	GPRD1F	12
LPUAG1124-21	GPRD1F	20
LPUAG1125-21	GPRD1F	21
LPUAG1126-21	GPRD1F	14
LPUAG1127-21	GPRD1F	15
LPUAG1129-21	GPRD1F	12
LPUAG1130-21	GPRD1F	3
LPUAG1131-21	GPRD1F	23
LPUAG113-21	GPRD1F	16
LPUAG1132-21	GPRD1F	20
LPUAG1134-21	GPRD1F	15
LPUAG1136-21	GPRD1F	23
LPUAG1137-21	GPRD1F	17
LPUAG1138-21	GPRD1F	20
LPUAG1139-21	GPRD1F	14
LPUAG1140-21	GPRD1F	10
LPUAG1141-21	GPRD1F	6
LPUAG114-21	GPRD1F	10
LPUAG1142-21	GPRD1F	16
LPUAG1143-21	GPRD1F	15
LPUAG1144-21	GPRD1F	21
LPUAG1145-21	GPRD1F	26
LPUAG1146-21	GPRD1F	6
LPUAG1147-21	GPRD1F	25
LPUAG1148-21	GPRD1F	12
LPUAG1149-21	GPRD1F	17
LPUAG1150-21	GPRD1F	16
LPUAG1151-21	GPRD1F	12
LPUAG115-21	GPRD1F	12
LPUAG1152-21	GPRD1F	1
LPUAG1153-21	GPRD1F	9
LPUAG1154-21	GPRD1F	23
LPUAG1155-21	GPRD1F	15
LPUAG1156-21	GPRD1F	16
LPUAG1157-21	GPRD1F	19
LPUAG1158-21	GPRD1F	27
LPUAG1159-21	GPRD1F	13
LPUAG1160-21	GPRD1F	27
LPUAG1161-21	GPRD1F	17
LPUAG1162-21	GPRD1F	15
LPUAG1163-21	GPRD1F	19
LPUAG1164-21	GPRD1F	18
LPUAG1165-21	GPRD1F	23
LPUAG1166-21	GPRD1F	16
LPUAG1167-21	GPRD1F	5
LPUAG1168-21	GPRD1F	15
LPUAG1169-21	GPRD1F	13
LPUAG1170-21	GPRD1F	19
LPUAG1171-21	GPRD1F	11
LPUAG117-21	GPRD1F	16
LPUAG1172-21	GPRD1F	19
LPUAG1173-21	GPRD1F	12
LPUAG1174-21	GPRD1F	20
LPUAG1175-21	GPRD1F	7
LPUAG1176-21	GPRD1F	20
LPUAG1177-21	GPRD1F	19
LPUAG1178-21	GPRD1F	17
LPUAG1179-21	GPRD1F	18
LPUAG1180-21	GPRD1F	24
LPUAG1181-21	GPRD1F	22
LPUAG118-21	GPRD1F	12
LPUAG1182-21	GPRD1F	11
LPUAG1183-21	GPRD1F	11
LPUAG1184-21	GPRD1F	21
LPUAG1185-21	GPRD1F	17
LPUAG1186-21	GPRD1F	23
LPUAG1187-21	GPRD1F	29
LPUAG1188-21	GPRD1F	12
LPUAG1189-21	GPRD1F	11
LPUAG1190-21	GPRD1F	12
LPUAG1191-21	GPRD1F	14
LPUAG119-21	GPRD1F	15
LPUAG1192-21	GPRD1F	13
LPUAG1193-21	GPRD1F	29
LPUAG1194-21	GPRD1F	22
LPUAG1195-21	GPRD1F	12
LPUAG1196-21	GPRD1F	12
LPUAG1197-21	GPRD1F	19
LPUAG1198-21	GPRD1F	12
LPUAG1199-21	GPRD1F	13
LPUAG1200-21	GPRD1F	14
LPUAG1201-21	GPRD1F	17
LPUAG120-21	GPRD1F	26
LPUAG1202-21	GPRD1F	19
LPUAG1203-21	GPRD1F	22
LPUAG1204-21	GPRD1F	26
LPUAG1205-21	GPRD1F	25
LPUAG1206-21	GPRD1F	17
LPUAG1207-21	GPRD1F	15
LPUAG1208-21	GPRD1F	4
LPUAG1209-21	GPRD1F	13
LPUAG1210-21	GPRD1F	23
LPUAG1211-21	GPRD1F	35
LPUAG121-21	GPRD1F	6
LPUAG1212-21	GPRD1F	16
LPUAG1213-21	GPRD1F	26
LPUAG1214-21	GPRD1F	13
LPUAG1215-21	GPRD1F	9
LPUAG1216-21	GPRD1F	11
LPUAG1217-21	GPRD1F	21
LPUAG1218-21	GPRD1F	23
LPUAG1219-21	GPRD1F	11
LPUAG1220-21	GPRD1F	21
LPUAG1221-21	GPRD1F	17
LPUAG122-21	GPRD1F	11
LPUAG1222-21	GPRD1F	10
LPUAG1223-21	GPRD1F	4
LPUAG1224-21	GPRD1F	22
LPUAG1225-21	GPRD1F	16
LPUAG1226-21	GPRD1F	21
LPUAG1227-21	GPRD1F	12
LPUAG1228-21	GPRD1F	19
LPUAG1229-21	GPRD1F	19
LPUAG1230-21	GPRD1F	15
LPUAG1231-21	GPRD1F	13
LPUAG123-21	GPRD1F	9
LPUAG1232-21	GPRD1F	8
LPUAG1233-21	GPRD1F	25
LPUAG1234-21	GPRD1F	7
LPUAG1235-21	GPRD1F	11
LPUAG124-21	GPRD1F	8
LPUAG126-21	GPRD1F	18
LPUAG128-21	GPRD1F	21
LPUAG129-21	GPRD1F	27
LPUAG130-21	GPRD1F	13
LPUAG131-21	GPRD1F	12
LPUAG132-21	GPRD1F	5
LPUAG133-21	GPRD1F	7
LPUAG134-21	GPRD1F	8
LPUAG136-21	GPRD1F	3
LPUAG137-21	GPRD1F	7
LPUAG138-21	GPRD1F	7
LPUAG139-21	GPRD1F	6
LPUAG140-21	GPRD1F	5
LPUAG141-21	GPRD1F	2
LPUAG142-21	GPRD1F	18
LPUAG144-21	GPRD1F	14
LPUAG145-21	GPRD1F	10
LPUAG146-21	GPRD1F	16
LPUAG147-21	GPRD1F	7
LPUAG148-21	GPRD1F	3
LPUAG149-21	GPRD1F	4
LPUAG150-21	GPRD1F	4
LPUAG151-21	GPRD1F	5
LPUAG152-21	GPRD1F	5
LPUAG153-21	GPRD1F	2
LPUAG154-21	GPRD1F	11
LPUAG155-21	GPRD1F	7
LPUAG157-21	GPRD1F	11
LPUAG158-21	GPRD1F	13
LPUAG159-21	GPRD1F	5
LPUAG160-21	GPRD1F	3
LPUAG162-21	GPRD1F	9
LPUAG163-21	GPRD1F	3
LPUAG165-21	GPRD1F	9
LPUAG166-21	GPRD1F	20
LPUAG167-21	GPRD1F	9
LPUAG168-21	GPRD1F	16
LPUAG169-21	GPRD1F	9
LPUAG170-21	GPRD1F	16
LPUAG171-21	GPRD1F	13
LPUAG172-21	GPRD1F	8
LPUAG173-21	GPRD1F	8
LPUAG174-21	GPRD1F	11
LPUAG175-21	GPRD1F	9
LPUAG176-21	GPRD1F	3
LPUAG177-21	GPRD1F	10
LPUAG178-21	GPRD1F	13
LPUAG179-21	GPRD1F	13
LPUAG180-21	GPRD1F	7
LPUAG181-21	GPRD1F	4
LPUAG182-21	GPRD1F	14
LPUAG183-21	GPRD1F	10
LPUAG184-21	GPRD1F	7
LPUAG185-21	GPRD1F	10
LPUAG186-21	GPRD1F	16
LPUAG188-21	GPRD1F	10
LPUAG189-21	GPRD1F	7
LPUAG190-21	GPRD1F	13
LPUAG191-21	GPRD1F	14
LPUAG192-21	GPRD1F	18
LPUAG193-21	GPRD1F	11
LPUAG194-21	GPRD1F	8
LPUAG195-21	GPRD1F	10
LPUAG196-21	GPRD1F	8
LPUAG197-21	GPRD1F	15
LPUAG198-21	GPRD1F	15
LPUAG199-21	GPRD1F	7
LPUAG200-21	GPRD1F	9
LPUAG201-21	GPRD1F	17
LPUAG202-21	GPRD1F	15
LPUAG203-21	GPRD1F	8
LPUAG204-21	GPRD1F	14
LPUAG205-21	GPRD1F	12
LPUAG206-21	GPRD1F	8
LPUAG207-21	GPRD1F	24
LPUAG208-21	GPRD1F	3
LPUAG209-21	GPRD1F	13
LPUAG210-21	GPRD1F	8
LPUAG211-21	GPRD1F	7
LPUAG212-21	GPRD1F	15
LPUAG213-21	GPRD1F	17
LPUAG214-21	GPRD1F	8
LPUAG215-21	GPRD1F	21
LPUAG217-21	GPRD1F	17
LPUAG218-21	GPRD1F	15
LPUAG219-21	GPRD1F	5
LPUAG220-21	GPRD1F	9
LPUAG221-21	GPRD1F	12
LPUAG222-21	GPRD1F	14
LPUAG223-21	GPRD1F	15
LPUAG224-21	GPRD1F	13
LPUAG225-21	GPRD1F	12
LPUAG226-21	GPRD1F	9
LPUAG227-21	GPRD1F	18
LPUAG228-21	GPRD1F	19
LPUAG229-21	GPRD1F	13
LPUAG230-21	GPRD1F	12
LPUAG231-21	GPRD1F	9
LPUAG232-21	GPRD1F	3
LPUAG233-21	GPRD1F	18
LPUAG234-21	GPRD1F	11
LPUAG235-21	GPRD1F	20
LPUAG236-21	GPRD1F	9
LPUAG237-21	GPRD1F	17
LPUAG238-21	GPRD1F	9
LPUAG239-21	GPRD1F	8
LPUAG240-21	GPRD1F	12
LPUAG241-21	GPRD1F	19
LPUAG242-21	GPRD1F	13
LPUAG243-21	GPRD1F	10
LPUAG244-21	GPRD1F	12
LPUAG245-21	GPRD1F	9
LPUAG246-21	GPRD1F	17
LPUAG247-21	GPRD1F	11
LPUAG248-21	GPRD1F	14
LPUAG250-21	GPRD1F	12
LPUAG251-21	GPRD1F	15
LPUAG252-21	GPRD1F	23
LPUAG253-21	GPRD1F	14
LPUAG254-21	GPRD1F	3
LPUAG255-21	GPRD1F	18
LPUAG256-21	GPRD1F	19
LPUAG257-21	GPRD1F	21
LPUAG258-21	GPRD1F	10
LPUAG259-21	GPRD1F	4
LPUAG260-21	GPRD1F	14
LPUAG261-21	GPRD1F	18
LPUAG262-21	GPRD1F	12
LPUAG263-21	GPRD1F	15
LPUAG264-21	GPRD1F	20
LPUAG265-21	GPRD1F	11
LPUAG266-21	GPRD1F	15
LPUAG267-21	GPRD1F	19
LPUAG268-21	GPRD1F	18
LPUAG269-21	GPRD1F	9
LPUAG270-21	GPRD1F	9
LPUAG271-21	GPRD1F	10
LPUAG272-21	GPRD1F	4
LPUAG273-21	GPRD1F	15
LPUAG274-21	GPRD1F	15
LPUAG275-21	GPRD1F	18
LPUAG276-21	GPRD1F	9
LPUAG277-21	GPRD1F	19
LPUAG278-21	GPRD1F	9
LPUAG279-21	GPRD1F	15
LPUAG280-21	GPRD1F	6
LPUAG282-21	GPRD1F	10
LPUAG283-21	GPRD1F	10
LPUAG284-21	GPRD1F	9
LPUAG285-21	GPRD1F	14
LPUAG286-21	GPRD1F	19
LPUAG287-21	GPRD1F	24
LPUAG288-21	GPRD1F	7
LPUAG289-21	GPRD1F	4
LPUAG290-21	GPRD1F	16
LPUAG292-21	GPRD1F	13
LPUAG293-21	GPRD1F	18
LPUAG294-21	GPRD1F	4
LPUAG295-21	GPRD1F	11
LPUAG296-21	GPRD1F	18
LPUAG297-21	GPRD1F	5
LPUAG298-21	GPRD1F	17
LPUAG299-21	GPRD1F	12
LPUAG300-21	GPRD1F	12
LPUAG301-21	GPRD1F	18
LPUAG302-21	GPRD1F	11
LPUAG303-21	GPRD1F	2
LPUAG304-21	GPRD1F	10
LPUAG305-21	GPRD1F	10
LPUAG307-21	GPRD1F	11
LPUAG308-21	GPRD1F	12
LPUAG309-21	GPRD1F	23
LPUAG310-21	GPRD1F	2
LPUAG311-21	GPRD1F	11
LPUAG312-21	GPRD1F	17
LPUAG313-21	GPRD1F	4
LPUAG314-21	GPRD1F	14
LPUAG315-21	GPRD1F	15
LPUAG316-21	GPRD1F	11
LPUAG317-21	GPRD1F	19
LPUAG318-21	GPRD1F	12
LPUAG319-21	GPRD1F	17
LPUAG320-21	GPRD1F	20
LPUAG321-21	GPRD1F	17
LPUAG322-21	GPRD1F	13
LPUAG323-21	GPRD1F	9
LPUAG324-21	GPRD1F	6
LPUAG325-21	GPRD1F	15
LPUAG326-21	GPRD1F	3
LPUAG327-21	GPRD1F	13
LPUAG328-21	GPRD1F	9
LPUAG329-21	GPRD1F	10
LPUAG330-21	GPRD1F	14
LPUAG331-21	GPRD1F	8
LPUAG332-21	GPRD1F	15
LPUAG333-21	GPRD1F	8
LPUAG334-21	GPRD1F	5
LPUAG335-21	GPRD1F	12
LPUAG336-21	GPRD1F	7
LPUAG337-21	GPRD1F	12
LPUAG338-21	GPRD1F	12
LPUAG339-21	GPRD1F	13
LPUAG340-21	GPRD1F	7
LPUAG341-21	GPRD1F	15
LPUAG342-21	GPRD1F	13
LPUAG343-21	GPRD1F	15
LPUAG344-21	GPRD1F	17
LPUAG345-21	GPRD1F	9
LPUAG346-21	GPRD1F	19
LPUAG347-21	GPRD1F	13
LPUAG348-21	GPRD1F	12
LPUAG349-21	GPRD1F	6
LPUAG350-21	GPRD1F	12
LPUAG351-21	GPRD1F	11
LPUAG352-21	GPRD1F	8
LPUAG353-21	GPRD1F	13
LPUAG354-21	GPRD1F	16
LPUAG355-21	GPRD1F	17
LPUAG356-21	GPRD1F	21
LPUAG357-21	GPRD1F	6
LPUAG358-21	GPRD1F	10
LPUAG359-21	GPRD1F	10
LPUAG360-21	GPRD1F	14
LPUAG361-21	GPRD1F	9
LPUAG362-21	GPRD1F	21
LPUAG363-21	GPRD1F	12
LPUAG364-21	GPRD1F	8
LPUAG365-21	GPRD1F	16
LPUAG366-21	GPRD1F	7
LPUAG367-21	GPRD1F	21
LPUAG368-21	GPRD1F	10
LPUAG369-21	GPRD1F	9
LPUAG370-21	GPRD1F	9
LPUAG371-21	GPRD1F	12
LPUAG372-21	GPRD1F	12
LPUAG373-21	GPRD1F	13
LPUAG374-21	GPRD1F	17
LPUAG375-21	GPRD1F	21
LPUAG376-21	GPRD1F	17
LPUAG377-21	GPRD1F	17
LPUAG378-21	GPRD1F	3
LPUAG379-21	GPRD1F	5
LPUAG380-21	GPRD1F	15
LPUAG381-21	GPRD1F	31
LPUAG382-21	GPRD1F	17
LPUAG383-21	GPRD1F	7
LPUAG384-21	GPRD1F	11
LPUAG386-21	GPRD1F	27
LPUAG387-21	GPRD1F	8
LPUAG388-21	GPRD1F	19
LPUAG389-21	GPRD1F	16
LPUAG390-21	GPRD1F	18
LPUAG391-21	GPRD1F	25
LPUAG392-21	GPRD1F	4
LPUAG393-21	GPRD1F	19
LPUAG394-21	GPRD1F	19
LPUAG395-21	GPRD1F	12
LPUAG396-21	GPRD1F	9
LPUAG397-21	GPRD1F	21
LPUAG398-21	GPRD1F	14
LPUAG399-21	GPRD1F	14
LPUAG400-21	GPRD1F	19
LPUAG401-21	GPRD1F	8
LPUAG402-21	GPRD1F	12
LPUAG403-21	GPRD1F	27
LPUAG404-21	GPRD1F	25
LPUAG406-21	GPRD1F	24
LPUAG407-21	GPRD1F	9
LPUAG408-21	GPRD1F	12
LPUAG409-21	GPRD1F	25
LPUAG410-21	GPRD1F	22
LPUAG411-21	GPRD1F	23
LPUAG412-21	GPRD1F	25
LPUAG413-21	GPRD1F	9
LPUAG414-21	GPRD1F	8
LPUAG415-21	GPRD1F	4
LPUAG416-21	GPRD1F	20
LPUAG418-21	GPRD1F	14
LPUAG419-21	GPRD1F	4
LPUAG420-21	GPRD1F	10
LPUAG421-21	GPRD1F	26
LPUAG422-21	GPRD1F	15
LPUAG423-21	GPRD1F	15
LPUAG424-21	GPRD1F	14
LPUAG425-21	GPRD1F	31
LPUAG426-21	GPRD1F	24
LPUAG427-21	GPRD1F	16
LPUAG428-21	GPRD1F	20
LPUAG429-21	GPRD1F	29
LPUAG430-21	GPRD1F	28
LPUAG431-21	GPRD1F	10
LPUAG432-21	GPRD1F	7
LPUAG433-21	GPRD1F	5
LPUAG434-21	GPRD1F	19
LPUAG435-21	GPRD1F	17
LPUAG436-21	GPRD1F	16
LPUAG437-21	GPRD1F	20
LPUAG438-21	GPRD1F	17
LPUAG439-21	GPRD1F	23
LPUAG440-21	GPRD1F	15
LPUAG441-21	GPRD1F	19
LPUAG442-21	GPRD1F	7
LPUAG443-21	GPRD1F	2
LPUAG444-21	GPRD1F	8
LPUAG445-21	GPRD1F	18
LPUAG446-21	GPRD1F	24
LPUAG447-21	GPRD1F	3
LPUAG448-21	GPRD1F	25
LPUAG449-21	GPRD1F	4
LPUAG450-21	GPRD1F	8
LPUAG451-21	GPRD1F	31
LPUAG452-21	GPRD1F	15
LPUAG453-21	GPRD1F	20
LPUAG454-21	GPRD1F	22
LPUAG455-21	GPRD1F	26
LPUAG456-21	GPRD1F	27
LPUAG457-21	GPRD1F	2
LPUAG458-21	GPRD1F	4
LPUAG459-21	GPRD1F	23
LPUAG460-21	GPRD1F	16
LPUAG461-21	GPRD1F	4
LPUAG462-21	GPRD1F	17
LPUAG464-21	GPRD1F	19
LPUAG465-21	GPRD1F	21
LPUAG466-21	GPRD1F	12
LPUAG468-21	GPRD1F	28
LPUAG469-21	GPRD1F	13
LPUAG470-21	GPRD1F	20
LPUAG471-21	GPRD1F	4
LPUAG472-21	GPRD1F	6
LPUAG473-21	GPRD1F	22
LPUAG474-21	GPRD1F	6
LPUAG475-21	GPRD1F	30
LPUAG476-21	GPRD1F	24
LPUAG477-21	GPRD1F	19
LPUAG478-21	GPRD1F	23
LPUAG479-21	GPRD1F	26
LPUAG480-21	GPRD1F	13
LPUAG481-21	GPRD1F	15
LPUAG482-21	GPRD1F	16
LPUAG483-21	GPRD1F	16
LPUAG484-21	GPRD1F	14
LPUAG485-21	GPRD1F	25
LPUAG486-21	GPRD1F	18
LPUAG487-21	GPRD1F	27
LPUAG488-21	GPRD1F	38
LPUAG489-21	GPRD1F	23
LPUAG490-21	GPRD1F	19
LPUAG491-21	GPRD1F	25
LPUAG492-21	GPRD1F	18
LPUAG493-21	GPRD1F	36
LPUAG494-21	GPRD1F	28
LPUAG495-21	GPRD1F	8
LPUAG496-21	GPRD1F	24
LPUAG497-21	GPRD1F	23
LPUAG498-21	GPRD1F	19
LPUAG499-21	GPRD1F	22
LPUAG500-21	GPRD1F	28
LPUAG501-21	GPRD1F	18
LPUAG502-21	GPRD1F	20
LPUAG503-21	GPRD1F	20
LPUAG504-21	GPRD1F	15
LPUAG505-21	GPRD1F	28
LPUAG506-21	GPRD1F	35
LPUAG507-21	GPRD1F	19
LPUAG508-21	GPRD1F	34
LPUAG509-21	GPRD1F	25
LPUAG510-21	GPRD1F	23
LPUAG511-21	GPRD1F	20
LPUAG512-21	GPRD1F	25
LPUAG513-21	GPRD1F	11
LPUAG514-21	GPRD1F	21
LPUAG515-21	GPRD1F	16
LPUAG516-21	GPRD1F	21
LPUAG517-21	GPRD1F	18
LPUAG518-21	GPRD1F	17
LPUAG519-21	GPRD1F	16
LPUAG520-21	GPRD1F	18
LPUAG521-21	GPRD1F	16
LPUAG522-21	GPRD1F	20
LPUAG523-21	GPRD1F	28
LPUAG524-21	GPRD1F	15
LPUAG526-21	GPRD1F	18
LPUAG527-21	GPRD1F	25
LPUAG528-21	GPRD1F	26
LPUAG529-21	GPRD1F	20
LPUAG530-21	GPRD1F	23
LPUAG531-21	GPRD1F	19
LPUAG532-21	GPRD1F	28
LPUAG533-21	GPRD1F	25
LPUAG534-21	GPRD1F	29
LPUAG535-21	GPRD1F	22
LPUAG536-21	GPRD1F	40
LPUAG537-21	GPRD1F	30
LPUAG538-21	GPRD1F	19
LPUAG539-21	GPRD1F	26
LPUAG540-21	GPRD1F	25
LPUAG541-21	GPRD1F	16
LPUAG542-21	GPRD1F	14
LPUAG543-21	GPRD1F	30
LPUAG544-21	GPRD1F	25
LPUAG545-21	GPRD1F	15
LPUAG546-21	GPRD1F	29
LPUAG547-21	GPRD1F	27
LPUAG549-21	GPRD1F	22
LPUAG550-21	GPRD1F	11
LPUAG551-21	GPRD1F	28
LPUAG552-21	GPRD1F	26
LPUAG553-21	GPRD1F	17
LPUAG554-21	GPRD1F	11
LPUAG555-21	GPRD1F	14
LPUAG556-21	GPRD1F	7
LPUAG557-21	GPRD1F	23
LPUAG558-21	GPRD1F	17
LPUAG559-21	GPRD1F	32
LPUAG560-21	GPRD1F	41
LPUAG561-21	GPRD1F	11
LPUAG562-21	GPRD1F	11
LPUAG563-21	GPRD1F	9
LPUAG564-21	GPRD1F	24
LPUAG565-21	GPRD1F	34
LPUAG566-21	GPRD1F	22
LPUAG567-21	GPRD1F	24
LPUAG568-21	GPRD1F	7
LPUAG569-21	GPRD1F	13
LPUAG570-21	GPRD1F	29
LPUAG571-21	GPRD1F	22
LPUAG572-21	GPRD1F	24
LPUAG573-21	GPRD1F	30
LPUAG574-21	GPRD1F	22
LPUAG575-21	GPRD1F	23
LPUAG576-21	GPRD1F	19
LPUAG577-21	GPRD1F	13
LPUAG578-21	GPRD1F	14
LPUAG579-21	GPRD1F	19
LPUAG580-21	GPRD1F	21
LPUAG581-21	GPRD1F	3
LPUAG582-21	GPRD1F	19
LPUAG583-21	GPRD1F	27
LPUAG584-21	GPRD1F	9
LPUAG585-21	GPRD1F	40
LPUAG586-21	GPRD1F	17
LPUAG587-21	GPRD1F	29
LPUAG588-21	GPRD1F	9
LPUAG589-21	GPRD1F	26
LPUAG590-21	GPRD1F	6
LPUAG591-21	GPRD1F	19
LPUAG593-21	GPRD1F	25
LPUAG594-21	GPRD1F	22
LPUAG595-21	GPRD1F	9
LPUAG596-21	GPRD1F	27
LPUAG597-21	GPRD1F	33
LPUAG598-21	GPRD1F	13
LPUAG599-21	GPRD1F	28
LPUAG600-21	GPRD1F	21
LPUAG601-21	GPRD1F	4
LPUAG602-21	GPRD1F	35
LPUAG603-21	GPRD1F	28
LPUAG604-21	GPRD1F	38
LPUAG605-21	GPRD1F	27
LPUAG606-21	GPRD1F	24
LPUAG607-21	GPRD1F	18
LPUAG608-21	GPRD1F	25
LPUAG609-21	GPRD1F	18
LPUAG610-21	GPRD1F	20
LPUAG611-21	GPRD1F	6
LPUAG612-21	GPRD1F	11
LPUAG613-21	GPRD1F	10
LPUAG614-21	GPRD1F	27
LPUAG615-21	GPRD1F	21
LPUAG616-21	GPRD1F	23
LPUAG617-21	GPRD1F	9
LPUAG618-21	GPRD1F	29
LPUAG619-21	GPRD1F	19
LPUAG620-21	GPRD1F	19
LPUAG621-21	GPRD1F	10
LPUAG622-21	GPRD1F	21
LPUAG623-21	GPRD1F	18
LPUAG624-21	GPRD1F	15
LPUAG625-21	GPRD1F	23
LPUAG626-21	GPRD1F	6
LPUAG627-21	GPRD1F	9
LPUAG628-21	GPRD1F	26
LPUAG629-21	GPRD1F	27
LPUAG630-21	GPRD1F	31
LPUAG631-21	GPRD1F	24
LPUAG632-21	GPRD1F	16
LPUAG633-21	GPRD1F	16
LPUAG634-21	GPRD1F	23
LPUAG635-21	GPRD1F	16
LPUAG636-21	GPRD1F	31
LPUAG637-21	GPRD1F	24
LPUAG638-21	GPRD1F	27
LPUAG640-21	GPRD1F	19
LPUAG641-21	GPRD1F	29
LPUAG642-21	GPRD1F	31
LPUAG643-21	GPRD1F	22
LPUAG644-21	GPRD1F	26
LPUAG645-21	GPRD1F	37
LPUAG646-21	GPRD1F	36
LPUAG647-21	GPRD1F	24
LPUAG648-21	GPRD1F	30
LPUAG649-21	GPRD1F	33
LPUAG650-21	GPRD1F	17
LPUAG651-21	GPRD1F	12
LPUAG652-21	GPRD1F	24
LPUAG653-21	GPRD1F	27
LPUAG654-21	GPRD1F	10
LPUAG655-21	GPRD1F	36
LPUAG656-21	GPRD1F	22
LPUAG657-21	GPRD1F	13
LPUAG658-21	GPRD1F	29
LPUAG659-21	GPRD1F	21
LPUAG660-21	GPRD1F	22
LPUAG661-21	GPRD1F	22
LPUAG662-21	GPRD1F	28
LPUAG663-21	GPRD1F	14
LPUAG664-21	GPRD1F	29
LPUAG665-21	GPRD1F	25
LPUAG666-21	GPRD1F	10
LPUAG667-21	GPRD1F	3
LPUAG668-21	GPRD1F	5
LPUAG669-21	GPRD1F	7
LPUAG670-21	GPRD1F	8
LPUAG671-21	GPRD1F	5
LPUAG673-21	GPRD1F	6
LPUAG674-21	GPRD1F	5
LPUAG676-21	GPRD1F	3
LPUAG677-21	GPRD1F	3
LPUAG678-21	GPRD1F	4
LPUAG679-21	GPRD1F	14
LPUAG680-21	GPRD1F	8
LPUAG681-21	GPRD1F	20
LPUAG682-21	GPRD1F	4
LPUAG683-21	GPRD1F	4
LPUAG684-21	GPRD1F	8
LPUAG686-21	GPRD1F	3
LPUAG688-21	GPRD1F	12
LPUAG689-21	GPRD1F	9
LPUAG690-21	GPRD1F	3
LPUAG691-21	GPRD1F	6
LPUAG693-21	GPRD1F	7
LPUAG694-21	GPRD1F	3
LPUAG696-21	GPRD1F	2
LPUAG697-21	GPRD1F	3
LPUAG700-21	GPRD1F	9
LPUAG701-21	GPRD1F	3
LPUAG702-21	GPRD1F	4
LPUAG703-21	GPRD1F	4
LPUAG704-21	GPRD1F	4
LPUAG705-21	GPRD1F	5
LPUAG707-21	GPRD1F	4
LPUAG708-21	GPRD1F	5
LPUAG710-21	GPRD1F	6
LPUAG712-21	GPRD1F	17
LPUAG713-21	GPRD1F	6
LPUAG714-21	GPRD1F	3
LPUAG715-21	GPRD1F	6
LPUAG716-21	GPRD1F	11
LPUAG717-21	GPRD1F	2
LPUAG718-21	GPRD1F	4
LPUAG720-21	GPRD1F	6
LPUAG721-21	GPRD1F	2
LPUAG723-21	GPRD1F	4
LPUAG725-21	GPRD1F	4
LPUAG726-21	GPRD1F	5
LPUAG728-21	GPRD1F	5
LPUAG729-21	GPRD1F	5
LPUAG730-21	GPRD1F	5
LPUAG731-21	GPRD1F	3
LPUAG732-21	GPRD1F	7
LPUAG734-21	GPRD1F	6
LPUAG736-21	GPRD1F	4
LPUAG737-21	GPRD1F	4
LPUAG738-21	GPRD1F	2
LPUAG739-21	GPRD1F	4
LPUAG741-21	GPRD1F	3
LPUAG743-21	GPRD1F	3
LPUAG744-21	GPRD1F	3
LPUAG746-21	GPRD1F	8
LPUAG747-21	GPRD1F	9
LPUAG748-21	GPRD1F	14
LPUAG749-21	GPRD1F	4
LPUAG750-21	GPRD1F	7
LPUAG754-21	GPRD1F	9
LPUAG755-21	GPRD1F	3
LPUAG756-21	GPRD1F	6
LPUAG757-21	GPRD1F	3
LPUAG758-21	GPRD1F	4
LPUAG760-21	GPRD1F	15
LPUAG761-21	GPRD1F	3
LPUAG762-21	GPRD1F	4
LPUAG763-21	GPRD1F	4
LPUAG764-21	GPRD1F	3
LPUAG765-21	GPRD1F	11
LPUAG766-21	GPRD1F	13
LPUAG767-21	GPRD1F	5
LPUAG768-21	GPRD1F	3
LPUAG770-21	GPRD1F	4
LPUAG774-21	GPRD1F	5
LPUAG775-21	GPRD1F	4
LPUAG776-21	GPRD1F	5
LPUAG777-21	GPRD1F	11
LPUAG778-21	GPRD1F	4
LPUAG779-21	GPRD1F	3
LPUAG780-21	GPRD1F	19
LPUAG781-21	GPRD1F	4
LPUAG782-21	GPRD1F	3
LPUAG783-21	GPRD1F	7
LPUAG784-21	GPRD1F	5
LPUAG785-21	GPRD1F	3
LPUAG786-21	GPRD1F	10
LPUAG787-21	GPRD1F	5
LPUAG788-21	GPRD1F	2
LPUAG789-21	GPRD1F	10
LPUAG790-21	GPRD1F	2
LPUAG791-21	GPRD1F	5
LPUAG792-21	GPRD1F	7
LPUAG793-21	GPRD1F	3
LPUAG794-21	GPRD1F	4
LPUAG795-21	GPRD1F	6
LPUAG796-21	GPRD1F	12
LPUAG797-21	GPRD1F	9
LPUAG798-21	GPRD1F	5
LPUAG799-21	GPRD1F	11
LPUAG800-21	GPRD1F	19
LPUAG803-21	GPRD1F	7
LPUAG804-21	GPRD1F	4
LPUAG806-21	GPRD1F	10
LPUAG807-21	GPRD1F	2
LPUAG808-21	GPRD1F	7
LPUAG809-21	GPRD1F	8
LPUAG810-21	GPRD1F	2
LPUAG811-21	GPRD1F	9
LPUAG812-21	GPRD1F	16
LPUAG814-21	GPRD1F	3
LPUAG815-21	GPRD1F	3
LPUAG816-21	GPRD1F	3
LPUAG818-21	GPRD1F	12
LPUAG819-21	GPRD1F	4
LPUAG820-21	GPRD1F	26
LPUAG821-21	GPRD1F	17
LPUAG822-21	GPRD1F	10
LPUAG823-21	GPRD1F	26
LPUAG824-21	GPRD1F	10
LPUAG825-21	GPRD1F	8
LPUAG827-21	GPRD1F	10
LPUAG828-21	GPRD1F	18
LPUAG829-21	GPRD1F	18
LPUAG830-21	GPRD1F	3
LPUAG832-21	GPRD1F	34
LPUAG833-21	GPRD1F	20
LPUAG834-21	GPRD1F	10
LPUAG835-21	GPRD1F	9
LPUAG836-21	GPRD1F	5
LPUAG837-21	GPRD1F	27
LPUAG838-21	GPRD1F	24
LPUAG839-21	GPRD1F	20
LPUAG840-21	GPRD1F	10
LPUAG841-21	GPRD1F	12
LPUAG842-21	GPRD1F	6
LPUAG843-21	GPRD1F	7
LPUAG844-21	GPRD1F	11
LPUAG845-21	GPRD1F	34
LPUAG846-21	GPRD1F	17
LPUAG847-21	GPRD1F	16
LPUAG848-21	GPRD1F	19
LPUAG849-21	GPRD1F	5
LPUAG850-21	GPRD1F	25
LPUAG851-21	GPRD1F	25
LPUAG852-21	GPRD1F	22
LPUAG853-21	GPRD1F	20
LPUAG854-21	GPRD1F	25
LPUAG855-21	GPRD1F	12
LPUAG856-21	GPRD1F	21
LPUAG857-21	GPRD1F	10
LPUAG858-21	GPRD1F	27
LPUAG859-21	GPRD1F	35
LPUAG860-21	GPRD1F	24
LPUAG861-21	GPRD1F	6
LPUAG862-21	GPRD1F	26
LPUAG863-21	GPRD1F	23
LPUAG864-21	GPRD1F	14
LPUAG865-21	GPRD1F	15
LPUAG866-21	GPRD1F	18
LPUAG867-21	GPRD1F	6
LPUAG868-21	GPRD1F	19
LPUAG869-21	GPRD1F	36
LPUAG870-21	GPRD1F	9
LPUAG871-21	GPRD1F	16
LPUAG872-21	GPRD1F	18
LPUAG873-21	GPRD1F	22
LPUAG874-21	GPRD1F	23
LPUAG875-21	GPRD1F	5
LPUAG876-21	GPRD1F	16
LPUAG877-21	GPRD1F	26
LPUAG878-21	GPRD1F	18
LPUAG879-21	GPRD1F	5
LPUAG880-21	GPRD1F	33
LPUAG881-21	GPRD1F	20
LPUAG882-21	GPRD1F	23
LPUAG883-21	GPRD1F	28
LPUAG884-21	GPRD1F	11
LPUAG885-21	GPRD1F	21
LPUAG886-21	GPRD1F	7
LPUAG887-21	GPRD1F	21
LPUAG888-21	GPRD1F	18
LPUAG889-21	GPRD1F	21
LPUAG890-21	GPRD1F	7
LPUAG891-21	GPRD1F	7
LPUAG892-21	GPRD1F	29
LPUAG893-21	GPRD1F	17
LPUAG894-21	GPRD1F	13
LPUAG895-21	GPRD1F	17
LPUAG896-21	GPRD1F	27
LPUAG897-21	GPRD1F	6
LPUAG898-21	GPRD1F	9
LPUAG899-21	GPRD1F	19
LPUAG900-21	GPRD1F	31
LPUAG901-21	GPRD1F	31
LPUAG902-21	GPRD1F	29
LPUAG903-21	GPRD1F	14
LPUAG904-21	GPRD1F	20
LPUAG905-21	GPRD1F	35
LPUAG906-21	GPRD1F	14
LPUAG907-21	GPRD1F	30
LPUAG908-21	GPRD1F	25
LPUAG909-21	GPRD1F	20
LPUAG910-21	GPRD1F	26
LPUAG911-21	GPRD1F	14
LPUAG912-21	GPRD1F	7
LPUAG913-21	GPRD1F	14
LPUAG914-21	GPRD1F	12
LPUAG915-21	GPRD1F	12
LPUAG916-21	GPRD1F	19
LPUAG917-21	GPRD1F	18
LPUAG918-21	GPRD1F	19
LPUAG919-21	GPRD1F	22
LPUAG920-21	GPRD1F	13
LPUAG921-21	GPRD1F	10
LPUAG923-21	GPRD1F	27
LPUAG924-21	GPRD1F	11
LPUAG925-21	GPRD1F	12
LPUAG926-21	GPRD1F	20
LPUAG927-21	GPRD1F	10
LPUAG928-21	GPRD1F	8
LPUAG929-21	GPRD1F	16
LPUAG930-21	GPRD1F	14
LPUAG931-21	GPRD1F	35
LPUAG932-21	GPRD1F	9
LPUAG933-21	GPRD1F	29
LPUAG934-21	GPRD1F	20
LPUAG935-21	GPRD1F	14
LPUAG936-21	GPRD1F	25
LPUAG937-21	GPRD1F	19
LPUAG938-21	GPRD1F	17
LPUAG939-21	GPRD1F	12
LPUAG941-21	GPRD1F	12
LPUAG942-21	GPRD1F	3
LPUAG943-21	GPRD1F	16
LPUAG944-21	GPRD1F	14
LPUAG945-21	GPRD1F	9
LPUAG946-21	GPRD1F	6
LPUAG948-21	GPRD1F	16
LPUAG949-21	GPRD1F	17
LPUAG950-21	GPRD1F	10
LPUAG951-21	GPRD1F	17
LPUAG952-21	GPRD1F	2
LPUAG953-21	GPRD1F	17
LPUAG955-21	GPRD1F	23
LPUAG956-21	GPRD1F	26
LPUAG957-21	GPRD1F	13
LPUAG958-21	GPRD1F	15
LPUAG959-21	GPRD1F	29
LPUAG960-21	GPRD1F	13
LPUAG961-21	GPRD1F	11
LPUAG962-21	GPRD1F	11
LPUAG963-21	GPRD1F	1
LPUAG964-21	GPRD1F	24
LPUAG965-21	GPRD1F	31
LPUAG966-21	GPRD1F	20
LPUAG967-21	GPRD1F	33
LPUAG968-21	GPRD1F	45
LPUAG969-21	GPRD1F	21
LPUAG970-21	GPRD1F	8
LPUAG971-21	GPRD1F	14
LPUAG972-21	GPRD1F	38
LPUAG973-21	GPRD1F	24
LPUAG974-21	GPRD1F	17
LPUAG975-21	GPRD1F	7
LPUAG976-21	GPRD1F	22
LPUAG977-21	GPRD1F	16
LPUAG978-21	GPRD1F	17
LPUAG979-21	GPRD1F	12
LPUAG980-21	GPRD1F	10
LPUAG981-21	GPRD1F	22
LPUAG982-21	GPRD1F	11
LPUAG983-21	GPRD1F	17
LPUAG984-21	GPRD1F	13
LPUAG985-21	GPRD1F	18
LPUAG986-21	GPRD1F	13
LPUAG987-21	GPRD1F	14
LPUAG988-21	GPRD1F	25
LPUAG989-21	GPRD1F	22
LPUAG990-21	GPRD1F	17
LPUAG991-21	GPRD1F	16
LPUAG992-21	GPRD1F	7
LPUAG993-21	GPRD1F	18
LPUAG994-21	GPRD1F	23
LPUAG995-21	GPRD1F	22
LPUAG996-21	GPRD1F	12
LPUAG997-21	GPRD1F	31
LPUAG998-21	GPRD1F	20
LPUAG999-21	GPRD1F	24
LPASA001-22	G9FAFS	41
LPASA002-22	G9FAFS	47
LPASA003-22	G9FAFS	19
LPASA004-22	G9FAFS	27
LPASA005-22	G9FAFS	36
LPASA006-22	G9FAFS	42
LPASA007-22	G9FAFS	43
LPASA008-22	G9FAFS	26
LPASA009-22	G9FAFS	26
LPASA010-22	G9FAFS	28
LPASA011-22	G9FAFS	10
LPASA012-22	G9FAFS	39
LPASA013-22	G9FAFS	55
LPASA014-22	G9FAFS	33
LPASA015-22	G9FAFS	34
LPASA016-22	G9FAFS	44
LPASA017-22	G9FAFS	48
LPASA018-22	G9FAFS	46
LPASA019-22	G9FAFS	40
LPASA020-22	G9FAFS	26
LPASA021-22	G9FAFS	35
LPASA022-22	G9FAFS	44
LPASA023-22	G9FAFS	31
LPASA024-22	G9FAFS	54
LPASA025-22	G9FAFS	38
LPASA026-22	G9FAFS	41
LPASA027-22	G9FAFS	58
LPASA028-22	G9FAFS	28
LPASA029-22	G9FAFS	47
LPASA030-22	G9FAFS	66
LPASA031-22	G9FAFS	32
LPASA032-22	G9FAFS	32
LPASA033-22	G9FAFS	23
LPASA034-22	G9FAFS	22
LPASA035-22	G9FAFS	35
LPASA036-22	G9FAFS	35
LPASA037-22	G9FAFS	28
LPASA038-22	G9FAFS	45
LPASA039-22	G9FAFS	34
LPASA040-22	G9FAFS	35
LPASA041-22	G9FAFS	35
LPASA042-22	G9FAFS	30
LPASA043-22	G9FAFS	6
LPASA044-22	G9FAFS	32
LPASA045-22	G9FAFS	20
LPASA046-22	G9FAFS	14
LPASA047-22	G9FAFS	27
LPASA048-22	G9FAFS	4
LPASA049-22	G9FAFS	23
LPASA050-22	G9FAFS	23
LPASA052-22	G9FAFS	32
LPASA053-22	G9FAFS	30
LPASA054-22	G9FAFS	14
LPASA055-22	G9FAFS	17
LPASA056-22	G9FAFS	30
LPASA057-22	G9FAFS	27
LPASA058-22	G9FAFS	25
LPASA059-22	G9FAFS	24
LPASA060-22	G9FAFS	2
LPASA061-22	G9FAFS	5
LPASA062-22	G9FAFS	17
LPASA063-22	G9FAFS	20
LPASA064-22	G9FAFS	23
LPASA065-22	G9FAFS	33
LPASA067-22	G9FAFS	6
LPASA068-22	G9FAFS	21
LPASA069-22	G9FAFS	20
LPASA070-22	G9FAFS	25
LPASA071-22	G9FAFS	31
LPASA072-22	G9FAFS	6
LPASA073-22	G9FAFS	11
LPASA074-22	G9FAFS	4
LPASA075-22	G9FAFS	3
LPASA076-22	G9FAFS	34
LPASA077-22	G9FAFS	13
LPASA078-22	G9FAFS	4
LPASA079-22	G9FAFS	18
LPASA080-22	G9FAFS	7
LPASA081-22	G9FAFS	6
LPASA082-22	G9FAFS	25
LPASA083-22	G9FAFS	28
LPASA084-22	G9FAFS	32
LPASA085-22	G9FAFS	5
LPASA086-22	G9FAFS	21
LPASA087-22	G9FAFS	33
LPASA088-22	G9FAFS	28
LPASA089-22	G9FAFS	49
LPASA090-22	G9FAFS	19
LPASA091-22	G9FAFS	8
LPASA092-22	G9FAFS	17
LPASA093-22	G9FAFS	6
LPASA094-22	G9FAFS	27
LPASA095-22	G9FAFS	3
LPASA096-22	G9FAFS	23
LPASA097-22	G9FAFS	34
LPASA098-22	G9FAFS	26
LPASA099-22	G9FAFS	11
LPASA100-22	G9FAFS	16
LPASA101-22	G9FAFS	5
LPASA102-22	G9FAFS	27
LPASA104-22	G9FAFS	38
LPASA105-22	G9FAFS	10
LPASA106-22	G9FAFS	10
LPASA107-22	G9FAFS	28
LPASA108-22	G9FAFS	2
LPASA109-22	G9FAFS	6
LPASA110-22	G9FAFS	4
LPASA111-22	G9FAFS	3
LPASA112-22	G9FAFS	57
LPASA113-22	G9FAFS	37
LPASA114-22	G9FAFS	16
LPASA115-22	G9FAFS	22
LPASA116-22	G9FAFS	5
LPASA117-22	G9FAFS	13
LPASA118-22	G9FAFS	27
LPASA119-22	G9FAFS	28
LPASA120-22	G9FAFS	32
LPASA121-22	G9FAFS	30
LPASA122-22	G9FAFS	22
LPASA123-22	G9FAFS	37
LPASA124-22	G9FAFS	27
LPASA125-22	G9FAFS	31
LPASA126-22	G9FAFS	34
LPASA127-22	G9FAFS	28
LPASA128-22	G9FAFS	21
LPASA129-22	G9FAFS	8
LPASA130-22	G9FAFS	33
LPASA131-22	G9FAFS	2
LPASA132-22	G9FAFS	11
LPASA133-22	G9FAFS	28
LPASA134-22	G9FAFS	20
LPASA135-22	G9FAFS	27
LPASA136-22	G9FAFS	26
LPASA137-22	G9FAFS	6
LPASA138-22	G9FAFS	3
LPASA139-22	G9FAFS	6
LPASA140-22	G9FAFS	4
LPASA141-22	G9FAFS	13
LPASA142-22	G9FAFS	9
LPASA143-22	G9FAFS	7
LPASA144-22	G9FAFS	17
LPASA145-22	G9FAFS	8
LPASA147-22	G9FAFS	6
LPASA148-22	G9FAFS	31
LPASA149-22	G9FAFS	31
LPASA150-22	G9FAFS	2
LPASA151-22	G9FAFS	6
LPASA152-22	G9FAFS	15
LPASA153-22	G9FAFS	34
LPASA154-22	G9FAFS	18
LPASA155-22	G9FAFS	33
LPASA156-22	G9FAFS	31
LPASA157-22	G9FAFS	18
LPASA158-22	G9FAFS	36
LPASA159-22	G9FAFS	12
LPASA160-22	G9FAFS	20
LPASA161-22	G9FAFS	23
LPASA162-22	G9FAFS	29
LPASA163-22	G9FAFS	24
LPASA164-22	G9FAFS	31
LPASA165-22	G9FAFS	4
LPASA166-22	G9FAFS	3
LPASA167-22	G9FAFS	4
LPASA168-22	G9FAFS	20
LPASA169-22	G9FAFS	32
LPASA170-22	G9FAFS	14
LPASA171-22	G9FAFS	32
LPASA172-22	G9FAFS	32
LPASA173-22	G9FAFS	30
LPASA175-22	G9FAFS	24
LPASA176-22	G9FAFS	14
LPASA177-22	G9FAFS	19
LPASA178-22	G9FAFS	6
LPASA179-22	G9FAFS	21
LPASA180-22	G9FAFS	19
LPASA181-22	G9FAFS	29
LPASA183-22	G9FAFS	11
LPASA184-22	G9FAFS	29
LPASA185-22	G9FAFS	26
LPASA186-22	G9FAFS	16
LPASA187-22	G9FAFS	17
LPASA188-22	G9FAFS	36
LPASA191-22	G9FAFS	21
LPASA192-22	G9FAFS	19
LPASA193-22	G9FAFS	27
LPASA194-22	G9FAFS	22
LPASA195-22	G9FAFS	29
LPASA196-22	G9FAFS	32
LPASA197-22	G9FAFS	2
LPASA198-22	G9FAFS	23
LPASA199-22	G9FAFS	20
LPASA200-22	G9FAFS	20
LPASA201-22	G9FAFS	1
LPASA202-22	G9FAFS	4
LPASA203-22	G9FAFS	18
LPASA204-22	G9FAFS	27
LPASA205-22	G9FAFS	43
LPASA206-22	G9FAFS	8
LPASA207-22	G9FAFS	36
LPASA208-22	G9FAFS	38
LPASA209-22	G9FAFS	27
LPASA210-22	G9FAFS	2
LPASA211-22	G9FAFS	10
LPASA213-22	G9FAFS	10
LPASA214-22	G9FAFS	25
LPASA215-22	G9FAFS	30
LPASA216-22	G9FAFS	10
LPASA217-22	G9FAFS	30
LPASA218-22	G9FAFS	13
LPASA219-22	G9FAFS	22
LPASA220-22	G9FAFS	3
LPASA221-22	G9FAFS	22
LPASA222-22	G9FAFS	4
LPASA223-22	G9FAFS	8
LPASA224-22	G9FAFS	30
LPASA225-22	G9FAFS	26
LPASA226-22	G9FAFS	23
LPASA227-22	G9FAFS	18
LPASA228-22	G9FAFS	4
LPASA230-22	G9FAFS	25
LPASA231-22	G9FAFS	29
LPASA232-22	G9FAFS	45
LPASA233-22	G9FAFS	29
LPASA234-22	G9FAFS	24
LPASA235-22	G9FAFS	11
LPASA236-22	G9FAFS	39
LPASA237-22	G9FAFS	6
LPASA238-22	G9FAFS	20
LPASA239-22	G9FAFS	30
LPASA240-22	G9FAFS	9
LPASA241-22	G9FAFS	35
LPASA242-22	G9FAFS	41
LPASA243-22	G9FAFS	46
LPASA244-22	G9FAFS	29
LPASA245-22	G9FAFS	27
LPASA246-22	G9FAFS	24
LPASA247-22	G9FAFS	21
LPASA248-22	G9FAFS	35
LPASA249-22	G9FAFS	40
LPASA250-22	G9FAFS	29
LPASA251-22	G9FAFS	6
LPASA252-22	G9FAFS	36
LPASA253-22	G9FAFS	52
LPASA254-22	G9FAFS	37
LPASA255-22	G9FAFS	37
LPASA256-22	G9FAFS	27
LPASA257-22	G9FAFS	28
LPASA258-22	G9FAFS	23
LPASA259-22	G9FAFS	22
LPASA260-22	G9FAFS	18
LPASA261-22	G9FAFS	27
LPASA262-22	G9FAFS	38
LPASA263-22	G9FAFS	20
LPASA264-22	G9FAFS	37
LPASA265-22	G9FAFS	40
LPASA266-22	G9FAFS	19
LPASA267-22	G9FAFS	32
LPASA268-22	G9FAFS	27
LPASA269-22	G9FAFS	20
LPASA270-22	G9FAFS	22
LPASA271-22	G9FAFS	25
LPASA272-22	G9FAFS	29
LPASA273-22	G9FAFS	27
LPASA274-22	G9FAFS	23
LPASA275-22	G9FAFS	32
LPASA276-22	G9FAFS	31
LPASA277-22	G9FAFS	31
LPASA278-22	G9FAFS	61
LPASA279-22	G9FAFS	31
LPASA280-22	G9FAFS	20
LPASA281-22	G9FAFS	19
LPASA282-22	G9FAFS	15
LPASA283-22	G9FAFS	22
LPASA284-22	G9FAFS	24
LPASA285-22	G9FAFS	34
LPASA286-22	G9FAFS	13
LPASA287-22	G9FAFS	30
LPASA288-22	G9FAFS	18
LPASA289-22	G9FAFS	20
LPASA290-22	G9FAFS	35
LPASA291-22	G9FAFS	31
LPASA292-22	G9FAFS	22
LPASA293-22	G9FAFS	37
LPASA294-22	G9FAFS	26
LPASA295-22	G9FAFS	24
LPASA296-22	G9FAFS	35
LPASA297-22	G9FAFS	25
LPASA298-22	G9FAFS	37
LPASA299-22	G9FAFS	35
LPASA300-22	G9FAFS	39
LPASA301-22	G9FAFS	23
LPASA302-22	G9FAFS	39
LPASA303-22	G9FAFS	38
LPASA304-22	G9FAFS	21
LPASA305-22	G9FAFS	29
LPASA306-22	G9FAFS	19
LPASA307-22	G9FAFS	32
LPASA308-22	G9FAFS	24
LPASA309-22	G9FAFS	19
LPASA310-22	G9FAFS	28
LPASA311-22	G9FAFS	34
LPASA312-22	G9FAFS	25
LPASA313-22	G9FAFS	33
LPASA314-22	G9FAFS	13
LPASA315-22	G9FAFS	39
LPASA316-22	G9FAFS	41
LPASA317-22	G9FAFS	38
LPASA318-22	G9FAFS	11
LPASA319-22	G9FAFS	28
LPASA320-22	G9FAFS	2
LPASA321-22	G9FAFS	25
LPASA322-22	G9FAFS	37
LPASA323-22	G9FAFS	21
LPASA324-22	G9FAFS	22
LPASA325-22	G9FAFS	5
LPASA326-22	G9FAFS	32
LPASA327-22	G9FAFS	37
LPASA328-22	G9FAFS	34
LPASA329-22	G9FAFS	48
LPASA330-22	G9FAFS	23
LPASA331-22	G9FAFS	32
LPASA332-22	G9FAFS	24
LPASA333-22	G9FAFS	35
LPASA334-22	G9FAFS	39
LPASA335-22	G9FAFS	52
LPASA336-22	G9FAFS	53
LPASA337-22	G9FAFS	40
LPASA338-22	G9FAFS	46
LPASA339-22	G9FAFS	50
LPASA3401-22	GUFP6B	29
LPASA340-22	G9FAFS	31
LPASA3402-22	GUFP6B	21
LPASA3403-22	GUFP6B	17
LPASA3404-22	GUFP6B	21
LPASA3405-22	GUFP6B	17
LPASA3406-22	GUFP6B	19
LPASA3407-22	GUFP6B	28
LPASA3408-22	GUFP6B	16
LPASA3409-22	GUFP6B	8
LPASA3410-22	GUFP6B	30
LPASA3411-22	GUFP6B	22
LPASA341-22	G9FAFS	31
LPASA3412-22	GUFP6B	17
LPASA3413-22	GUFP6B	28
LPASA3414-22	GUFP6B	17
LPASA3415-22	GUFP6B	9
LPASA3416-22	GUFP6B	6
LPASA3417-22	GUFP6B	28
LPASA3418-22	GUFP6B	15
LPASA3419-22	GUFP6B	45
LPASA3420-22	GUFP6B	47
LPASA3421-22	GUFP6B	34
LPASA342-22	G9FAFS	51
LPASA3422-22	GUFP6B	11
LPASA3423-22	GUFP6B	15
LPASA3424-22	GUFP6B	30
LPASA3425-22	GUFP6B	15
LPASA3426-22	GUFP6B	13
LPASA3427-22	GUFP6B	23
LPASA3428-22	GUFP6B	38
LPASA3429-22	GUFP6B	42
LPASA3430-22	GUFP6B	27
LPASA3431-22	GUFP6B	41
LPASA343-22	G9FAFS	48
LPASA3432-22	GUFP6B	44
LPASA3433-22	GUFP6B	42
LPASA3434-22	GUFP6B	49
LPASA3435-22	GUFP6B	16
LPASA3436-22	GUFP6B	43
LPASA3437-22	GUFP6B	45
LPASA3438-22	GUFP6B	34
LPASA3439-22	GUFP6B	37
LPASA3440-22	GUFP6B	31
LPASA3441-22	GUFP6B	26
LPASA344-22	G9FAFS	28
LPASA3442-22	GUFP6B	36
LPASA3443-22	GUFP6B	45
LPASA3444-22	GUFP6B	42
LPASA3445-22	GUFP6B	32
LPASA3446-22	GUFP6B	35
LPASA3447-22	GUFP6B	36
LPASA3448-22	GUFP6B	48
LPASA3449-22	GUFP6B	5
LPASA3450-22	GUFP6B	46
LPASA3451-22	GUFP6B	43
LPASA345-22	G9FAFS	48
LPASA3452-22	GUFP6B	10
LPASA3453-22	GUFP6B	30
LPASA3454-22	GUFP6B	11
LPASA3455-22	GUFP6B	14
LPASA3456-22	GUFP6B	16
LPASA3457-22	GUFP6B	8
LPASA3458-22	GUFP6B	16
LPASA3459-22	GUFP6B	21
LPASA3460-22	GUFP6B	19
LPASA3461-22	GUFP6B	21
LPASA346-22	G9FAFS	24
LPASA3462-22	GUFP6B	23
LPASA3463-22	GUFP6B	14
LPASA3464-22	GUFP6B	22
LPASA3465-22	GUFP6B	14
LPASA3466-22	GUFP6B	35
LPASA3467-22	GUFP6B	6
LPASA3468-22	GUFP6B	6
LPASA3469-22	GUFP6B	12
LPASA3470-22	GUFP6B	43
LPASA3471-22	GUFP6B	57
LPASA347-22	G9FAFS	42
LPASA3472-22	GUFP6B	8
LPASA3473-22	GUFP6B	4
LPASA3474-22	GUFP6B	16
LPASA3475-22	GUFP6B	9
LPASA3476-22	GUFP6B	11
LPASA3477-22	GUFP6B	2
LPASA3478-22	GUFP6B	13
LPASA3479-22	GUFP6B	21
LPASA3480-22	GUFP6B	13
LPASA3481-22	GUFP6B	8
LPASA348-22	G9FAFS	35
LPASA3482-22	GUFP6B	7
LPASA3483-22	GUFP6B	15
LPASA3484-22	GUFP6B	5
LPASA3485-22	GUFP6B	14
LPASA3486-22	GUFP6B	14
LPASA3487-22	GUFP6B	15
LPASA3489-22	GUFP6B	17
LPASA3490-22	GUFP6B	16
LPASA3491-22	GUFP6B	8
LPASA349-22	G9FAFS	60
LPASA3492-22	GUFP6B	24
LPASA3493-22	GUFP6B	13
LPASA3494-22	GUFP6B	30
LPASA3495-22	GUFP6B	14
LPASA3496-22	GUFP6B	12
LPASA3497-22	GUFP6B	13
LPASA3498-22	GUFP6B	8
LPASA3499-22	GUFP6B	10
LPASA3500-22	GUFP6B	12
LPASA3501-22	GUFP6B	21
LPASA350-22	G9FAFS	77
LPASA3502-22	GUFP6B	2
LPASA3503-22	GUFP6B	4
LPASA3504-22	GUFP6B	10
LPASA3506-22	GUFP6B	11
LPASA3507-22	GUFP6B	1
LPASA3508-22	GUFP6B	6
LPASA3509-22	GUFP6B	20
LPASA3510-22	GUFP6B	20
LPASA3511-22	GUFP6B	12
LPASA351-22	G9FAFS	33
LPASA3512-22	GUFP6B	9
LPASA3513-22	GUFP6B	40
LPASA3514-22	GUFP6B	7
LPASA3515-22	GUFP6B	19
LPASA3516-22	GUFP6B	20
LPASA3517-22	GUFP6B	27
LPASA3518-22	GUFP6B	17
LPASA3519-22	GUFP6B	23
LPASA3520-22	GUFP6B	16
LPASA3521-22	GUFP6B	61
LPASA352-22	G9FAFS	37
LPASA3522-22	GUFP6B	41
LPASA3523-22	GUFP6B	16
LPASA3524-22	GUFP6B	52
LPASA3525-22	GUFP6B	34
LPASA3526-22	GUFP6B	16
LPASA3527-22	GUFP6B	52
LPASA3528-22	GUFP6B	58
LPASA3529-22	GUFP6B	42
LPASA3530-22	GUFP6B	56
LPASA3531-22	GUFP6B	53
LPASA353-22	G9FAFS	32
LPASA3532-22	GUFP6B	34
LPASA3533-22	GUFP6B	38
LPASA3534-22	GUFP6B	29
LPASA3535-22	GUFP6B	47
LPASA3536-22	GUFP6B	32
LPASA3537-22	GUFP6B	52
LPASA3538-22	GUFP6B	42
LPASA3539-22	GUFP6B	44
LPASA3540-22	GUFP6B	58
LPASA3541-22	GUFP6B	16
LPASA354-22	G9FAFS	21
LPASA3542-22	GUFP6B	59
LPASA3543-22	GUFP6B	50
LPASA3544-22	GUFP6B	54
LPASA3545-22	GUFP6B	20
LPASA3546-22	GUFP6B	52
LPASA3547-22	GUFP6B	44
LPASA3548-22	GUFP6B	30
LPASA3549-22	GUFP6B	48
LPASA3550-22	GUFP6B	49
LPASA3551-22	GUFP6B	36
LPASA355-22	G9FAFS	46
LPASA3552-22	GUFP6B	30
LPASA3553-22	GUFP6B	60
LPASA3554-22	GUFP6B	39
LPASA3555-22	GUFP6B	51
LPASA3556-22	GUFP6B	39
LPASA3557-22	GUFP6B	54
LPASA3558-22	GUFP6B	33
LPASA3559-22	GUFP6B	48
LPASA3560-22	GUFP6B	49
LPASA3561-22	GUFP6B	58
LPASA356-22	G9FAFS	54
LPASA3562-22	GUFP6B	51
LPASA3563-22	GUFP6B	21
LPASA3564-22	GUFP6B	64
LPASA3565-22	GUFP6B	49
LPASA3566-22	GUFP6B	45
LPASA3567-22	GUFP6B	44
LPASA3568-22	GUFP6B	52
LPASA3569-22	GUFP6B	44
LPASA3570-22	GUFP6B	51
LPASA3571-22	GUFP6B	18
LPASA357-22	G9FAFS	41
LPASA3572-22	GUFP6B	37
LPASA3573-22	GUFP6B	45
LPASA3574-22	GUFP6B	48
LPASA3575-22	GUFP6B	45
LPASA3576-22	GUFP6B	56
LPASA3577-22	GUFP6B	50
LPASA3578-22	GUFP6B	51
LPASA3579-22	GUFP6B	43
LPASA3580-22	GUFP6B	68
LPASA3581-22	GUFP6B	26
LPASA358-22	G9FAFS	32
LPASA3582-22	GUFP6B	47
LPASA3583-22	GUFP6B	37
LPASA3584-22	GUFP6B	65
LPASA3585-22	GUFP6B	41
LPASA3586-22	GUFP6B	42
LPASA3587-22	GUFP6B	45
LPASA3588-22	GUFP6B	49
LPASA3589-22	GUFP6B	58
LPASA3590-22	GUFP6B	45
LPASA3591-22	GUFP6B	39
LPASA359-22	G9FAFS	71
LPASA3592-22	GUFP6B	35
LPASA3593-22	GUFP6B	16
LPASA3594-22	GUFP6B	22
LPASA3595-22	GUFP6B	30
LPASA3596-22	GUFP6B	18
LPASA3597-22	GUFP6B	37
LPASA3598-22	GUFP6B	39
LPASA3599-22	GUFP6B	22
LPASA3600-22	GUFP6B	23
LPASA3601-22	GUFP6B	32
LPASA360-22	G9FAFS	37
LPASA3602-22	GUFP6B	40
LPASA3603-22	GUFP6B	18
LPASA3604-22	GUFP6B	54
LPASA3605-22	GUFP6B	26
LPASA3606-22	GUFP6B	42
LPASA3607-22	GUFP6B	40
LPASA3608-22	GUFP6B	13
LPASA3609-22	GUFP6B	46
LPASA3610-22	GUFP6B	44
LPASA3611-22	GUFP6B	56
LPASA361-22	G9FAFS	36
LPASA3612-22	GUFP6B	20
LPASA3613-22	GUFP6B	53
LPASA3614-22	GUFP6B	19
LPASA3615-22	GUFP6B	36
LPASA3616-22	GUFP6B	40
LPASA3617-22	GUFP6B	31
LPASA3618-22	GUFP6B	22
LPASA3619-22	GUFP6B	30
LPASA3620-22	GUFP6B	53
LPASA3621-22	GUFP6B	54
LPASA362-22	G9FAFS	73
LPASA3622-22	GUFP6B	41
LPASA3623-22	GUFP6B	39
LPASA3624-22	GUFP6B	51
LPASA3625-22	GUFP6B	29
LPASA3626-22	GUFP6B	43
LPASA3627-22	GUFP6B	37
LPASA3628-22	GUFP6B	45
LPASA3629-22	GUFP6B	47
LPASA3630-22	GUFP6B	44
LPASA3631-22	GUFP6B	35
LPASA363-22	G9FAFS	33
LPASA3632-22	GUFP6B	34
LPASA3633-22	GUFP6B	42
LPASA3634-22	GUFP6B	55
LPASA3635-22	GUFP6B	41
LPASA3636-22	GUFP6B	36
LPASA3637-22	GUFP6B	66
LPASA3638-22	GUFP6B	32
LPASA3639-22	GUFP6B	52
LPASA3640-22	GUFP6B	28
LPASA3641-22	GUFP6B	39
LPASA364-22	G9FAFS	40
LPASA3642-22	GUFP6B	31
LPASA3643-22	GUFP6B	36
LPASA3644-22	GUFP6B	36
LPASA3645-22	GUFP6B	43
LPASA3646-22	GUFP6B	25
LPASA3647-22	GUFP6B	43
LPASA3648-22	GUFP6B	45
LPASA3649-22	GUFP6B	50
LPASA3650-22	GUFP6B	41
LPASA3651-22	GUFP6B	45
LPASA365-22	G9FAFS	37
LPASA3652-22	GUFP6B	40
LPASA3653-22	GUFP6B	22
LPASA3654-22	GUFP6B	36
LPASA3655-22	GUFP6B	45
LPASA3656-22	GUFP6B	12
LPASA3657-22	GUFP6B	17
LPASA3658-22	GUFP6B	47
LPASA3659-22	GUFP6B	46
LPASA3660-22	GUFP6B	61
LPASA3661-22	GUFP6B	53
LPASA366-22	G9FAFS	27
LPASA3662-22	GUFP6B	18
LPASA3663-22	GUFP6B	55
LPASA3664-22	GUFP6B	50
LPASA3665-22	GUFP6B	42
LPASA3666-22	GUFP6B	41
LPASA3667-22	GUFP6B	46
LPASA3668-22	GUFP6B	38
LPASA3669-22	GUFP6B	45
LPASA3670-22	GUFP6B	45
LPASA3671-22	GUFP6B	21
LPASA367-22	G9FAFS	53
LPASA3672-22	GUFP6B	45
LPASA3673-22	GUFP6B	46
LPASA3674-22	GUFP6B	58
LPASA3675-22	GUFP6B	54
LPASA3676-22	GUFP6B	60
LPASA3677-22	GUFP6B	37
LPASA3678-22	GUFP6B	53
LPASA3679-22	GUFP6B	47
LPASA3680-22	GUFP6B	71
LPASA3681-22	GUFP6B	51
LPASA368-22	G9FAFS	54
LPASA3682-22	GUFP6B	74
LPASA3683-22	GUFP6B	39
LPASA3684-22	GUFP6B	67
LPASA3685-22	GUFP6B	60
LPASA3686-22	GUFP6B	41
LPASA3687-22	GUFP6B	24
LPASA3688-22	GUFP6B	49
LPASA3689-22	GUFP6B	24
LPASA3690-22	GUFP6B	39
LPASA3691-22	GUFP6B	44
LPASA369-22	G9FAFS	46
LPASA3692-22	GUFP6B	51
LPASA3693-22	GUFP6B	47
LPASA3694-22	GUFP6B	48
LPASA3695-22	GUFP6B	52
LPASA3696-22	GUFP6B	60
LPASA3697-22	GUFP6B	44
LPASA3698-22	GUFP6B	39
LPASA3699-22	GUFP6B	33
LPASA3700-22	GUFP6B	60
LPASA3701-22	GUFP6B	50
LPASA370-22	G9FAFS	44
LPASA3702-22	GUFP6B	47
LPASA3703-22	GUFP6B	47
LPASA3704-22	GUFP6B	52
LPASA3705-22	GUFP6B	27
LPASA3706-22	GUFP6B	52
LPASA3707-22	GUFP6B	40
LPASA3708-22	GUFP6B	58
LPASA3709-22	GUFP6B	33
LPASA3710-22	GUFP6B	35
LPASA3711-22	GUFP6B	45
LPASA371-22	G9FAFS	39
LPASA3712-22	GUFP6B	17
LPASA3713-22	GUFP6B	17
LPASA3714-22	GUFP6B	25
LPASA3715-22	GUFP6B	43
LPASA3716-22	GUFP6B	50
LPASA3717-22	GUFP6B	50
LPASA3718-22	GUFP6B	51
LPASA3719-22	GUFP6B	47
LPASA3721-22	GUFP6B	43
LPASA372-22	G9FAFS	67
LPASA3722-22	GUFP6B	37
LPASA3723-22	GUFP6B	35
LPASA3724-22	GUFP6B	29
LPASA3725-22	GUFP6B	28
LPASA3726-22	GUFP6B	21
LPASA3727-22	GUFP6B	43
LPASA3728-22	GUFP6B	43
LPASA3729-22	GUFP6B	34
LPASA3730-22	GUFP6B	36
LPASA3731-22	GUFP6B	38
LPASA373-22	G9FAFS	46
LPASA3735-22	GUFP6B	51
LPASA3736-22	GUFP6B	35
LPASA3737-22	GUFP6B	30
LPASA3738-22	GUFP6B	34
LPASA3739-22	GUFP6B	40
LPASA3740-22	GUFP6B	40
LPASA3741-22	GUFP6B	39
LPASA374-22	G9FAFS	46
LPASA3742-22	GUFP6B	61
LPASA3743-22	GUFP6B	50
LPASA3744-22	GUFP6B	62
LPASA3745-22	GUFP6B	40
LPASA3746-22	GUFP6B	34
LPASA3747-22	GUFP6B	32
LPASA3748-22	GUFP6B	48
LPASA3749-22	GUFP6B	24
LPASA3750-22	GUFP6B	35
LPASA3751-22	GUFP6B	50
LPASA375-22	G9FAFS	21
LPASA3752-22	GUFP6B	41
LPASA3753-22	GUFP6B	25
LPASA3754-22	GUFP6B	46
LPASA3755-22	GUFP6B	50
LPASA3756-22	GUFP6B	56
LPASA3757-22	GUFP6B	23
LPASA3758-22	GUFP6B	47
LPASA3759-22	GUFP6B	38
LPASA3760-22	GUFP6B	39
LPASA3761-22	GUFP6B	22
LPASA376-22	G9FAFS	32
LPASA3762-22	GUFP6B	42
LPASA3763-22	GUFP6B	42
LPASA3764-22	GUFP6B	25
LPASA3765-22	GUFP6B	40
LPASA3766-22	GUFP6B	57
LPASA3767-22	GUFP6B	20
LPASA3768-22	GUFP6B	36
LPASA3769-22	GUFP6B	41
LPASA3770-22	GUFP6B	56
LPASA3771-22	GUFP6B	37
LPASA377-22	G9FAFS	30
LPASA3772-22	GUFP6B	39
LPASA3773-22	GUFP6B	39
LPASA3774-22	GUFP6B	40
LPASA3775-22	GUFP6B	29
LPASA3776-22	GUFP6B	14
LPASA3777-22	GUFP6B	36
LPASA3778-22	GUFP6B	65
LPASA3779-22	GUFP6B	36
LPASA3780-22	GUFP6B	16
LPASA3781-22	GUFP6B	32
LPASA378-22	G9FAFS	33
LPASA3782-22	GUFP6B	28
LPASA3783-22	GUFP6B	23
LPASA3784-22	GUFP6B	21
LPASA3785-22	GUFP6B	29
LPASA3786-22	GUFP6B	21
LPASA3787-22	GUFP6B	18
LPASA3788-22	GUFP6B	16
LPASA3789-22	GUFP6B	26
LPASA3790-22	GUFP6B	31
LPASA3791-22	GUFP6B	22
LPASA379-22	G9FAFS	34
LPASA3792-22	GUFP6B	27
LPASA3793-22	GUFP6B	36
LPASA3794-22	GUFP6B	36
LPASA3795-22	GUFP6B	16
LPASA3796-22	GUFP6B	23
LPASA3797-22	GUFP6B	29
LPASA3798-22	GUFP6B	27
LPASA3799-22	GUFP6B	42
LPASA3800-22	GUFP6B	13
LPASA3801-22	GUFP6B	34
LPASA380-22	G9FAFS	37
LPASA3802-22	GUFP6B	32
LPASA3803-22	GUFP6B	8
LPASA3804-22	GUFP6B	44
LPASA3805-22	GUFP6B	40
LPASA3806-22	GUFP6B	36
LPASA3807-22	GUFP6B	30
LPASA3808-22	GUFP6B	6
LPASA3809-22	GUFP6B	11
LPASA3810-22	GUFP6B	43
LPASA3811-22	GUFP6B	42
LPASA381-22	G9FAFS	41
LPASA3812-22	GUFP6B	31
LPASA3813-22	GUFP6B	50
LPASA3814-22	GUFP6B	29
LPASA3815-22	GUFP6B	40
LPASA3816-22	GUFP6B	41
LPASA3817-22	GUFP6B	35
LPASA3818-22	GUFP6B	4
LPASA3819-22	GUFP6B	35
LPASA3820-22	GUFP6B	12
LPASA3821-22	GUFP6B	12
LPASA382-22	G9FAFS	29
LPASA3822-22	GUFP6B	28
LPASA3823-22	GUFP6B	39
LPASA3824-22	GUFP6B	29
LPASA3825-22	GUFP6B	31
LPASA3826-22	GUFP6B	43
LPASA3827-22	GUFP6B	11
LPASA3828-22	GUFP6B	25
LPASA3829-22	GUFP6B	16
LPASA3830-22	GUFP6B	16
LPASA3831-22	GYTL2T	14
LPASA383-22	G9FAFS	38
LPASA3832-22	GYTL2T	15
LPASA3833-22	GYTL2T	36
LPASA3834-22	GYTL2T	11
LPASA3835-22	GYTL2T	18
LPASA3836-22	GYTL2T	11
LPASA3837-22	GYTL2T	17
LPASA3838-22	GYTL2T	12
LPASA3839-22	GYTL2T	27
LPASA3840-22	GYTL2T	30
LPASA3841-22	GYTL2T	12
LPASA384-22	G9FAFS	37
LPASA3842-22	GYTL2T	25
LPASA3843-22	GYTL2T	18
LPASA3844-22	GYTL2T	36
LPASA3845-22	GYTL2T	17
LPASA3846-22	GYTL2T	39
LPASA3847-22	GYTL2T	29
LPASA3848-22	GYTL2T	39
LPASA3849-22	GYTL2T	48
LPASA3850-22	GYTL2T	43
LPASA3851-22	GYTL2T	36
LPASA385-22	G9FAFS	38
LPASA3852-22	GYTL2T	39
LPASA3853-22	GYTL2T	31
LPASA3854-22	GYTL2T	32
LPASA3855-22	GYTL2T	23
LPASA3856-22	GYTL2T	32
LPASA3857-22	GYTL2T	25
LPASA3858-22	GYTL2T	22
LPASA3859-22	GYTL2T	9
LPASA3860-22	GYTL2T	31
LPASA3861-22	GYTL2T	23
LPASA386-22	G9FAFS	42
LPASA3862-22	GYTL2T	30
LPASA3863-22	GYTL2T	16
LPASA3864-22	GYTL2T	43
LPASA3865-22	GYTL2T	40
LPASA3866-22	GYTL2T	43
LPASA3867-22	GYTL2T	30
LPASA3868-22	GYTL2T	10
LPASA3869-22	GYTL2T	24
LPASA3870-22	GYTL2T	42
LPASA3871-22	GYTL2T	36
LPASA387-22	G9FAFS	49
LPASA3872-22	GYTL2T	53
LPASA3873-22	GYTL2T	66
LPASA3874-22	GYTL2T	43
LPASA3875-22	GYTL2T	33
LPASA3876-22	GYTL2T	46
LPASA3877-22	GYTL2T	35
LPASA3878-22	GYTL2T	39
LPASA3879-22	GYTL2T	32
LPASA3880-22	GYTL2T	32
LPASA3881-22	GYTL2T	33
LPASA388-22	G9FAFS	42
LPASA3882-22	GYTL2T	30
LPASA3883-22	GYTL2T	39
LPASA3884-22	GYTL2T	38
LPASA3885-22	GYTL2T	42
LPASA3886-22	GYTL2T	44
LPASA3887-22	GYTL2T	54
LPASA3888-22	GYTL2T	29
LPASA3889-22	GYTL2T	31
LPASA3890-22	GYTL2T	46
LPASA3891-22	GYTL2T	56
LPASA389-22	G9FAFS	29
LPASA3892-22	GYTL2T	35
LPASA3893-22	GYTL2T	36
LPASA3894-22	GYTL2T	34
LPASA3895-22	GYTL2T	30
LPASA3896-22	GYTL2T	46
LPASA3897-22	GYTL2T	44
LPASA3898-22	GYTL2T	36
LPASA3899-22	GYTL2T	38
LPASA3900-22	GYTL2T	29
LPASA3901-22	GYTL2T	26
LPASA390-22	G9FAFS	18
LPASA3902-22	GYTL2T	28
LPASA3903-22	GYTL2T	36
LPASA3904-22	GYTL2T	36
LPASA3905-22	GYTL2T	42
LPASA3906-22	GYTL2T	27
LPASA3907-22	GYTL2T	30
LPASA3908-22	GYTL2T	30
LPASA3909-22	GYTL2T	41
LPASA3910-22	GYTL2T	29
LPASA3911-22	GYTL2T	50
LPASA391-22	G9FAFS	28
LPASA3912-22	GYTL2T	44
LPASA3913-22	GYTL2T	5
LPASA3914-22	GYTL2T	32
LPASA3915-22	GYTL2T	31
LPASA3916-22	GYTL2T	35
LPASA3917-22	GYTL2T	45
LPASA3918-22	GYTL2T	38
LPASA3919-22	GYTL2T	33
LPASA3920-22	GYTL2T	28
LPASA3921-22	GYTL2T	26
LPASA392-22	G9FAFS	44
LPASA3922-22	GYTL2T	27
LPASA3923-22	GYTL2T	42
LPASA3924-22	GYTL2T	29
LPASA3925-22	GYTL2T	27
LPASA3926-22	GYTL2T	30
LPASA3927-22	GYTL2T	36
LPASA3928-22	GYTL2T	48
LPASA3929-22	GYTL2T	38
LPASA3930-22	GYTL2T	36
LPASA3931-22	GYTL2T	42
LPASA393-22	G9FAFS	17
LPASA3932-22	GYTL2T	12
LPASA3933-22	GYTL2T	31
LPASA3934-22	GYTL2T	25
LPASA3935-22	GYTL2T	29
LPASA3936-22	GYTL2T	47
LPASA3937-22	GYTL2T	43
LPASA3938-22	GYTL2T	23
LPASA3939-22	GYTL2T	29
LPASA3940-22	GYTL2T	22
LPASA3941-22	GYTL2T	6
LPASA394-22	G9FAFS	16
LPASA3942-22	GYTL2T	34
LPASA3943-22	GYTL2T	16
LPASA3944-22	GYTL2T	10
LPASA3945-22	GYTL2T	24
LPASA3946-22	GYTL2T	24
LPASA3948-22	GYTL2T	2
LPASA3950-22	GYTL2T	8
LPASA3951-22	GYTL2T	16
LPASA395-22	G9FAFS	27
LPASA3953-22	GYTL2T	4
LPASA3954-22	GYTL2T	4
LPASA3955-22	GYTL2T	23
LPASA3956-22	GYTL2T	9
LPASA3957-22	GYTL2T	7
LPASA3958-22	GYTL2T	63
LPASA3959-22	GYTL2T	7
LPASA3960-22	GYTL2T	41
LPASA3961-22	GYTL2T	46
LPASA396-22	G9FAFS	48
LPASA3962-22	GYTL2T	58
LPASA3963-22	GYTL2T	46
LPASA3964-22	GYTL2T	45
LPASA3965-22	GYTL2T	42
LPASA3966-22	GYTL2T	29
LPASA3967-22	GYTL2T	37
LPASA3968-22	GYTL2T	38
LPASA3969-22	GYTL2T	45
LPASA3970-22	GYTL2T	46
LPASA3971-22	GYTL2T	39
LPASA3972-22	GYTL2T	28
LPASA3973-22	GYTL2T	34
LPASA3974-22	GYTL2T	20
LPASA3975-22	GYTL2T	27
LPASA3976-22	GYTL2T	25
LPASA3977-22	GYTL2T	24
LPASA3978-22	GYTL2T	18
LPASA3979-22	GYTL2T	20
LPASA3980-22	GYTL2T	39
LPASA3981-22	GYTL2T	10
LPASA398-22	G9FAFS	75
LPASA3982-22	GYTL2T	34
LPASA3983-22	GYTL2T	35
LPASA3984-22	GYTL2T	8
LPASA3985-22	GYTL2T	21
LPASA3987-22	GYTL2T	22
LPASA3988-22	GYTL2T	12
LPASA3989-22	GYTL2T	37
LPASA3990-22	GYTL2T	13
LPASA3991-22	GYTL2T	8
LPASA399-22	G9FAFS	21
LPASA3992-22	GYTL2T	11
LPASA3993-22	GYTL2T	11
LPASA3994-22	GYTL2T	1
LPASA3995-22	GYULW2	19
LPASA3996-22	GYULW2	35
LPASA3997-22	GYULW2	44
LPASA3998-22	GYULW2	5
LPASA3999-22	GYULW2	30
LPASA4000-22	GYULW2	30
LPASA4001-22	GYULW2	46
LPASA400-22	G9FAFS	16
LPASA4002-22	GYULW2	22
LPASA4003-22	GYULW2	40
LPASA4004-22	GYULW2	35
LPASA4005-22	GYULW2	34
LPASA4006-22	GYULW2	22
LPASA4007-22	GYULW2	24
LPASA4008-22	GYULW2	25
LPASA4009-22	GYULW2	13
LPASA4010-22	GYULW2	28
LPASA4011-22	GYULW2	10
LPASA401-22	G9FAFS	5
LPASA4012-22	GYULW2	16
LPASA4013-22	GYULW2	27
LPASA4014-22	GYULW2	7
LPASA4015-22	GYULW2	12
LPASA4016-22	GYULW2	23
LPASA4017-22	GYULW2	16
LPASA4018-22	GYULW2	28
LPASA4019-22	GYULW2	4
LPASA4020-22	GYULW2	34
LPASA4021-22	GYULW2	45
LPASA402-22	G9FAFS	36
LPASA4022-22	GYULW2	38
LPASA4023-22	GYULW2	17
LPASA4024-22	GYULW2	37
LPASA4025-22	GYULW2	39
LPASA4026-22	GYULW2	30
LPASA4027-22	GYULW2	34
LPASA4029-22	GYULW2	28
LPASA4030-22	GYULW2	31
LPASA4031-22	GXZY27	21
LPASA403-22	G9FAFS	3
LPASA4032-22	GXZY27	22
LPASA4033-22	GXZY27	20
LPASA4034-22	GXZY27	35
LPASA4035-22	GXZY27	29
LPASA4036-22	GXZY27	30
LPASA4037-22	GXZY27	28
LPASA4038-22	GXZY27	21
LPASA4039-22	GXZY27	41
LPASA4040-22	GXZY27	34
LPASA4041-22	GXZY27	33
LPASA404-22	G9FAFS	20
LPASA4042-22	GXZY27	32
LPASA4043-22	GXZY27	47
LPASA4044-22	GXZY27	39
LPASA4045-22	GXZY27	14
LPASA4046-22	GXZY27	26
LPASA4047-22	GXZY27	18
LPASA4048-22	GXZY27	27
LPASA4049-22	GXZY27	37
LPASA4050-22	GXZY27	29
LPASA4051-22	GXZY27	29
LPASA405-22	G9FAFS	10
LPASA4052-22	GXZY27	34
LPASA4053-22	GXZY27	22
LPASA4054-22	GXZY27	31
LPASA4055-22	GXZY27	41
LPASA4056-22	GXZY27	41
LPASA4057-22	GXZY27	48
LPASA4058-22	GXZY27	36
LPASA4059-22	GXZY27	51
LPASA4060-22	GXZY27	25
LPASA4061-22	GXZY27	36
LPASA406-22	G9FAFS	37
LPASA4062-22	GXZY27	43
LPASA4063-22	GXZY27	18
LPASA4064-22	GXZY27	39
LPASA4065-22	GXZY27	47
LPASA4067-22	GXZY27	11
LPASA4068-22	GXZY27	7
LPASA4070-22	GXZY27	4
LPASA4071-22	GXZY27	7
LPASA4072-22	GXZY27	10
LPASA4075-22	GXZY27	14
LPASA4076-22	GXZY27	11
LPASA4079-22	GXZY27	15
LPASA4080-22	GXZY27	11
LPASA4081-22	GXZY27	13
LPASA408-22	G9FAFS	7
LPASA4082-22	GXZY27	5
LPASA4083-22	GXZY27	10
LPASA4084-22	GXZY27	11
LPASA4085-22	GXZY27	11
LPASA4086-22	GXZY27	17
LPASA4087-22	GXZY27	14
LPASA4088-22	GXZY27	13
LPASA4089-22	GXZY27	8
LPASA4090-22	GXZY27	20
LPASA4091-22	GXZY27	7
LPASA409-22	G9FAFS	43
LPASA4092-22	GXZY27	31
LPASA4093-22	GXZY27	9
LPASA4094-22	GXZY27	13
LPASA4095-22	GXZY27	16
LPASA4096-22	GXZY27	21
LPASA4097-22	GXZY27	12
LPASA4098-22	GXZY27	31
LPASA4099-22	GXZY27	10
LPASA4100-22	GXZY27	6
LPASA4101-22	GXZY27	12
LPASA410-22	G9FAFS	50
LPASA4102-22	GXZY27	9
LPASA4103-22	GXZY27	13
LPASA4104-22	GXZY27	13
LPASA4105-22	GXZY27	22
LPASA4106-22	GXZY27	2
LPASA4107-22	GXZY27	10
LPASA4108-22	GXZY27	35
LPASA4109-22	GXZY27	10
LPASA4110-22	GXZY27	7
LPASA4111-22	GXZY27	8
LPASA411-22	G9FAFS	9
LPASA4112-22	GXZY27	5
LPASA4113-22	GXZY27	9
LPASA4114-22	GXZY27	2
LPASA4115-22	GXZY27	8
LPASA4116-22	GXZY27	12
LPASA4117-22	GXZY27	15
LPASA4118-22	GXZY27	20
LPASA4119-22	GXZY27	32
LPASA4121-22	GXZY27	15
LPASA412-22	G9FAFS	6
LPASA4122-22	GXZY27	23
LPASA4123-22	GXZY27	34
LPASA4124-22	GXZY27	50
LPASA4125-22	GXZY27	32
LPASA4126-22	GXZY27	19
LPASA4127-22	GXZY27	29
LPASA4128-22	GXZY27	24
LPASA4129-22	GXZY27	14
LPASA4130-22	GXZY27	13
LPASA4131-22	GXZY27	9
LPASA413-22	G9FAFS	18
LPASA4132-22	GXZY27	22
LPASA4133-22	GXZY27	17
LPASA4134-22	GXZY27	23
LPASA4135-22	GXZY27	12
LPASA4136-22	GXZY27	10
LPASA4137-22	GXZY27	18
LPASA4138-22	GXZY27	8
LPASA4139-22	GXZY27	37
LPASA4140-22	GXZY27	17
LPASA4141-22	GXZY27	12
LPASA414-22	G9FAFS	1
LPASA4142-22	GXZY27	16
LPASA4143-22	GXZY27	9
LPASA4144-22	GXZY27	5
LPASA4145-22	GXZY27	7
LPASA4146-22	GXZY27	39
LPASA4147-22	GXZY27	16
LPASA4148-22	GXZY27	12
LPASA4149-22	GXZY27	11
LPASA4150-22	GXZY27	29
LPASA415-22	G9FAFS	18
LPASA4152-22	GXZY27	28
LPASA4153-22	GXZY27	13
LPASA4155-22	GXZY27	14
LPASA4156-22	GXZY27	20
LPASA4157-22	GXZY27	29
LPASA4158-22	GXZY27	22
LPASA4159-22	GXZY27	21
LPASA4160-22	GXZY27	12
LPASA416-22	G9FAFS	52
LPASA417-22	G9FAFS	62
LPASA420-22	G9FAFS	58
LPASA421-22	G9FAFS	71
LPASA422-22	G9FAFS	22
LPASA423-22	G9FAFS	39
LPASA424-22	G9FAFS	55
LPASA425-22	G9FAFS	27
LPASA427-22	G9FAFS	14
LPASA428-22	G9FAFS	30
LPASA429-22	G9FAFS	36
LPASA430-22	G9FAFS	11
LPASA431-22	G9FAFS	8
LPASA432-22	G9FAFS	29
LPASA433-22	G9FAFS	20
LPASA434-22	G9FAFS	62
LPASA435-22	G9FAFS	47
LPASA436-22	G9FAFS	25
LPASA437-22	G9FAFS	45
LPASA438-22	G9FAFS	22
LPASA439-22	G9FAFS	6
LPASA440-22	G9FAFS	16
LPASA441-22	G9FAFS	23
LPASA442-22	G9FAFS	34
LPASA443-22	G9FAFS	51
LPASA444-22	G9FAFS	19
LPASA445-22	G9FAFS	53
LPASA446-22	G9FAFS	7
LPASA447-22	G9FAFS	41
LPASA448-22	G9FAFS	10
LPASA449-22	G9FAFS	14
LPASA450-22	G9FAFS	41
LPASA451-22	G9FAFS	11
LPASA452-22	G9FAFS	28
LPASA453-22	G9FAFS	49
LPASA454-22	G9FAFS	10
LPASA455-22	G9FAFS	27
LPASA456-22	G9FAFS	15
LPASA457-22	G9FAFS	63
LPASA458-22	G9FAFS	55
LPASA459-22	G9FAFS	27
LPASA460-22	G9FAFS	48
LPASA461-22	G9FAFS	35
LPASA462-22	G9FAFS	50
LPASA463-22	G9FAFS	23
LPASA464-22	G9FAFS	18
LPASA465-22	G9FAFS	3
LPASA466-22	G9FAFS	45
LPASA467-22	G9FAFS	63
LPASA468-22	G9FAFS	17
LPASA469-22	G9FAFS	6
LPASA470-22	G9FAFS	24
LPASA471-22	G9FAFS	17
LPASA472-22	G9FAFS	18
LPASA473-22	G9FAFS	20
LPASA474-22	G9FAFS	18
LPASA475-22	G9FAFS	12
LPASA476-22	G9FAFS	56
LPASA477-22	G9FAFS	36
LPASA478-22	G9FAFS	15
LPASA479-22	G9FAFS	6
LPASA480-22	G9FAFS	45
LPASA481-22	G9FAFS	15
LPASA482-22	G9FAFS	50
LPASA483-22	G9FAFS	74
LPASA484-22	G9FAFS	49
LPASA485-22	G9FAFS	11
LPASA486-22	G9FAFS	56
LPASA487-22	G9FAFS	41
LPASA488-22	G9FAFS	67
LPASA489-22	G9FAFS	40
LPASA490-22	G9FAFS	26
LPASA491-22	G9FAFS	29
LPASA492-22	G9FAFS	61
LPASA493-22	G9FAFS	63
LPASA494-22	G9FAFS	7
LPASA495-22	G9FAFS	38
LPASA496-22	G9FAFS	41
LPASA497-22	G9FAFS	3
LPASA498-22	G9FAFS	23
LPASA499-22	G9FAFS	17
LPASA500-22	G9FAFS	47
LPASA501-22	G9FAFS	19
LPASA502-22	G9FAFS	10
LPASA503-22	G9FAFS	49
LPASA504-22	G9FAFS	43
LPASA505-22	G9FAFS	58
LPASA506-22	G9FAFS	6
LPASA508-22	G9FAFS	46
LPASA509-22	G9FAFS	72
LPASA510-22	G9FAFS	51
LPASA511-22	G9FAFS	35
LPASA512-22	G9FAFS	58
LPASA513-22	G9FAFS	45
LPASA514-22	G9FAFS	94
LPASA515-22	G9FAFS	52
LPASA516-22	G9FAFS	47
LPHTC1303-21	G281YO	26
LPHTC1304-21	G281YO	43
LPHTC1305-21	G281YO	12
LPHTC1306-21	G281YO	14
LPHTC1307-21	G281YO	23
LPHTC1308-21	G281YO	39
LPHTC1309-21	G281YO	35
LPHTC1310-21	G281YO	18
LPHTC1311-21	G281YO	24
LPHTC1312-21	G281YO	25
LPHTC1313-21	G281YO	21
LPHTC1314-21	G281YO	39
LPHTC1315-21	G281YO	19
LPHTC1316-21	G281YO	31
LPHTC1317-21	G281YO	23
LPHTC1318-21	G281YO	22
LPHTC1319-21	G281YO	34
LPHTC1320-21	G281YO	17
LPHTC1321-21	G281YO	18
LPHTC1322-21	G281YO	5
LPHTC1323-21	G281YO	26
LPHTC1324-21	G281YO	29
LPHTC1325-21	G281YO	54
LPHTC1326-21	G281YO	41
LPHTC1327-21	G281YO	31
LPHTC1328-21	G281YO	33
LPHTC1329-21	G281YO	23
LPHTC1330-21	G281YO	25
LPHTC1331-21	G281YO	7
LPHTC1332-21	G281YO	25
LPHTC1333-21	G281YO	31
LPHTC1334-21	G281YO	36
LPHTC1335-21	G281YO	37
LPHTC1336-21	G281YO	29
LPHTC1337-21	G281YO	18
LPHTC1338-21	G281YO	24
LPHTC1339-21	G281YO	9
LPHTC1340-21	G281YO	33
LPHTC1341-21	G281YO	33
LPHTC1342-21	G281YO	22
LPHTC1343-21	G281YO	20
LPHTC1344-21	G281YO	33
LPHTC1345-21	G281YO	40
LPHTC1346-21	G281YO	30
LPHTC1347-21	G281YO	38
LPHTC1348-21	G281YO	32
LPHTC1349-21	G281YO	37
LPHTC1350-21	G281YO	26
LPHTC1353-21	G281YO	17
LPHTC1354-21	G281YO	32
LPHTC1355-21	G281YO	17
LPHTC1356-21	G281YO	22
LPHTE001-22	GEB17N	29
LPHTE002-22	GEB17N	10
LPHTE003-22	GEB17N	35
LPHTE004-22	GEB17N	33
LPHTE005-22	GEB17N	36
LPHTE006-22	GEB17N	11
LPHTE007-22	GEB17N	30
LPHTE008-22	GEB17N	19
LPHTE009-22	GEB17N	26
LPHTE010-22	GEB17N	35
LPHTE011-22	GEB17N	25
LPHTE012-22	GEB17N	24
LPHTE013-22	GEB17N	22
LPHTE014-22	GEB17N	32
LPHTE015-22	GEB17N	38
LPHTE016-22	GEB17N	41
LPHTE017-22	GEB17N	39
LPHTE018-22	GEB17N	38
LPHTE019-22	GEB17N	28
LPHTE020-22	GEB17N	28
LPHTE021-22	GEB17N	33
LPHTE022-22	GEB17N	34
LPHTE023-22	GEB17N	16
LPHTE024-22	GEB17N	45
LPHTE025-22	GEB17N	47
LPHTE026-22	GEB17N	32
LPHTE027-22	GEB17N	41
LPHTE028-22	GEB17N	28
LPHTE029-22	GEB17N	42
LPHTE030-22	GEB17N	41
LPHTE031-22	GEB17N	30
LPHTE032-22	GEB17N	31
LPHTE033-22	GEB17N	38
LPHTE034-22	GEB17N	35
LPHTE035-22	GEB17N	31
LPHTE036-22	GEB17N	29
LPHTE037-22	GEB17N	34
LPHTE038-22	GEB17N	33
LPHTE039-22	GEB17N	21
LPHTE040-22	GEB17N	27
LPHTE041-22	GEB17N	25
LPHTE042-22	GEB17N	24
LPHTE043-22	GEB17N	20
LPHTE044-22	GEB17N	28
LPHTE045-22	GEB17N	24
LPHTE046-22	GEB17N	14
LPHTE047-22	GEB17N	25
LPHTE048-22	GEB17N	27
LPHTE049-22	GEB17N	27
LPHTE050-22	GEB17N	33
LPHTE051-22	GEB17N	29
LPHTE052-22	GEB17N	29
LPHTE053-22	GEB17N	31
LPHTE054-22	GEB17N	35
LPHTE055-22	GEB17N	21
LPHTE056-22	GEB17N	22
LPHTE057-22	GEB17N	33
LPHTE058-22	GEB17N	25
LPHTE059-22	GEB17N	42
LPHTE060-22	GEB17N	2
LPHTE061-22	GEB17N	47
LPHTE062-22	GEB17N	36
LPHTE063-22	GEB17N	34
LPHTE064-22	GEB17N	24
LPHTE065-22	GEB17N	23
LPHTE066-22	GEB17N	26
LPHTE067-22	GEB17N	27
LPHTE068-22	GEB17N	19
LPHTE069-22	GEB17N	22
LPHTE070-22	GEB17N	25
LPHTE071-22	GEB17N	28
LPHTE072-22	GEB17N	19
LPHTE073-22	GEB17N	35
LPHTE074-22	GEB17N	10
LPHTE075-22	GEB17N	35
LPHTE076-22	GEB17N	21
LPHTE077-22	GEB17N	23
LPHTE078-22	GEB17N	26
LPHTE079-22	GEB17N	24
LPHTE080-22	GEB17N	25
LPHTE081-22	GEB17N	16
LPHTE082-22	GEB17N	22
LPHTE083-22	GEB17N	26
LPHTE084-22	GEB17N	20
LPHTE085-22	GEB17N	36
LPHTE086-22	GEB17N	32
LPHTE087-22	GEB17N	38
LPHTE088-22	GEB17N	13
LPHTE089-22	GEB17N	21
LPHTE090-22	GEB17N	21
LPHTE091-22	GEB17N	19
LPHTE092-22	GEB17N	3
LPHTE093-22	GEB17N	7
LPHTE094-22	GEB17N	23
LPHTE095-22	GEB17N	23
LPHTE096-22	GEB17N	3
LPHTE097-22	GEB17N	22
LPHTE098-22	GEB17N	13
LPHTE099-22	GEB17N	4
LPHTE100-22	GEB17N	1
LPHTE101-22	GEB17N	15
LPHTE102-22	GEB17N	3
LPHTE103-22	GEB17N	12
LPHTE104-22	GEB17N	10
LPHTE105-22	GEB17N	5
LPHTE106-22	GEB17N	1
LPHTE107-22	GEB17N	25
LPHTE108-22	GEB17N	10
LPHTE109-22	GEB17N	9
LPHTE110-22	GEB17N	16
LPHTE111-22	GEB17N	44
LPHTE112-22	GEB17N	6
LPHTE114-22	GEB17N	11
LPHTE115-22	GEB17N	24
LPHTE116-22	GEB17N	11
LPHTE117-22	GEB17N	19
LPHTE118-22	GEB17N	33
LPHTE119-22	GEB17N	43
LPHTE120-22	GEB17N	25
LPHTE121-22	GEB17N	43
LPHTE122-22	GEB17N	49
LPHTE123-22	GEB17N	2
LPHTE124-22	GEB17N	4
LPHTE125-22	GEB17N	9
LPHTE126-22	GEB17N	20
LPHTE127-22	GEB17N	17
LPHTE128-22	GEB17N	27
LPHTE129-22	GEB17N	23
LPHTE130-22	GEB17N	39
LPHTE131-22	GEB17N	13
LPHTE132-22	GEB17N	42
LPHTF001-22	G5JHXH	61
LPHTF002-22	G5JHXH	50
LPHTF003-22	G5JHXH	56
LPHTF004-22	G5JHXH	32
LPHTF005-22	G5JHXH	30
LPHTF006-22	G5JHXH	41
LPHTF007-22	G5JHXH	64
LPHTF008-22	G5JHXH	16
LPHTF009-22	G5JHXH	36
LPHTF010-22	G5JHXH	31
LPHTF011-22	G5JHXH	27
LPHTF012-22	G5JHXH	35
LPHTF013-22	G5JHXH	72
LPHTF014-22	G5JHXH	32
LPHTF015-22	G5JHXH	77
LPHTF016-22	G5JHXH	26
LPHTF017-22	G5JHXH	58
LPHTF018-22	G5JHXH	32
LPHTF019-22	G5JHXH	60
LPHTF020-22	G5JHXH	56
LPHTF021-22	G5JHXH	54
LPHTF022-22	G5JHXH	29
LPHTF023-22	G5JHXH	13
LPHTF024-22	G5JHXH	57
LPHTF025-22	G5JHXH	45
LPHTF026-22	G5JHXH	38
LPHTF027-22	G5JHXH	39
LPHTF028-22	G5JHXH	50
LPHTF029-22	G5JHXH	33
LPHTF030-22	G5JHXH	35
LPHTF031-22	G5JHXH	18
LPHTF032-22	G5JHXH	60
LPHTF033-22	G5JHXH	33
LPHTF034-22	G5JHXH	28
LPHTF035-22	G5JHXH	45
LPHTF036-22	G5JHXH	32
LPHTF037-22	G5JHXH	53
LPHTF038-22	G5JHXH	55
LPHTF039-22	G5JHXH	55
LPHTF040-22	G5JHXH	29
LPHTF041-22	G5JHXH	23
LPHTF042-22	G5JHXH	25
LPHTF043-22	G5JHXH	13
LPHTF044-22	G5JHXH	29
LPHTF045-22	G5JHXH	9
LPHTF046-22	G5JHXH	20
LPHTF047-22	G5JHXH	15
LPHTF048-22	G5JHXH	10
LPHTF049-22	G5JHXH	39
LPHTF050-22	G5JHXH	34
LPHTF051-22	G5JHXH	41
LPHTF052-22	G5JHXH	41
LPHTF053-22	G5JHXH	8
LPHTF054-22	G5JHXH	39
LPHTF055-22	G5JHXH	35
LPHTF056-22	G5JHXH	32
LPHTF057-22	G5JHXH	34
LPHTF058-22	G5JHXH	24
LPHTF059-22	G5JHXH	22
LPHTF060-22	G5JHXH	31
LPHTF061-22	G5JHXH	33
LPHTF062-22	G5JHXH	30
LPHTF063-22	G5JHXH	52
LPHTF064-22	G5JHXH	37
LPHTF065-22	G5JHXH	60
LPHTF066-22	G5JHXH	20
LPHTF067-22	G5JHXH	50
LPHTF068-22	G5JHXH	37
LPHTF069-22	G5JHXH	24
LPHTF070-22	G5JHXH	26
LPHTF071-22	G5JHXH	14
LPHTF072-22	G5JHXH	56
LPHTF073-22	G5JHXH	39
LPHTF074-22	G5JHXH	36
LPHTF075-22	G5JHXH	49
LPHTF076-22	G5JHXH	42
LPHTF077-22	G5JHXH	51
LPHTF078-22	G5JHXH	40
LPHTF079-22	G5JHXH	21
LPHTF080-22	G5JHXH	50
LPHTF081-22	G5JHXH	43
LPHTF082-22	G5JHXH	24
LPHTF083-22	G5JHXH	45
LPHTF084-22	G5JHXH	50
LPHTF085-22	G5JHXH	32
LPHTF086-22	G5JHXH	46
LPHTF087-22	G5JHXH	39
LPHTF088-22	G5JHXH	61
LPHTF089-22	G5JHXH	45
LPHTF090-22	G5JHXH	47
LPHTF091-22	G5JHXH	50
LPHTF092-22	G5JHXH	44
LPHTF093-22	G5JHXH	44
LPHTF094-22	G5JHXH	56
LPHTF095-22	G5JHXH	28
LPHTF096-22	G5JHXH	49
LPHTF097-22	G5JHXH	47
LPHTF098-22	G5JHXH	59
LPHTF099-22	G5JHXH	78
LPHTG001-22	G7C18R	21
LPHTG002-22	G7C18R	28
LPHTG003-22	G7C18R	27
LPHTG004-22	G7C18R	45
LPHTG005-22	G7C18R	22
LPHTG006-22	G7C18R	25
LPHTG007-22	G7C18R	11
LPHTG008-22	G7C18R	30
LPHTG009-22	G7C18R	11
LPHTG010-22	G7C18R	18
LPHTG011-22	G7C18R	19
LPHTG012-22	G7C18R	24
LPHTG013-22	G7C18R	19
LPHTG014-22	G7C18R	23
LPHTG015-22	G7C18R	25
LPHTG016-22	G7C18R	15
LPHTG017-22	G7C18R	15
LPHTG018-22	G7C18R	10
LPHTG019-22	G7C18R	26
LPHTG020-22	G7C18R	28
LPHTG021-22	G7C18R	31
LPHTG022-22	G7C18R	17
LPHTG023-22	G7C18R	32
LPHTG024-22	G7C18R	27
LPHTG025-22	G7C18R	24
LPHTG026-22	G7C18R	19
LPHTG027-22	G7C18R	22
LPHTG028-22	G7C18R	24
LPHTG029-22	G7C18R	17
LPHTG030-22	G7C18R	20
LPHTG031-22	G7C18R	25
LPHTG032-22	G7C18R	22
LPHTG033-22	G7C18R	23
LPHTG034-22	G7C18R	18
LPHTG035-22	G7C18R	31
LPHTG036-22	G7C18R	30
LPHTG037-22	G7C18R	1
LPHTG038-22	G7C18R	20
LPHTG039-22	G7C18R	19
LPHTG040-22	G7C18R	36
LPHTG041-22	G7C18R	22
LPHTG042-22	G7C18R	20
LPHTG043-22	G7C18R	8
LPHTG044-22	G7C18R	33
LPHTG045-22	G7C18R	42
LPHTG046-22	G7C18R	37
LPHTG047-22	G7C18R	30
LPHTG048-22	G7C18R	25
LPHTG049-22	G7C18R	16
LPHTG050-22	G7C18R	18
LPHTG051-22	G7C18R	27
LPHTG052-22	G7C18R	17
LPHTG053-22	G7C18R	24
LPHTG054-22	G7C18R	12
LPHTG055-22	G7C18R	17
LPHTG056-22	G7C18R	36
LPHTG057-22	G7C18R	30
LPHTG058-22	G7C18R	32
LPHTG059-22	G7C18R	16
LPHTG060-22	G7C18R	19
LPHTG061-22	G7C18R	20
LPHTG062-22	G7C18R	23
LPHTG063-22	G7C18R	7
LPHTG064-22	G7C18R	29
LPHTG065-22	G7C18R	18
LPHTG066-22	G7C18R	28
LPHTG067-22	G7C18R	19
LPHTG068-22	G7C18R	42
LPHTG069-22	G7C18R	43
LPHTG070-22	G7C18R	36
LPHTG071-22	G7C18R	38
LPHTG072-22	G7C18R	19
LPHTG073-22	G7C18R	17
LPHTG074-22	G7C18R	24
LPHTG075-22	G7C18R	27
LPHTG076-22	G7C18R	32
LPHTG077-22	G7C18R	39
LPHTG078-22	G7C18R	28
LPHTG079-22	G7C18R	31
LPHTG080-22	G7C18R	27
LPHTG081-22	G7C18R	29
LPHTG082-22	G7C18R	15
LPHTG083-22	G7C18R	23
LPHTG084-22	G7C18R	21
LPHTG085-22	G7C18R	35
LPHTG086-22	G7C18R	9
LPHTG087-22	G7C18R	13
LPHTG088-22	G7C18R	10
LPHTG089-22	G7C18R	8
LPHTG090-22	G7C18R	23
LPHTG091-22	G7C18R	24
LPHTG092-22	G7C18R	24
LPHTG093-22	G7C18R	7
LPHTG094-22	G7C18R	19
LPHTG095-22	G7C18R	10
LPHTG096-22	G7C18R	6
LPHTG097-22	G7C18R	7
LPHTG098-22	G7C18R	16
LPHTG099-22	G7C18R	12
LPHTG100-22	G7C18R	19
LPHTG101-22	G7C18R	7
LPHTG102-22	G7C18R	24
LPHTG103-22	G7C18R	13
LPHTG104-22	G7C18R	8
LPHTG105-22	G7C18R	4
LPHTG106-22	G7C18R	28
LPHTG107-22	G7C18R	25
LPHTG108-22	G7C18R	31
LPHTG109-22	G7C18R	19
LPHTG110-22	G7C18R	12
LPHTG111-22	G7C18R	13
LPHTG112-22	G7C18R	37
LPHTG113-22	G7C18R	21
LPHTG114-22	G7C18R	29
LPHTG115-22	G7C18R	7
LPHTG116-22	G7C18R	15
LPHTG117-22	G7C18R	11
LPHTG118-22	G7C18R	11
LPHTG119-22	G7C18R	20
LPHTG120-22	G7C18R	6
LPHTG121-22	G7C18R	17
LPHTG122-22	G7C18R	32
LPHTG123-22	G7C18R	16
LPHTG124-22	G7C18R	27
LPKIL1000-22	GHFNF6	61
LPKIL1001-22	GHFNF6	35
LPKIL1002-22	GHFNF6	56
LPKIL1003-22	GHFNF6	47
LPKIL1004-22	GHFNF6	42
LPKIL1005-22	GHFNF6	59
LPKIL1006-22	GHFNF6	27
LPKIL1007-22	GHFNF6	62
LPKIL1008-22	GHFNF6	32
LPKIL1009-22	GHFNF6	57
LPKIL1010-22	GHFNF6	45
LPKIL1011-22	GHFNF6	72
LPKIL1012-22	GHFNF6	50
LPKIL1013-22	GHFNF6	48
LPKIL1014-22	GHFNF6	62
LPKIL1015-22	GHFNF6	49
LPKIL1016-22	GHFNF6	41
LPKIL1017-22	GHFNF6	60
LPKIL1018-22	GHFNF6	43
LPKIL1019-22	GHFNF6	24
LPKIL1020-22	GHFNF6	51
LPKIL1021-22	GHFNF6	53
LPKIL1022-22	GHFNF6	49
LPKIL1023-22	GHFNF6	36
LPKIL1024-22	GHFNF6	48
LPKIL1025-22	GHFNF6	47
LPKIL1026-22	GHFNF6	53
LPKIL1027-22	GHFNF6	51
LPKIL1028-22	GHFNF6	55
LPKIL1029-22	GHFNF6	45
LPKIL1030-22	GHFNF6	52
LPKIL1031-22	GHFNF6	65
LPKIL1032-22	GHFNF6	63
LPKIL1033-22	GHFNF6	53
LPKIL1034-22	GHFNF6	62
LPKIL1035-22	GHFNF6	54
LPKIL1036-22	GHFNF6	57
LPKIL1037-22	GHFNF6	48
LPKIL1038-22	GHFNF6	70
LPKIL1039-22	GHFNF6	61
LPKIL1040-22	GHFNF6	64
LPKIL1041-22	GHFNF6	27
LPKIL1042-22	GHFNF6	61
LPKIL1043-22	GHFNF6	54
LPKIL1044-22	GHFNF6	55
LPKIL1045-22	GHFNF6	42
LPKIL1046-22	GHFNF6	80
LPKIL1047-22	GHFNF6	61
LPKIL1048-22	GHFNF6	57
LPKIL1049-22	GHFNF6	48
LPKIL1050-22	GHFNF6	43
LPKIL1051-22	GHFNF6	53
LPKIL1052-22	GHFNF6	36
LPKIL1053-22	GHFNF6	47
LPKIL1054-22	GHFNF6	30
LPKIL1055-22	GHFNF6	27
LPKIL1056-22	GHFNF6	57
LPKIL1057-22	GHFNF6	72
LPKIL1058-22	GHFNF6	58
LPKIL1059-22	GHFNF6	53
LPKIL1060-22	GHFNF6	55
LPKIL1061-22	GHFNF6	41
LPKIL1062-22	GHFNF6	55
LPKIL1063-22	GHFNF6	54
LPKIL1064-22	GHFNF6	49
LPKIL1065-22	GHFNF6	41
LPKIL1066-22	GHFNF6	48
LPKIL1067-22	GHFNF6	62
LPKIL1068-22	GHFNF6	58
LPKIL1069-22	GHFNF6	47
LPKIL1070-22	GHFNF6	64
LPKIL1071-22	GHFNF6	43
LPKIL1072-22	GHFNF6	60
LPKIL1073-22	GHFNF6	61
LPKIL1074-22	GHFNF6	55
LPKIL1075-22	GHFNF6	58
LPKIL1076-22	GHFNF6	46
LPKIL1077-22	GHFNF6	66
LPKIL1078-22	GHFNF6	50
LPKIL1079-22	GHFNF6	33
LPKIL1080-22	GHFNF6	56
LPKIL1081-22	GHFNF6	52
LPKIL1082-22	GHFNF6	79
LPKIL1083-22	GHFNF6	45
LPKIL1084-22	GHFNF6	71
LPKIL1085-22	GHFNF6	48
LPKIL1086-22	GHFNF6	43
LPKIL1087-22	GHFNF6	49
LPKIL1088-22	GHFNF6	58
LPKIL1089-22	GHFNF6	53
LPKIL1090-22	GHFNF6	55
LPKIL1091-22	GHFNF6	53
LPKIL1092-22	GHFNF6	58
LPKIL1093-22	GHFNF6	62
LPKIL1094-22	GHFNF6	59
LPKIL1095-22	GHFNF6	71
LPKIL1096-22	GHFNF6	66
LPKIL1097-22	GHFNF6	59
LPKIL1098-22	GHFNF6	48
LPKIL1099-22	GHFNF6	73
LPKIL1100-22	GHFNF6	60
LPKIL1101-22	GHFNF6	58
LPKIL1102-22	GHFNF6	60
LPKIL1103-22	GHFNF6	50
LPKIL1104-22	GHFNF6	68
LPKIL1105-22	GHFNF6	57
LPKIL1106-22	GHFNF6	72
LPKIL1107-22	GHFNF6	37
LPKIL1108-22	GHFNF6	50
LPKIL1109-22	GHFNF6	45
LPKIL1110-22	GHFNF6	58
LPKIL1111-22	GHFNF6	41
LPKIL1112-22	GHFNF6	49
LPKIL1113-22	GHFNF6	62
LPKIL1114-22	GHFNF6	25
LPKIL1115-22	GHFNF6	53
LPKIL1116-22	GHFNF6	48
LPKIL1117-22	GHFNF6	37
LPKIL1118-22	GHFNF6	66
LPKIL1119-22	GHFNF6	58
LPKIL1120-22	GHFNF6	53
LPKIL1121-22	GHFNF6	57
LPKIL1122-22	GHFNF6	58
LPKIL1123-22	GHFNF6	44
LPKIL1124-22	GHFNF6	63
LPKIL1125-22	GHFNF6	50
LPKIL1126-22	GHFNF6	46
LPKIL1127-22	GHFNF6	42
LPKIL1128-22	GHFNF6	30
LPKIL1129-22	GHFNF6	42
LPKIL1130-22	GHFNF6	75
LPKIL1131-22	GHFNF6	47
LPKIL1132-22	GHFNF6	38
LPKIL1133-22	GHFNF6	33
LPKIL1134-22	GHFNF6	46
LPKIL1135-22	GHFNF6	66
LPKIL1136-22	GHFNF6	42
LPKIL1137-22	GHFNF6	59
LPKIL1138-22	GHFNF6	51
LPKIL1139-22	GHFNF6	70
LPKIL1140-22	GHFNF6	55
LPKIL1141-22	GHFNF6	68
LPKIL1142-22	GHFNF6	53
LPKIL1143-22	GHFNF6	56
LPKIL1144-22	GHFNF6	56
LPKIL1145-22	GHFNF6	54
LPKIL1146-22	GHFNF6	26
LPKIL1147-22	GHFNF6	53
LPKIL1148-22	GHFNF6	24
LPKIL1149-22	GHFNF6	39
LPKIL1150-22	GHFNF6	39
LPKIL1151-22	GHFNF6	53
LPKIL1152-22	GHFNF6	71
LPKIL1153-22	GHFNF6	41
LPKIL1154-22	GHFNF6	62
LPKIL1155-22	GHFNF6	71
LPKIL1156-22	GHFNF6	38
LPKIL1157-22	GHFNF6	57
LPKIL1158-22	GHFNF6	53
LPKIL1159-22	GHFNF6	45
LPKIL1160-22	GHFNF6	58
LPKIL1161-22	GHFNF6	42
LPKIL1162-22	GHFNF6	71
LPKIL1163-22	GHFNF6	66
LPKIL1164-22	GHFNF6	75
LPKIL1165-22	GHFNF6	66
LPKIL1166-22	GHFNF6	80
LPKIL1167-22	GHFNF6	76
LPKIL1168-22	GHFNF6	48
LPKIL1169-22	GHFNF6	50
LPKIL1170-22	GHFNF6	52
LPKIL1171-22	GHFNF6	44
LPKIL1172-22	GHFNF6	43
LPKIL1173-22	GHFNF6	49
LPKIL1174-22	GHFNF6	50
LPKIL1175-22	GHFNF6	65
LPKIL1176-22	GHFNF6	55
LPKIL1177-22	GHFNF6	56
LPKIL1178-22	GHFNF6	63
LPKIL1179-22	GHFNF6	66
LPKIL1180-22	GHFNF6	58
LPKIL1181-22	GHFNF6	59
LPKIL1182-22	GHFNF6	60
LPKIL1183-22	GHFNF6	55
LPKIL1184-22	GHFNF6	58
LPKIL1185-22	GHFNF6	79
LPKIL1186-22	GHFNF6	70
LPKIL1187-22	GHFNF6	73
LPKIL1188-22	GHFNF6	44
LPKIL1189-22	GHFNF6	43
LPKIL1190-22	GHFNF6	68
LPKIL1191-22	GHFNF6	43
LPKIL1192-22	GHFNF6	43
LPKIL1193-22	GHFNF6	45
LPKIL1194-22	GHFNF6	58
LPKIL1195-22	GHFNF6	47
LPKIL1196-22	GHFNF6	41
LPKIL1197-22	GHFNF6	61
LPKIL1198-22	GHFNF6	56
LPKIL1199-22	GHFNF6	53
LPKIL1200-22	GHFNF6	65
LPKIL1201-22	GHFNF6	56
LPKIL1202-22	GHFNF6	71
LPKIL1203-22	GHFNF6	23
LPKIL1205-22	GHFNF6	20
LPKIL1206-22	GHFNF6	47
LPKIL1207-22	GHFNF6	36
LPKIL1208-22	GHFNF6	29
LPKIL1209-22	GHFNF6	41
LPKIL1210-22	GHFNF6	28
LPKIL1211-22	GHFNF6	50
LPKIL1212-22	GHFNF6	28
LPKIL1213-22	GHFNF6	17
LPKIL1214-22	GHFNF6	52
LPKIL1215-22	GHFNF6	27
LPKIL1216-22	GHFNF6	38
LPKIL1217-22	GHFNF6	28
LPKIL1218-22	GHFNF6	49
LPKIL1219-22	GHFNF6	43
LPKIL1220-22	GHFNF6	31
LPKIL1221-22	GHFNF6	16
LPKIL1222-22	GHFNF6	5
LPKIL1223-22	GHFNF6	44
LPKIL1224-22	GHFNF6	25
LPKIL1225-22	GHFNF6	53
LPKIL1226-22	GHFNF6	15
LPKIL1227-22	GHFNF6	17
LPKIL1228-22	GHFNF6	28
LPKIL1229-22	GHFNF6	8
LPKIL1230-22	GHFNF6	9
LPKIL1231-22	GHFNF6	52
LPKIL1232-22	GHFNF6	24
LPKIL1233-22	GHFNF6	31
LPKIL1234-22	GHFNF6	45
LPKIL1235-22	GHFNF6	52
LPKIL1236-22	GHFNF6	51
LPKIL1237-22	GHFNF6	73
LPKIL1238-22	GHFNF6	30
LPKIL1240-22	GHFNF6	13
LPKIL1241-22	GHFNF6	30
LPKIL1242-22	GHFNF6	34
LPKIL1243-22	GHFNF6	34
LPKIL1244-22	GHFNF6	3
LPKIL1245-22	GHFNF6	59
LPKIL1246-22	GHFNF6	4
LPKIL1247-22	GHFNF6	50
LPKIL1248-22	GHFNF6	43
LPKIL1249-22	GHFNF6	42
LPKIL1250-22	GHFNF6	7
LPKIL1251-22	GHFNF6	38
LPKIL1252-22	GHFNF6	35
LPKIL1253-22	GHFNF6	46
LPKIL1254-22	GHFNF6	34
LPKIL1255-22	GHFNF6	32
LPKIL1256-22	GHFNF6	13
LPKIL1257-22	GHFNF6	31
LPKIL1258-22	GHFNF6	35
LPKIL1259-22	GHFNF6	48
LPKIL1260-22	GHFNF6	50
LPKIL1261-22	GHFNF6	53
LPKIL1262-22	GHFNF6	38
LPKIL1263-22	GHFNF6	9
LPKIL1264-22	GHFNF6	12
LPKIL1265-22	GHFNF6	39
LPKIL1266-22	GHFNF6	22
LPKIL1267-22	GHFNF6	41
LPKIL1268-22	GHFNF6	52
LPKIL1269-22	GHFNF6	43
LPKIL1270-22	GHFNF6	5
LPKIL1271-22	GHFNF6	12
LPKIL1272-22	GHFNF6	6
LPKIL1273-22	GHFNF6	34
LPKIL1274-22	GHFNF6	23
LPKIL1275-22	GHFNF6	7
LPKIL1276-22	GHFNF6	48
LPKIL1277-22	GHFNF6	15
LPKIL1278-22	GHFNF6	30
LPKIL1279-22	GHFNF6	29
LPKIL1280-22	GHFNF6	37
LPKIL1281-22	GHFNF6	36
LPKIL1282-22	GHFNF6	54
LPKIL1283-22	GHFNF6	57
LPKIL1284-22	GHFNF6	48
LPKIL1285-22	GHFNF6	38
LPKIL1286-22	GHFNF6	41
LPKIL1287-22	GHFNF6	21
LPKIL1288-22	GHFNF6	29
LPKIL1289-22	GHFNF6	74
LPKIL1290-22	GHFNF6	42
LPKIL1291-22	GHFNF6	41
LPKIL1292-22	GHFNF6	64
LPKIL1293-22	GHFNF6	88
LPKIL1294-22	GHFNF6	50
LPKIL1295-22	GHFNF6	29
LPKIL1296-22	GHFNF6	12
LPKIL1297-22	GHFNF6	44
LPKIL1298-22	GHFNF6	75
LPKIL1299-22	GHFNF6	39
LPKIL1300-22	GHFNF6	50
LPKIL1301-22	GHFNF6	32
LPKIL1302-22	GHFNF6	49
LPKIL1303-22	GHFNF6	55
LPKIL1304-22	GHFNF6	36
LPKIL1305-22	GHFNF6	29
LPKIL1306-22	GHFNF6	52
LPKIL1307-22	GHFNF6	60
LPKIL1308-22	GHFNF6	55
LPKIL1309-22	GHFNF6	63
LPKIL1310-22	GHFNF6	9
LPKIL1311-22	GHFNF6	39
LPKIL1312-22	GHFNF6	40
LPKIL1313-22	GHFNF6	27
LPKIL1314-22	GHFNF6	18
LPKIL1315-22	GHFNF6	12
LPKIL1316-22	GHFNF6	12
LPKIL1317-22	GHFNF6	9
LPKIL1318-22	GHFNF6	21
LPKIL1319-22	GHFNF6	21
LPKIL1320-22	GHFNF6	7
LPKIL1321-22	GHFNF6	16
LPKIL1322-22	GHFNF6	11
LPKIL1323-22	GHFNF6	30
LPKIL727-22	GRSA2D	21
LPKIL728-22	GRSA2D	26
LPKIL729-22	GRSA2D	28
LPKIL730-22	GRSA2D	30
LPKIL731-22	GRSA2D	35
LPKIL732-22	GRSA2D	36
LPKIL733-22	GRSA2D	9
LPKIL734-22	GRSA2D	27
LPKIL735-22	GRSA2D	45
LPKIL736-22	GRSA2D	14
LPKIL737-22	GRSA2D	33
LPKIL738-22	GRSA2D	37
LPKIL739-22	GRSA2D	20
LPKIL740-22	GRSA2D	24
LPKIL741-22	GRSA2D	29
LPKIL742-22	GRSA2D	41
LPKIL743-22	GRSA2D	49
LPKIL744-22	GRSA2D	26
LPKIL745-22	GRSA2D	39
LPKIL746-22	GRSA2D	37
LPKIL747-22	GRSA2D	30
LPKIL748-22	GRSA2D	18
LPKIL749-22	GRSA2D	44
LPKIL750-22	GRSA2D	64
LPKIL751-22	GRSA2D	45
LPKIL752-22	GRSA2D	45
LPKIL753-22	GRSA2D	48
LPKIL754-22	GRSA2D	30
LPKIL755-22	GRSA2D	29
LPKIL756-22	GRSA2D	33
LPKIL757-22	GRSA2D	8
LPKIL758-22	GRSA2D	17
LPKIL759-22	GRSA2D	37
LPKIL761-22	GRSA2D	44
LPKIL762-22	GRSA2D	62
LPKIL763-22	GRSA2D	23
LPKIL764-22	GRSA2D	12
LPKIL765-22	GRSA2D	26
LPKIL766-22	GRSA2D	8
LPKIL767-22	GRSA2D	30
LPKIL768-22	GRSA2D	29
LPKIL769-22	GRSA2D	15
LPKIL770-22	GRSA2D	25
LPKIL771-22	GRSA2D	16
LPKIL772-22	GRSA2D	17
LPKIL773-22	GRSA2D	33
LPKIL774-22	GRSA2D	49
LPKIL775-22	GRSA2D	31
LPKIL776-22	GRSA2D	24
LPKIL777-22	GRSA2D	46
LPKIL778-22	GRSA2D	24
LPKIL779-22	GRSA2D	56
LPKIL780-22	GRSA2D	34
LPKIL781-22	GRSA2D	11
LPKIL782-22	GRSA2D	39
LPKIL783-22	GRSA2D	16
LPKIL784-22	GRSA2D	59
LPKIL785-22	GRSA2D	31
LPKIL786-22	GRSA2D	26
LPKIL787-22	GRSA2D	42
LPKIL788-22	GHFNF6	53
LPKIL789-22	GHFNF6	57
LPKIL790-22	GHFNF6	41
LPKIL791-22	GHFNF6	12
LPKIL792-22	GHFNF6	46
LPKIL793-22	GHFNF6	14
LPKIL794-22	GHFNF6	30
LPKIL795-22	GHFNF6	27
LPKIL796-22	GHFNF6	22
LPKIL797-22	GHFNF6	14
LPKIL798-22	GHFNF6	43
LPKIL799-22	GHFNF6	34
LPKIL800-22	GHFNF6	33
LPKIL801-22	GHFNF6	6
LPKIL802-22	GHFNF6	17
LPKIL803-22	GHFNF6	66
LPKIL804-22	GHFNF6	78
LPKIL805-22	GHFNF6	70
LPKIL806-22	GHFNF6	72
LPKIL807-22	GHFNF6	82
LPKIL808-22	GHFNF6	81
LPKIL809-22	GHFNF6	8
LPKIL810-22	GHFNF6	30
LPKIL811-22	GHFNF6	43
LPKIL812-22	GHFNF6	37
LPKIL813-22	GHFNF6	35
LPKIL814-22	GHFNF6	35
LPKIL815-22	GHFNF6	18
LPKIL816-22	GHFNF6	32
LPKIL817-22	GHFNF6	40
LPKIL818-22	GHFNF6	37
LPKIL819-22	GHFNF6	31
LPKIL820-22	GHFNF6	48
LPKIL821-22	GHFNF6	40
LPKIL822-22	GHFNF6	53
LPKIL823-22	GHFNF6	19
LPKIL824-22	GHFNF6	54
LPKIL825-22	GHFNF6	41
LPKIL826-22	GHFNF6	38
LPKIL827-22	GHFNF6	26
LPKIL828-22	GHFNF6	37
LPKIL829-22	GHFNF6	25
LPKIL830-22	GHFNF6	39
LPKIL831-22	GHFNF6	35
LPKIL832-22	GHFNF6	18
LPKIL833-22	GHFNF6	52
LPKIL834-22	GHFNF6	50
LPKIL835-22	GHFNF6	49
LPKIL836-22	GHFNF6	21
LPKIL837-22	GHFNF6	36
LPKIL838-22	GHFNF6	10
LPKIL840-22	GHFNF6	47
LPKIL841-22	GHFNF6	44
LPKIL842-22	GHFNF6	50
LPKIL843-22	GHFNF6	24
LPKIL844-22	GHFNF6	47
LPKIL845-22	GHFNF6	34
LPKIL846-22	GHFNF6	48
LPKIL847-22	GHFNF6	35
LPKIL848-22	GHFNF6	36
LPKIL849-22	GHFNF6	39
LPKIL850-22	GHFNF6	35
LPKIL851-22	GHFNF6	44
LPKIL852-22	GHFNF6	49
LPKIL853-22	GHFNF6	33
LPKIL854-22	GHFNF6	11
LPKIL855-22	GHFNF6	34
LPKIL856-22	GHFNF6	45
LPKIL857-22	GHFNF6	40
LPKIL858-22	GHFNF6	43
LPKIL859-22	GHFNF6	34
LPKIL860-22	GHFNF6	53
LPKIL861-22	GHFNF6	45
LPKIL862-22	GHFNF6	30
LPKIL863-22	GHFNF6	45
LPKIL864-22	GHFNF6	37
LPKIL865-22	GHFNF6	28
LPKIL866-22	GHFNF6	48
LPKIL867-22	GHFNF6	48
LPKIL868-22	GHFNF6	48
LPKIL869-22	GHFNF6	39
LPKIL870-22	GHFNF6	29
LPKIL871-22	GHFNF6	34
LPKIL872-22	GHFNF6	24
LPKIL873-22	GHFNF6	33
LPKIL874-22	GHFNF6	41
LPKIL875-22	GHFNF6	56
LPKIL876-22	GHFNF6	41
LPKIL877-22	GHFNF6	26
LPKIL878-22	GHFNF6	35
LPKIL879-22	GHFNF6	16
LPKIL880-22	GHFNF6	48
LPKIL881-22	GHFNF6	34
LPKIL882-22	GHFNF6	19
LPKIL883-22	GHFNF6	31
LPKIL884-22	GHFNF6	36
LPKIL885-22	GHFNF6	9
LPKIL886-22	GHFNF6	47
LPKIL887-22	GHFNF6	33
LPKIL888-22	GHFNF6	42
LPKIL889-22	GHFNF6	45
LPKIL890-22	GHFNF6	45
LPKIL891-22	GHFNF6	26
LPKIL892-22	GHFNF6	35
LPKIL893-22	GHFNF6	36
LPKIL894-22	GHFNF6	39
LPKIL895-22	GHFNF6	14
LPKIL896-22	GHFNF6	27
LPKIL897-22	GHFNF6	28
LPKIL898-22	GHFNF6	10
LPKIL899-22	GHFNF6	26
LPKIL900-22	GHFNF6	47
LPKIL901-22	GHFNF6	30
LPKIL902-22	GHFNF6	43
LPKIL903-22	GHFNF6	42
LPKIL904-22	GHFNF6	44
LPKIL905-22	GHFNF6	23
LPKIL906-22	GHFNF6	40
LPKIL907-22	GHFNF6	53
LPKIL908-22	GHFNF6	34
LPKIL909-22	GHFNF6	34
LPKIL910-22	GHFNF6	35
LPKIL911-22	GHFNF6	41
LPKIL912-22	GHFNF6	27
LPKIL913-22	GHFNF6	33
LPKIL914-22	GHFNF6	31
LPKIL915-22	GHFNF6	47
LPKIL916-22	GHFNF6	53
LPKIL917-22	GHFNF6	44
LPKIL918-22	GHFNF6	61
LPKIL919-22	GHFNF6	54
LPKIL920-22	GHFNF6	48
LPKIL921-22	GHFNF6	45
LPKIL922-22	GHFNF6	46
LPKIL923-22	GHFNF6	51
LPKIL924-22	GHFNF6	50
LPKIL925-22	GHFNF6	67
LPKIL926-22	GHFNF6	48
LPKIL927-22	GHFNF6	58
LPKIL928-22	GHFNF6	19
LPKIL929-22	GHFNF6	62
LPKIL930-22	GHFNF6	69
LPKIL931-22	GHFNF6	57
LPKIL932-22	GHFNF6	44
LPKIL933-22	GHFNF6	65
LPKIL934-22	GHFNF6	50
LPKIL935-22	GHFNF6	49
LPKIL936-22	GHFNF6	65
LPKIL937-22	GHFNF6	47
LPKIL938-22	GHFNF6	62
LPKIL939-22	GHFNF6	77
LPKIL940-22	GHFNF6	53
LPKIL941-22	GHFNF6	68
LPKIL942-22	GHFNF6	47
LPKIL943-22	GHFNF6	56
LPKIL944-22	GHFNF6	37
LPKIL945-22	GHFNF6	53
LPKIL946-22	GHFNF6	51
LPKIL947-22	GHFNF6	50
LPKIL948-22	GHFNF6	52
LPKIL949-22	GHFNF6	51
LPKIL950-22	GHFNF6	27
LPKIL951-22	GHFNF6	56
LPKIL952-22	GHFNF6	55
LPKIL953-22	GHFNF6	67
LPKIL954-22	GHFNF6	61
LPKIL955-22	GHFNF6	60
LPKIL956-22	GHFNF6	54
LPKIL957-22	GHFNF6	46
LPKIL958-22	GHFNF6	48
LPKIL959-22	GHFNF6	52
LPKIL960-22	GHFNF6	61
LPKIL961-22	GHFNF6	60
LPKIL962-22	GHFNF6	49
LPKIL963-22	GHFNF6	63
LPKIL964-22	GHFNF6	68
LPKIL965-22	GHFNF6	61
LPKIL966-22	GHFNF6	51
LPKIL967-22	GHFNF6	57
LPKIL968-22	GHFNF6	41
LPKIL969-22	GHFNF6	62
LPKIL970-22	GHFNF6	57
LPKIL971-22	GHFNF6	42
LPKIL972-22	GHFNF6	61
LPKIL973-22	GHFNF6	59
LPKIL974-22	GHFNF6	35
LPKIL975-22	GHFNF6	58
LPKIL976-22	GHFNF6	19
LPKIL977-22	GHFNF6	64
LPKIL978-22	GHFNF6	17
LPKIL979-22	GHFNF6	59
LPKIL980-22	GHFNF6	50
LPKIL981-22	GHFNF6	58
LPKIL982-22	GHFNF6	41
LPKIL983-22	GHFNF6	33
LPKIL984-22	GHFNF6	62
LPKIL985-22	GHFNF6	61
LPKIL986-22	GHFNF6	73
LPKIL987-22	GHFNF6	75
LPKIL988-22	GHFNF6	44
LPKIL989-22	GHFNF6	74
LPKIL990-22	GHFNF6	52
LPKIL991-22	GHFNF6	68
LPKIL992-22	GHFNF6	69
LPKIL993-22	GHFNF6	62
LPKIL994-22	GHFNF6	64
LPKIL995-22	GHFNF6	69
LPKIL996-22	GHFNF6	70
LPKIL997-22	GHFNF6	59
LPKIL998-22	GHFNF6	70
LPKIL999-22	GHFNF6	73
LPSHA001-22	GU248M	21
LPSHA002-22	GU248M	9
LPSHA003-22	GU248M	29
LPSHA004-22	GU248M	28
LPSHA005-22	GU248M	31
LPSHA006-22	GU248M	46
LPSHA007-22	GU248M	26
LPSHA008-22	GU248M	28
LPSHA009-22	GU248M	22
LPSHA010-22	GU248M	27
LPSHA011-22	GU248M	34
LPSHA012-22	GU248M	28
LPSHA013-22	GU248M	24
LPSHA014-22	GU248M	26
LPSHA015-22	GU248M	27
LPSHA016-22	GU248M	34
LPSHA017-22	GU248M	29
LPSHA018-22	GU248M	28
LPSHA019-22	GU248M	37
LPSHA020-22	GU248M	11
LPSHA021-22	GU248M	36
LPSHA022-22	GU248M	24
LPSHA023-22	GU248M	27
LPSHA024-22	GU248M	35
LPSHA025-22	GU248M	21
LPSHA026-22	GU248M	32
LPSHA027-22	GU248M	22
LPSHA028-22	GU248M	37
LPSHA029-22	GU248M	39
LPSHA030-22	GU248M	29
LPSHA031-22	GU248M	28
LPSHA032-22	GU248M	27
LPSHA033-22	GU248M	31
LPSHA034-22	GU248M	24
LPSHA035-22	GU248M	26
LPSHA036-22	GU248M	34
LPSHA037-22	GU248M	48
LPSHA038-22	GU248M	6
LPSHA039-22	GU248M	37
LPSHA040-22	GU248M	22
LPSHA041-22	GU248M	21
LPSHA042-22	GU248M	22
LPSHA043-22	GU248M	24
LPSHA044-22	GU248M	25
LPSHA045-22	GU248M	40
LPSHA046-22	GU248M	34
LPSHA047-22	GU248M	19
LPSHA048-22	GU248M	29
LPSHA049-22	GU248M	30
LPSHA050-22	GU248M	9
LPSHA051-22	GU248M	27
LPSHA052-22	GU248M	31
LPSHA053-22	GU248M	28
LPSHA054-22	GU248M	32
LPSHA055-22	GU248M	28
LPSHA056-22	GU248M	31
LPSHA057-22	GU248M	34
LPSHA058-22	GU248M	22
LPSHA059-22	GU248M	20
LPSHA060-22	GU248M	23
LPSHA061-22	GU248M	30
LPSHA062-22	GU248M	19
LPSHA063-22	GU248M	13
LPSHA064-22	GU248M	21
LPSHA065-22	GU248M	25
LPSHA066-22	GU248M	28
LPSHA067-22	GU248M	11
LPSHA068-22	GU248M	14
LPSHA069-22	GU248M	16
LPSHA070-22	GU248M	15
LPSHA071-22	GU248M	17
LPSHA073-22	GU248M	17
LPSHA074-22	GU248M	15
LPSHA075-22	GU248M	18
LPSHA076-22	GU248M	17
LPSHA077-22	GU248M	22
LPSHA078-22	GU248M	14
LPSHA079-22	GU248M	21
LPSHA080-22	GU248M	12
LPSHA081-22	GU248M	25
LPSHA082-22	GU248M	19
LPSHA083-22	GU248M	23
LPSHA084-22	GU248M	14
LPSHA085-22	GU248M	20
LPSHA086-22	GU248M	9
LPSHA087-22	GU248M	10
LPSHA088-22	GU248M	14
LPSHA089-22	GU248M	14
LPSHA090-22	GU248M	14
LPSHA092-22	GU248M	18
LPSHA093-22	GU248M	15
LPSHA094-22	GU248M	12
LPSHA095-22	GU248M	11
LPSHA096-22	GU248M	22
LPSHA097-22	GU248M	7
LPSHA098-22	GU248M	16
LPSHA099-22	GU248M	11
LPSHA100-22	GU248M	15
LPSHA101-22	GU248M	12
LPSHA102-22	GU248M	20
LPSHA103-22	GU248M	13
LPSHA104-22	GU248M	32
LPSHA105-22	GU248M	30
LPSHA106-22	GU248M	21
LPSHA107-22	GU248M	23
LPSHA108-22	GU248M	29
LPSHA109-22	GU248M	15
LPSHA110-22	GU248M	18
LPSHA111-22	GU248M	24
LPSHA112-22	GU248M	28
LPSHA114-22	GU248M	44
LPSHA115-22	GU248M	29
LPSHA116-22	GU248M	17
LPSHA117-22	GU248M	27
LPSHA118-22	GU248M	18
LPSHA119-22	GU248M	18
LPSHA120-22	GU248M	19
LPSHA121-22	GU248M	13
LPSHA122-22	GU248M	22
LPSHA123-22	GU248M	10
LPSHA124-22	GU248M	25
LPSHA125-22	GU248M	22
LPSHA126-22	GU248M	8
LPSHA127-22	GU248M	21
LPSHA128-22	GU248M	18
LPSHA129-22	GU248M	30
LPSHA130-22	GU248M	14
LPSHA131-22	GU248M	17
LPSHA132-22	GU248M	30
LPSHA133-22	GU248M	6
LPSHA134-22	GU248M	29
LPSHA135-22	GU248M	30
LPSHA136-22	GU248M	43
LPSHA137-22	GU248M	8
LPSHA138-22	GU248M	18
LPSHA139-22	GU248M	12
LPSHA140-22	GU248M	23
LPSHA141-22	GU248M	11
LPSHA142-22	GU248M	10
LPSHA143-22	GU248M	24
LPSHA144-22	GU248M	15
LPSHA145-22	GU248M	13
LPSHA146-22	GU248M	15
LPSHA147-22	GU248M	18
LPSHA148-22	GU248M	18
LPSHA149-22	GU248M	15
LPSHA150-22	GU248M	20
LPSHA151-22	GU248M	16
LPSHA152-22	GU248M	23
LPSHA153-22	GU248M	26
LPSHA154-22	GU248M	18
LPSHA155-22	GU248M	21
LPSHA156-22	GU248M	35
LPSHA157-22	GU248M	10
LPSHA158-22	GU248M	27
LPSHA159-22	GU248M	16
LPSHA160-22	GU248M	26
LPSHA161-22	GU248M	12
LPSHA162-22	GU248M	22
LPSHA163-22	GU248M	11
LPSHA164-22	GU248M	12
LPSHA165-22	GU248M	27
LPSHA166-22	GU248M	31
LPSHA167-22	GU248M	10
LPSHA168-22	GU248M	20
LPSHA169-22	GU248M	21
LPSHA170-22	GU248M	12
LPSHA171-22	GU248M	25
LPSHA172-22	GU248M	9
LPSHA173-22	GU248M	20
LPSHA174-22	GU248M	9
LPSHA175-22	GU248M	23
LPSHA176-22	GU248M	16
LPSHA177-22	GU248M	16
LPSHA178-22	GU248M	12
LPSHA179-22	GU248M	25
LPSHA180-22	GU248M	20
LPSHA181-22	GU248M	25
LPSHA182-22	GU248M	27
LPSHA183-22	GU248M	16
LPSHA184-22	GU248M	29
LPSHA185-22	GU248M	18
LPSHA186-22	GU248M	25
LPSHA187-22	GU248M	28
LPSHA188-22	GU248M	20
LPSHA189-22	GU248M	28
LPSHA190-22	GU248M	17
LPSHA191-22	GU248M	14
LPSHA192-22	GU248M	14
LPSHA193-22	GU248M	22
LPSHA194-22	GU248M	34
LPSHA195-22	GU248M	32
LPSHA196-22	GU248M	35
LPSHA197-22	GU248M	26
LPSHA198-22	GU248M	9
LPSHA199-22	GU248M	25
LPSHA200-22	GU248M	23
LPSHA201-22	GU248M	22
LPSHA202-22	GU248M	14
LPSHA203-22	GU248M	18
LPSHA204-22	GU248M	13
LPSHA205-22	GU248M	29
LPSHA206-22	GU248M	14
LPSHA207-22	GU248M	13
LPSHA208-22	GU248M	21
LPSHA209-22	GU248M	28
LPSHA210-22	GU248M	39
LPSHA211-22	GU248M	26
LPSHA212-22	GU248M	23
LPSHA213-22	GU248M	20
LPSHA214-22	GU248M	16
LPSHA215-22	GU248M	7
LPSHA216-22	GU248M	23
LPSHA217-22	GU248M	19
LPSHA218-22	GU248M	19
LPSHA219-22	GU248M	20
LPSHA220-22	GU248M	34
LPSHA221-22	GU248M	30
LPSHA222-22	GU248M	25
LPSHA223-22	GU248M	17
LPSHA224-22	GU248M	21
LPSHA225-22	GU248M	33
LPSHA226-22	GU248M	18
LPSHA227-22	GU248M	15
LPSHA228-22	GU248M	30
LPSHA229-22	GU248M	26
LPSHA230-22	GU248M	23
LPSHA231-22	GU248M	25
LPSHA232-22	GU248M	29
LPSHA233-22	GU248M	28
LPSHA234-22	GU248M	17
LPSHA235-22	GU248M	26
LPSHA236-22	GU248M	31
LPSHA237-22	GU248M	24
LPSHA238-22	GU248M	28
LPSHA239-22	GU248M	7
LPSHA240-22	GU248M	37
LPSHA241-22	GU248M	18
LPSHA242-22	GU248M	17
LPSHA243-22	GU248M	21
LPSHA244-22	GU248M	25
LPSHA245-22	GU248M	30
LPSHA246-22	GU248M	22
LPSHA247-22	GU248M	30
LPSHA248-22	GU248M	25
LPSHA249-22	GU248M	34
LPSHA250-22	GU248M	17
LPSHA251-22	GU248M	6
LPSHA252-22	GU248M	23
LPSHA253-22	GU248M	11
LPSHA254-22	GU248M	20
LPSHA255-22	GU248M	16
LPSHA256-22	GU248M	15
LPSHA257-22	GU248M	13
LPSHA258-22	GU248M	18
LPSHA259-22	GU248M	18
LPSHA260-22	GU248M	17
LPSHA261-22	GU248M	15
LPSHA262-22	GU248M	18
LPSHA263-22	GU248M	25
LPSHA264-22	GU248M	19
LPSHA265-22	GU248M	27
LPSHA266-22	GU248M	27
LPSHA267-22	GU248M	16
LPSHA268-22	GU248M	19
LPSHA269-22	GU248M	10
LPSHA270-22	GU248M	6
LPSHA271-22	GU248M	13
LPSHA272-22	GU248M	32
LPSHA273-22	GU248M	7
LPSHA274-22	GU248M	19
LPSHA275-22	GU248M	31
LPSHA276-22	GU248M	19
LPSHA277-22	GU248M	27
LPSHA278-22	GU248M	27
LPSHA279-22	GU248M	26
LPSHA280-22	GU248M	31
LPSHA281-22	GU248M	14
LPSHA282-22	GU248M	28
LPSHA283-22	GU248M	9
LPSHA284-22	GU248M	15
LPSHA285-22	GU248M	28
LPSHA286-22	GU248M	7
LPSHA287-22	GU248M	14
LPSHA288-22	GU248M	22
LPSHA289-22	GU248M	11
LPSHA290-22	GU248M	14
LPSHA291-22	GU248M	17
LPSHA292-22	GU248M	19
LPSHA293-22	GU248M	24
LPSHA294-22	GU248M	16
LPSHA295-22	GU248M	24
LPSHA296-22	GU248M	29
LPSHA297-22	GU248M	14
LPSHA298-22	GU248M	22
LPSHA299-22	GU248M	16
LPSHA300-22	GU248M	16
LPSHA301-22	GU248M	29
LPSHA302-22	GU248M	32
LPSHA303-22	GU248M	22
LPSHA304-22	GU248M	14
LPSHA305-22	GU248M	27
LPSHA306-22	GU248M	20
LPSHA307-22	GU248M	20
LPSHA308-22	GU248M	20
LPSHA309-22	GU248M	24
LPSHA310-22	GU248M	14
LPSHA311-22	GU248M	20
LPSHA312-22	GU248M	9
LPSHA313-22	GU248M	11
LPSHA314-22	GU248M	19
LPSHA315-22	GU248M	18
LPSHA316-22	GU248M	26
LPSHA317-22	GU248M	28
LPSHA318-22	GU248M	23
LPSHA319-22	GU248M	21
LPSHA320-22	GU248M	25
LPSHA321-22	GU248M	13
LPSHA322-22	GU248M	18
LPSHA323-22	GU248M	21
LPSHA324-22	GU248M	25
LPSHA325-22	GU248M	16
LPSHA326-22	GU248M	20
LPSHA327-22	GU248M	27
LPSHA328-22	GU248M	16
LPSHA329-22	GU248M	24
LPSHA330-22	GU248M	15
LPSHA331-22	GU248M	20
LPSHA332-22	GU248M	24
LPSHA333-22	GU248M	11
LPSHA334-22	GU248M	24
LPSHA335-22	GU248M	24
LPSHA336-22	GU248M	26
LPSHA337-22	GU248M	23
LPSHA338-22	GU248M	22
LPSHA339-22	GU248M	26
LPSHA340-22	GU248M	17
LPSHA341-22	GU248M	22
LPSHA342-22	GU248M	28
LPSHA343-22	GU248M	19
LPSHA344-22	GU248M	30
LPSHA345-22	GU248M	16
LPSHA346-22	GU248M	29
LPSHA347-22	GU248M	27
LPSHA348-22	GU248M	21
LPSHA349-22	GU248M	32
LPSHA350-22	GU248M	21
LPSHA351-22	GU248M	12
LPSHA352-22	GU248M	14
LPSHA353-22	GU248M	28
LPSHA354-22	GU248M	17
LPSHA355-22	GU248M	31
LPSHA356-22	GU248M	20
LPSHA357-22	GU248M	32
LPSHA358-22	GU248M	30
LPSHA359-22	GU248M	28
LPSHA360-22	GU248M	30
LPSHA361-22	GU248M	21
LPSHA362-22	GU248M	25
LPSHA363-22	GU248M	30
LPSHA364-22	GU248M	29
LPSHA365-22	GU248M	18
LPSHA366-22	GU248M	16
LPSHA367-22	GU248M	22
LPSHA368-22	GU248M	29
LPSHA369-22	GU248M	33
LPSHA370-22	GU248M	26
LPSHA371-22	GU248M	31
LPSHA372-22	GU248M	7
LPSHA373-22	GU248M	25
LPSHA374-22	GU248M	20
LPSHA375-22	GU248M	9
LPSHA376-22	GU248M	15
LPSHA377-22	GU248M	11
LPSHA378-22	GU248M	19
LPSHA379-22	GU248M	23
LPSHA380-22	GU248M	14
LPSHA381-22	GU248M	10
LPSHA382-22	GU248M	22
LPSHA383-22	GU248M	14
LPSHA384-22	GU248M	27
LPSHA385-22	GU248M	37
LPSHA387-22	GU248M	25
LPSHA388-22	GU248M	26
LPSHA389-22	GU248M	23
LPSHA390-22	GU248M	23
LPSHA391-22	GU248M	42
LPSHA392-22	GU248M	24
LPSHA393-22	GU248M	26
LPSHA394-22	GU248M	29
LPSHA395-22	GU248M	26
LPSHA396-22	GU248M	12
LPSHA397-22	GU248M	34
LPSHA398-22	GU248M	39
LPSHA399-22	GU248M	25
LPSHA400-22	GU248M	33
LPSHA401-22	GU248M	24
LPSHA402-22	GU248M	20
LPSHA403-22	GU248M	17
LPSHA404-22	GU248M	15
LPSHA405-22	GU248M	18
LPSHA406-22	GU248M	25
LPSHA407-22	GU248M	28
LPSHA408-22	GU248M	32
LPSHA409-22	GU248M	16
LPSHA410-22	GU248M	27
LPSHA411-22	GU248M	20
LPSHA412-22	GU248M	23
LPSHA413-22	GU248M	19
LPSHA414-22	GU248M	7
LPSHA415-22	GU248M	22
LPSHA416-22	GU248M	18
LPSHA417-22	GU248M	36
LPSHA418-22	GU248M	12
LPSHA419-22	GU248M	21
LPSHA420-22	GU248M	30
LPSHA421-22	GU248M	26
LPSHA422-22	GU248M	24
LPSHA423-22	GU248M	30
LPSHA424-22	GU248M	18
LPSHA425-22	GU248M	28
LPSHA426-22	GU248M	32
LPSHA427-22	GU248M	24
LPSHA428-22	GU248M	34
LPSHA429-22	GU248M	34
LPSHA430-22	GU248M	26
LPSHA431-22	GU248M	18
LPSHA432-22	GU248M	25
LPSHA433-22	GU248M	24
LPSHA434-22	GU248M	21
LPSHA435-22	GU248M	23
LPSHA436-22	GU248M	19
LPSHA437-22	GU248M	22
LPSHA438-22	GU248M	8
LPSHA439-22	GU248M	7
LPSHA440-22	GU248M	35
LPSHA441-22	GU248M	34
LPSHA442-22	GU248M	26
LPSHA443-22	GU248M	18
LPSHA444-22	GU248M	18
LPSHA445-22	GU248M	9
LPSHA446-22	GU248M	21
LPSHA447-22	GU248M	10
LPSHA448-22	GU248M	20
LPSHA449-22	GU248M	14
LPSHA451-22	GU248M	17
LPSHA452-22	GU248M	30
LPSHA453-22	GU248M	26
LPSHA455-22	GU248M	30
LPSHA456-22	GU248M	11
LPSHA457-22	GU248M	14
LPSHA458-22	GU248M	24
LPSHA459-22	GU248M	20
LPSHA460-22	GU248M	18
LPSHA461-22	GU248M	10
LPSHA462-22	GU248M	18
LPSHA463-22	GU248M	19
LPSHA464-22	GU248M	19
LPSHA465-22	GU248M	8
LPSHA466-22	GU248M	7
LPSHA467-22	GU248M	13
LPSHA468-22	GU248M	28
LPSHA469-22	GU248M	6
LPSHA470-22	GU248M	12
LPSHA471-22	GU248M	10
LPSHA472-22	GU248M	6
LPSHA473-22	GU248M	19
LPSHA474-22	GU248M	18
LPSHA475-22	GU248M	17
LPSHA476-22	GU248M	25
LPSHA477-22	GU248M	19
LPSHA478-22	GU248M	4
LPSHA479-22	GU248M	21
LPSHA480-22	GU248M	25
LPSHA481-22	GU248M	20
LPSHA482-22	GU248M	21
LPSHA483-22	GU248M	10
LPSHA484-22	GU248M	13
LPSHA485-22	GU248M	4
LPSHA486-22	GU248M	20
LPSHA487-22	GU248M	16
LPSHA488-22	GU248M	10
LPSHA489-22	GU248M	3
LPSHA490-22	GU248M	18
LPSHA491-22	GU248M	14
LPSHA492-22	GU248M	26
LPSHA493-22	GU248M	16
LPSHA494-22	GU248M	21
LPSHA495-22	GU248M	2
LPSHA496-22	GU248M	21
LPSHA497-22	GU248M	9
LPSHA498-22	GU248M	18
LPSHA499-22	GU248M	30
LPSHA500-22	GU248M	26
LPSHA501-22	GU248M	7
LPSHA503-22	GU248M	7
LPSHA504-22	GU248M	33
LPSHA505-22	GU248M	27
LPSHA506-22	GU248M	26
LPSHA507-22	GU248M	14
LPSHA508-22	GU248M	17
LPSHA509-22	GU248M	20
LPSHA510-22	GU248M	8
LPSHA511-22	GU248M	4
LPSHA512-22	GU248M	18
LPSHA513-22	GU248M	5
LPSHA514-22	GU248M	12
LPSHA515-22	GU248M	22
LPSHA516-22	GU248M	16
LPSHA517-22	GU248M	17
LPSHA518-22	GU248M	19
LPSHA519-22	GU248M	17
LPSHA520-22	GU248M	12
LPSHA521-22	GU248M	21
LPSHA522-22	GU248M	19
LPSHA523-22	GU248M	19
LPSHA524-22	GU248M	8
LPSHA525-22	GU248M	25
LPSHA526-22	GU248M	15
LPSHA527-22	GU248M	12
LPSHA528-22	GU248M	8
LPSHA529-22	GU248M	25
LPSHA530-22	GU248M	7
LPSHA531-22	GU248M	25
LPSHA532-22	GU248M	12
LPSHA533-22	GU248M	10
LPSHA534-22	GU248M	4
LPSHA535-22	GU248M	26
LPSHA536-22	GU248M	38
LPSHA537-22	GU248M	20
LPSHA538-22	GU248M	25
LPSHA539-22	GU248M	22
LPSHA540-22	GU248M	19
LPSHA541-22	GU248M	17
LPSHA542-22	GU248M	24
LPSHA543-22	GU248M	30
LPSHA544-22	GU248M	23
LPSHA545-22	GU248M	17
LPSHA546-22	GU248M	33
LPSHA548-22	GU248M	36
LPSHA549-22	GU248M	9
LPSHA550-22	GU248M	24
LPSHA551-22	GU248M	34
LPSHA552-22	GU248M	22
LPSHA553-22	GU248M	17
LPSHA554-22	GU248M	10
LPSHA555-22	GU248M	16
LPSHA556-22	GU248M	19
LPSHA557-22	GU248M	38
LPSHA558-22	GU248M	25
LPSHA559-22	GU248M	18
LPSHA560-22	GU248M	25
LPSHA561-22	GU248M	11
LPSHA562-22	GU248M	26
LPSHA563-22	GU248M	22
LPSHA564-22	GU248M	23
LPSHA565-22	GU248M	28
LPSHA566-22	GU248M	44
LPSHA567-22	GU248M	21
LPSHA568-22	GU248M	2
LPSHA569-22	GU248M	17
LPSHA570-22	GU248M	33
LPSHA572-22	GU248M	19
LPSHA573-22	GU248M	17
LPSHA574-22	GU248M	10
LPSHA575-22	GU248M	19
LPSHA576-22	GU248M	20
LPSHA578-22	GU248M	5
LPSHA579-22	GU248M	25
LPSHA580-22	GU248M	5
LPSHA581-22	GU248M	22
LPSHA582-22	GU248M	5
LPSHA583-22	GU248M	25
LPSHA584-22	GU248M	20
LPSHA585-22	GU248M	15
LPSHA586-22	GU248M	10
LPSHA587-22	GU248M	11
LPSHA588-22	GU248M	20
LPSHA589-22	GU248M	7
LPSHA590-22	GU248M	9
LPSHA591-22	GU248M	17
LPSHA593-22	GU248M	21
LPSHA594-22	GU248M	6
LPSHA595-22	GU248M	23
LPSHA596-22	GU248M	20
LPSHA597-22	GU248M	27
LPSHA598-22	GU248M	17
LPSHA599-22	GU248M	32
LPSHA600-22	GU248M	28
LPSHA601-22	GU248M	24
LPSHA602-22	GU248M	12
LPSHA603-22	GU248M	32
LPSHA604-22	GU248M	17
LPSHA605-22	GU248M	19
LPSHA606-22	GU248M	20
LPSHA607-22	GU248M	9
LPSHA608-22	GU248M	29
LPSHA609-22	GU248M	28
LPSHA610-22	GU248M	19
LPSHA611-22	GU248M	18
LPSHA612-22	GU248M	25
LPSHA613-22	GU248M	11
LPSHA614-22	GU248M	12
LPSHA615-22	GU248M	29
LPSHA616-22	GU248M	15
LPSHA617-22	GU248M	21
LPSHA618-22	GU248M	28
LPSHA619-22	GU248M	12
LPSHA620-22	GU248M	26
LPSHA621-22	GU248M	29
LPSHA622-22	GU248M	29
LPSHA623-22	GU248M	12
LPSHA624-22	GU248M	16
LPSHA625-22	GU248M	17
LPSHA626-22	GU248M	23
LPSHA627-22	GU248M	18
LPSHA628-22	GU248M	33
LPSHA629-22	GU248M	20
LPSHA630-22	GU248M	16
LPSHA631-22	GU248M	33
LPSHA632-22	GU248M	21
LPSHA633-22	GU248M	17
LPSHA634-22	GU248M	26
LPSHA635-22	GU248M	21
LPSHA636-22	GU248M	2
LPSHA637-22	GU248M	20
LPSHA638-22	GU248M	13
LPSHA639-22	GU248M	17
LPSHA640-22	GU248M	23
LPSHA641-22	GU248M	29
LPSHA642-22	GU248M	25
LPSHA643-22	GU248M	34
LPSHA644-22	GU248M	21
LPSHA645-22	GU248M	17
LPSHA646-22	GU248M	26
LPSHA647-22	GU248M	25
LPSHA648-22	GU248M	21
LPSHA649-22	GU248M	16
LPSHA650-22	GU248M	30
LPSHA651-22	GU248M	5
LPSHA652-22	GU248M	18
LPSHA653-22	GU248M	22
LPSHA654-22	GU248M	26
LPSHA655-22	GU248M	14
LPSHA656-22	GU248M	25
LPSHA657-22	GU248M	17
LPSHA658-22	GU248M	33
LPSHA659-22	GU248M	36
LPSHA660-22	GU248M	29
LPSHA661-22	GU248M	29
LPSHA662-22	GU248M	23
LPSHA663-22	GU248M	26
LPSHA664-22	GU248M	27
LPSHA665-22	GU248M	26
LPSHA666-22	GU248M	26
LPSHA667-22	GU248M	33
LPSHA668-22	GU248M	18
LPSHA669-22	GU248M	21
LPSHA670-22	GU248M	29
LPSHA672-22	GU248M	17
LPSHA673-22	GU248M	30
LPSHA674-22	GU248M	28
LPSHA675-22	GU248M	16
LPSHA676-22	GU248M	13
LPSHA677-22	GU248M	33
LPSHA678-22	GU248M	27
LPSHA679-22	GU248M	13
LPSHA680-22	GU248M	31
LPSHA681-22	GU248M	8
LPSHA682-22	GU248M	35
LPSHA683-22	GU248M	30
LPSHA684-22	GU248M	46
LPSHA685-22	GU248M	37
LPSHA686-22	GU248M	30
LPSHA687-22	GU248M	18
LPSHA688-22	GU248M	31
LPSHA689-22	GU248M	30
LPSHA690-22	GU248M	28
LPSHA691-22	GU248M	8
LPSHA692-22	GU248M	42
LPSHA693-22	GU248M	23
LPSHA694-22	GU248M	26
LPSHA695-22	GU248M	28
LPSHA696-22	GU248M	20
LPSHA697-22	GU248M	24
LPSHA698-22	GU248M	20
LPSHA699-22	GU248M	27
LPSHA700-22	GU248M	27
LPSHA701-22	GU248M	39
LPSHA702-22	GU248M	31
LPSHA703-22	GU248M	28
LPSHA704-22	GU248M	22
LPSHA705-22	GU248M	22
LPSHA706-22	GU248M	33
LPSHA707-22	GU248M	23
LPSHA708-22	GU248M	32
LPSHA709-22	GU248M	33
LPSHA710-22	GU248M	32
LPSHA711-22	GU248M	28
LPSHA712-22	GU248M	21
LPSHA713-22	GU248M	31
LPSHA714-22	GU248M	38
LPSHA715-22	GU248M	30
LPSHA716-22	GU248M	32
LPSHA717-22	GU248M	26
LPSHA718-22	GU248M	32
LPSHA719-22	GU248M	24
LPSHA720-22	GU248M	21
LPSHA721-22	GU248M	23
LPSHA722-22	GU248M	32
LPSHA723-22	GU248M	26
LPSHA724-22	GU248M	7
LPSHA725-22	GU248M	38
LPSHA726-22	GU248M	40
LPSHA727-22	GU248M	53
LPSHA728-22	GU248M	39
LPSHA729-22	GU248M	42
LPSHA730-22	GU248M	37
LPSHA731-22	GU248M	30
LPSHA732-22	GU248M	51
LPSHA733-22	GU248M	20
LPSHA734-22	GU248M	32
LPSHA735-22	GU248M	49
LPSHA736-22	GU248M	39
LPSHA737-22	GU248M	29
LPSHA738-22	GU248M	73
LPSHA739-22	GU248M	50
LPSHA740-22	GU248M	48
LPSHA741-22	GU248M	17
LPSHA742-22	GU248M	28
LPSHA743-22	GU248M	40
LPSHA744-22	GU248M	34
LPSHA745-22	GU248M	45
LPSHA746-22	GU248M	39
LPSHA747-22	GU248M	41
LPSHA748-22	GU248M	18
LPSHA749-22	GU248M	50
LPSHA750-22	GU248M	47
LPSHA751-22	GU248M	27
LPSHA752-22	GU248M	56
LPSHA753-22	GU248M	30
LPSHA754-22	GU248M	52
LPSHA755-22	GU248M	34
LPSHA756-22	GU248M	44
LPSHA757-22	GU248M	38
LPSHA758-22	GU248M	35
LPSHA759-22	GU248M	37
LPSHA760-22	GU248M	50
LPSHA761-22	GU248M	46
LPSHA762-22	GU248M	37
LPSHA763-22	GU248M	59
LPSHA764-22	GU248M	37
LPSHA765-22	GU248M	42
LPSHA766-22	GU248M	10
LPSHA767-22	GU248M	39
LPSHA768-22	GU248M	30
LPSHA770-22	GU248M	26
LPSHA771-22	GU248M	51
LPSHA772-22	GU248M	29
LPSHA773-22	GU248M	53
LPSHA774-22	GU248M	50
LPSHA775-22	GU248M	47
LPSHA776-22	GU248M	59
LPSHA777-22	GU248M	17
LPSHA778-22	GU248M	34
LPSHA779-22	GU248M	58
LPSHA780-22	GU248M	39
LPSHA781-22	GU248M	12
LPSHA782-22	GU248M	33
LPSHA783-22	GU248M	24
LPSHA784-22	GU248M	35
LPSHA785-22	GU248M	27
LPSHA786-22	GU248M	44
LPSHA787-22	GU248M	49
LPSHA788-22	GU248M	51
LPSHA789-22	GU248M	44
LPSHA790-22	GU248M	17
LPSHA791-22	GU248M	17
LPSHA792-22	GU248M	34
LPSHA793-22	GU248M	42
LPSHA794-22	GU248M	30
LPSHA795-22	GU248M	51
LPSHA796-22	GU248M	36
LPSHA797-22	GU248M	19
LPSHA798-22	GU248M	34
LPSHA799-22	GU248M	49
LPSHA800-22	GU248M	37
LPSHA801-22	GU248M	57
LPSHA802-22	GU248M	42
LPSHA803-22	GU248M	38
LPSHA804-22	GU248M	58
LPSHA805-22	GU248M	29
LPSHA806-22	GU248M	32
LPSHA807-22	GU248M	50
LPSHA808-22	GU248M	40
LPSHA809-22	GU248M	58
LPSHA810-22	GU248M	23
LPSHA811-22	GU248M	14
LPSHA812-22	GU248M	42
LPSHA813-22	GU248M	22
LPSHA814-22	GU248M	18
LPSHA815-22	GU248M	46
LPSHA816-22	GU248M	19
LPSHA817-22	GU248M	50
LPSHA818-22	GU248M	33
LPSHA819-22	GU248M	34
LPSHA820-22	GU248M	32
LPSHA821-22	GU248M	53
LPSHA822-22	GU248M	51
LPSHA823-22	GU248M	57
LPSHA824-22	GU248M	56
LPSHA825-22	GU248M	39
LPSHA826-22	GU248M	24
LPSHA827-22	GU248M	34
LPSHA828-22	GU248M	31
LPSHA829-22	GU248M	42
LPSHA830-22	GU248M	27
LPSHA831-22	GU248M	52
LPSHA832-22	GU248M	47
LPSHA833-22	GU248M	37
LPSHA834-22	GU248M	31
LPSHA835-22	GU248M	37
LPSHA836-22	GU248M	30
LPSHA837-22	GU248M	38
LPSHA838-22	GU248M	33
LPSHA839-22	GU248M	29
LPSHA840-22	GU248M	41
LPSHA841-22	GU248M	43
LPSHA842-22	GU248M	31
LPSHA843-22	GU248M	39
LPSHA844-22	GU248M	45
LPSHA845-22	GU248M	43
LPSHA846-22	GU248M	44
LPSHA847-22	GU248M	58
LPSHA848-22	GU248M	31
LPSHA849-22	GU248M	35
LPSHA850-22	GU248M	45
LPSHA851-22	GU248M	30
LPSHA852-22	GU248M	40
LPSHA853-22	GU248M	39
LPSHA854-22	GU248M	40
LPSHA855-22	GU248M	44
LPSHA856-22	GU248M	19
LPSHA857-22	GU248M	11
LPSHA858-22	GU248M	45
LPSHA859-22	GU248M	11
LPSHA860-22	GU248M	47
LPSHA861-22	GU248M	38
LPSHA862-22	GU248M	42
LPSHA863-22	GU248M	39
LPSHA864-22	GU248M	32
LPSHA865-22	GU248M	54
LPSHA866-22	GU248M	32
LPSHA867-22	GU248M	40
LPSHA868-22	GU248M	32
LPSHA869-22	GU248M	53
LPSHA870-22	GU248M	30
LPSHA871-22	GU248M	59
LPSHA872-22	GU248M	53
LPSHA873-22	GU248M	48
LPSHA874-22	GU248M	44
LPSHA875-22	GU248M	38
LPSHA876-22	GU248M	42
LPSHA877-22	GU248M	45
LPSHA878-22	GU248M	16
LPSHA879-22	GU248M	34
LPSHA880-22	GU248M	16
LPSHA881-22	GU248M	25
LPSHA882-22	GU248M	32
LPSHA883-22	GU248M	41
LPSHA884-22	GU248M	29
LPSHA885-22	GU248M	28
LPSHA886-22	GU248M	62
LPSHA887-22	GU248M	15
LPSHA888-22	GU248M	20
LPSHA889-22	GU248M	40
LPSHA890-22	GU248M	33
LPSHA891-22	GU248M	35
LPSHA892-22	GU248M	34
LPSHA893-22	GU248M	39
LPSHA894-22	GU248M	36
LPSHA895-22	GU248M	13
LPSHA896-22	GU248M	17
LPSHA897-22	GU248M	32
LPSHA898-22	GU248M	27
LPSHA899-22	GU248M	37
LPSHA900-22	GU248M	54
LPSHA901-22	GU248M	21
LPSHA902-22	GU248M	5
LPSHA903-22	GU248M	9
LPSHA904-22	GU248M	60
LPSHA905-22	GU248M	63
LPSHA906-22	GU248M	23
LPSHA907-22	GU248M	18
LPSHA908-22	GU248M	25
LPSHA909-22	GU248M	17
LPSHA910-22	GU248M	21
LPSHA911-22	GU248M	41
LPSHA912-22	GU248M	49
LPSHA913-22	GU248M	41
LPSHA914-22	GU248M	20
LPSHA915-22	GU248M	29
LPSHA916-22	GU248M	26
LPSHA917-22	GU248M	17
LPSHA918-22	GU248M	11
LPSHA919-22	GU248M	21
LPSHA920-22	GU248M	17
LPSHA921-22	GU248M	8
LPSHA922-22	GU248M	14
LPSHA923-22	GU248M	12
LPSHA924-22	GU248M	17
LPSHA925-22	GU248M	18
LPSHA926-22	GU248M	24
LPSHA927-22	GU248M	21
LPSHA928-22	GU248M	14
LPSHA929-22	GU248M	7
LPSHA930-22	GU248M	2
LPSHA931-22	GU248M	17
LPSHA932-22	GU248M	6
LPSHA933-22	GU248M	20
LPSHA934-22	GU248M	16
LPSHA935-22	GU248M	7
LPSHA936-22	GU248M	5
LPSHA937-22	GU248M	8
LPSHA938-22	GU248M	13
LPSHA939-22	GU248M	8
LPSHA940-22	GU248M	7
LPSHA941-22	GU248M	15
LPSHA942-22	GU248M	9
LPSHA943-22	GU248M	10
LPSHA944-22	GU248M	20
LPSHA945-22	GU248M	16
LPSHA946-22	GU248M	9
LPSHA947-22	GU248M	20
LPSHA948-22	GU248M	16
LPSHA949-22	GU248M	23
LPSHA950-22	GU248M	8
LPSHA951-22	GU248M	17
LPSHA952-22	GU248M	21
LPSHA953-22	GU248M	11
LPSHA954-22	GU248M	4
LPSHA955-22	GU248M	19
LPSHA956-22	GU248M	7
LPSHA958-22	GU248M	14
LPSHA959-22	GU248M	15
LPSHA960-22	GU248M	6
LPSHA961-22	GU248M	24
LPSHA962-22	GU248M	18
LPSHA963-22	GU248M	10
LPSHA964-22	GU248M	12
LPSHA965-22	GU248M	33
LPSHA966-22	GU248M	20
LPSHA967-22	GU248M	28
LPSHA968-22	GU248M	22
LPSHA969-22	GU248M	16
LPSHA970-22	GU248M	8
LPSHA971-22	GU248M	3
LPSHA972-22	GU248M	20
LPSHA973-22	GU248M	3
LPSHA974-22	GU248M	5
LPSHA975-22	GU248M	6
LPSHA976-22	GU248M	29
LPSHA977-22	GU248M	2
LPSHA978-22	GU248M	14
LPSHA979-22	GU248M	11
LPSHA980-22	GU248M	10
LPSHA981-22	GU248M	13
LPSHA982-22	GU248M	19
LPSHA983-22	GU248M	1
LPSHA984-22	GU248M	17
LPSHC001-22	GEOYGD	50
LPSHC002-22	GEOYGD	50
LPSHC003-22	GEOYGD	58
LPSHC004-22	GEOYGD	52
LPSHC005-22	GEOYGD	61
LPSHC006-22	GEOYGD	38
LPSHC007-22	GEOYGD	52
LPSHC008-22	GEOYGD	68
LPSHC009-22	GEOYGD	34
LPSHC010-22	GEOYGD	60
LPSHC011-22	GEOYGD	41
LPSHC012-22	GEOYGD	16
LPSHC013-22	GEOYGD	32
LPSHC014-22	GEOYGD	26
LPSHC015-22	GEOYGD	44
LPSHC016-22	GEOYGD	40
LPSHC017-22	GEOYGD	36
LPSHC018-22	GEOYGD	23
LPSHC019-22	GEOYGD	20
LPSHC020-22	GEOYGD	32
LPSHC021-22	GEOYGD	32
LPSHC022-22	GEOYGD	49
LPSHC023-22	GEOYGD	46
LPSHC024-22	GEOYGD	55
LPSHC025-22	GEOYGD	21
LPSHC026-22	GEOYGD	40
LPSHC027-22	GEOYGD	44
LPSHC028-22	GEOYGD	40
LPSHC029-22	GEOYGD	29
LPSHC030-22	GEOYGD	33
LPSHC031-22	GEOYGD	38
LPSHC032-22	GEOYGD	18
LPSHC033-22	GEOYGD	41
LPSHC034-22	GEOYGD	43
LPSHC035-22	GEOYGD	20
LPSHC036-22	GEOYGD	66
LPSHC037-22	GEOYGD	22
LPSHC038-22	GEOYGD	42
LPSHC039-22	GEOYGD	35
LPSHC040-22	GEOYGD	35
LPSHC041-22	GEOYGD	57
LPSHC042-22	GEOYGD	11
LPSHC043-22	GEOYGD	15
LPSHC044-22	GEOYGD	45
LPSHC045-22	GEOYGD	20
LPSHC046-22	GEOYGD	64
LPSHC047-22	GEOYGD	42
LPSHC048-22	GEOYGD	50
LPSHC049-22	GEOYGD	35
LPSHC050-22	GEOYGD	43
LPSHC051-22	GEOYGD	49
LPSHC052-22	GEOYGD	36
LPSHC053-22	GEOYGD	19
LPSHC054-22	GEOYGD	14
LPSHC055-22	GEOYGD	29
LPSHC056-22	GEOYGD	31
LPSHC057-22	GEOYGD	50
LPSHC058-22	GEOYGD	38
LPSHC059-22	GEOYGD	38
LPSHC060-22	GEOYGD	15
LPSHC061-22	GEOYGD	17
LPSHC062-22	GEOYGD	37
LPSHC063-22	GEOYGD	24
LPSHC064-22	GEOYGD	45
LPSHC065-22	GEOYGD	34
LPSHC066-22	GEOYGD	36
LPSHC067-22	GEOYGD	27
LPSHC068-22	GEOYGD	42
LPSHC069-22	GEOYGD	29
LPSHC070-22	GEOYGD	37
LPSHC071-22	GEOYGD	43
LPSHC072-22	GEOYGD	17
LPSHC073-22	GEOYGD	34
LPSHC074-22	GEOYGD	48
LPSHC075-22	GEOYGD	39
LPSHC076-22	GEOYGD	38
LPSHC077-22	GEOYGD	27
LPSHC078-22	GEOYGD	19
LPSHC079-22	GEOYGD	43
LPSHC080-22	GEOYGD	33
LPSHC081-22	GEOYGD	37
LPSHC082-22	GEOYGD	10
LPSHC083-22	GEOYGD	49
LPSHC084-22	GEOYGD	35
LPSHC085-22	GEOYGD	17
LPSHC086-22	GEOYGD	21
LPSHC087-22	GEOYGD	49
LPSHC088-22	GEOYGD	45
LPSHC089-22	GEOYGD	45
LPSHC090-22	GEOYGD	30
LPSHC091-22	GEOYGD	58
LPSHC092-22	GEOYGD	39
LPSHC093-22	GEOYGD	30
LPSHC094-22	GEOYGD	52
LPSHC095-22	GEOYGD	57
LPSHC096-22	GEOYGD	30
LPSHC097-22	GEOYGD	44
LPSHC098-22	GEOYGD	45
LPSHC099-22	GEOYGD	38
LPSHC1000-22	GEOYGD	37
LPSHC1001-22	GEOYGD	50
LPSHC100-22	GEOYGD	35
LPSHC1002-22	GEOYGD	38
LPSHC1003-22	GEOYGD	38
LPSHC1004-22	GEOYGD	55
LPSHC1005-22	GEOYGD	32
LPSHC1006-22	GEOYGD	45
LPSHC1007-22	GEOYGD	42
LPSHC1008-22	GEOYGD	66
LPSHC1009-22	GEOYGD	54
LPSHC1010-22	GEOYGD	64
LPSHC1011-22	GEOYGD	38
LPSHC101-22	GEOYGD	44
LPSHC1012-22	GEOYGD	34
LPSHC1013-22	GEOYGD	44
LPSHC1014-22	GEOYGD	21
LPSHC1015-22	GEOYGD	47
LPSHC1016-22	GEOYGD	40
LPSHC1017-22	GEOYGD	44
LPSHC1018-22	GEOYGD	49
LPSHC1019-22	GEOYGD	51
LPSHC1020-22	GEOYGD	41
LPSHC1021-22	GEOYGD	39
LPSHC102-22	GEOYGD	53
LPSHC1022-22	GEOYGD	54
LPSHC1023-22	GEOYGD	44
LPSHC1024-22	GEOYGD	16
LPSHC1025-22	GEOYGD	39
LPSHC1026-22	GEOYGD	36
LPSHC1027-22	GEOYGD	44
LPSHC1028-22	GEOYGD	52
LPSHC1029-22	GEOYGD	23
LPSHC1030-22	GEOYGD	48
LPSHC1031-22	GEOYGD	46
LPSHC103-22	GEOYGD	22
LPSHC1032-22	GEOYGD	44
LPSHC1033-22	GEOYGD	56
LPSHC1034-22	GEOYGD	45
LPSHC1035-22	GEOYGD	52
LPSHC1036-22	GEOYGD	41
LPSHC1037-22	GEOYGD	43
LPSHC1038-22	GEOYGD	41
LPSHC1039-22	GEOYGD	38
LPSHC1040-22	GEOYGD	51
LPSHC1041-22	GEOYGD	44
LPSHC104-22	GEOYGD	53
LPSHC1042-22	GEOYGD	25
LPSHC1043-22	GEOYGD	48
LPSHC1044-22	GEOYGD	43
LPSHC1045-22	GEOYGD	50
LPSHC1046-22	GEOYGD	63
LPSHC1047-22	GEOYGD	47
LPSHC1048-22	GEOYGD	55
LPSHC1049-22	GEOYGD	47
LPSHC1050-22	GEOYGD	58
LPSHC1051-22	GEOYGD	37
LPSHC105-22	GEOYGD	38
LPSHC1052-22	GEOYGD	49
LPSHC1053-22	GEOYGD	48
LPSHC1054-22	GEOYGD	32
LPSHC1055-22	GEOYGD	61
LPSHC1056-22	GEOYGD	38
LPSHC1057-22	GEOYGD	57
LPSHC1058-22	GEOYGD	49
LPSHC1059-22	GEOYGD	52
LPSHC1060-22	GEOYGD	34
LPSHC1061-22	GEOYGD	53
LPSHC106-22	GEOYGD	49
LPSHC1062-22	GEOYGD	41
LPSHC1063-22	GEOYGD	27
LPSHC1064-22	GEOYGD	49
LPSHC1065-22	GEOYGD	43
LPSHC1066-22	GEOYGD	44
LPSHC1067-22	GEOYGD	36
LPSHC1068-22	GEOYGD	53
LPSHC1069-22	GEOYGD	40
LPSHC1070-22	GEOYGD	38
LPSHC1071-22	GEOYGD	48
LPSHC107-22	GEOYGD	64
LPSHC1072-22	GEOYGD	27
LPSHC1073-22	GEOYGD	48
LPSHC1074-22	GEOYGD	42
LPSHC1075-22	GEOYGD	45
LPSHC1076-22	GEOYGD	39
LPSHC1077-22	GEOYGD	38
LPSHC1078-22	GEOYGD	37
LPSHC1079-22	GEOYGD	8
LPSHC1080-22	GEOYGD	63
LPSHC1081-22	GEOYGD	16
LPSHC108-22	GEOYGD	23
LPSHC1082-22	GEOYGD	42
LPSHC1083-22	GEOYGD	14
LPSHC1084-22	GEOYGD	46
LPSHC1085-22	GEOYGD	30
LPSHC1086-22	GEOYGD	9
LPSHC1087-22	GEOYGD	47
LPSHC1088-22	GEOYGD	41
LPSHC1089-22	GEOYGD	51
LPSHC1090-22	GEOYGD	39
LPSHC1091-22	GEOYGD	57
LPSHC109-22	GEOYGD	43
LPSHC1092-22	GEOYGD	40
LPSHC1093-22	GEOYGD	18
LPSHC1094-22	GEOYGD	53
LPSHC1095-22	GEOYGD	50
LPSHC1096-22	GEOYGD	45
LPSHC1097-22	GEOYGD	42
LPSHC1098-22	GEOYGD	32
LPSHC1099-22	GEOYGD	51
LPSHC1100-22	GEOYGD	50
LPSHC1101-22	GEOYGD	26
LPSHC110-22	GEOYGD	5
LPSHC1102-22	GEOYGD	27
LPSHC1103-22	GEOYGD	39
LPSHC1104-22	GEOYGD	42
LPSHC1105-22	GEOYGD	41
LPSHC1106-22	GEOYGD	46
LPSHC1107-22	GEOYGD	57
LPSHC1108-22	GEOYGD	48
LPSHC1109-22	GEOYGD	49
LPSHC1110-22	GEOYGD	37
LPSHC1111-22	GEOYGD	70
LPSHC111-22	GEOYGD	14
LPSHC1112-22	GEOYGD	43
LPSHC1113-22	GEOYGD	40
LPSHC1114-22	GEOYGD	20
LPSHC1115-22	GEOYGD	49
LPSHC1116-22	GEOYGD	41
LPSHC1117-22	GEOYGD	21
LPSHC1118-22	GEOYGD	71
LPSHC1119-22	GEOYGD	46
LPSHC1120-22	GEOYGD	61
LPSHC1121-22	GEOYGD	50
LPSHC112-22	GEOYGD	36
LPSHC1122-22	GEOYGD	26
LPSHC1123-22	GEOYGD	44
LPSHC1124-22	GEOYGD	41
LPSHC1125-22	GEOYGD	12
LPSHC1126-22	GEOYGD	52
LPSHC1127-22	GEOYGD	53
LPSHC1128-22	GEOYGD	35
LPSHC1129-22	GEOYGD	43
LPSHC1130-22	GEOYGD	62
LPSHC1131-22	GEOYGD	24
LPSHC113-22	GEOYGD	3
LPSHC1132-22	GEOYGD	35
LPSHC1133-22	GEOYGD	45
LPSHC1134-22	GEOYGD	50
LPSHC1135-22	GEOYGD	60
LPSHC1136-22	GEOYGD	34
LPSHC1137-22	GEOYGD	50
LPSHC1138-22	GEOYGD	61
LPSHC1139-22	GEOYGD	67
LPSHC1140-22	GEOYGD	54
LPSHC1141-22	GEOYGD	50
LPSHC114-22	GEOYGD	42
LPSHC1142-22	GEOYGD	52
LPSHC1143-22	GEOYGD	63
LPSHC1144-22	GEOYGD	44
LPSHC1145-22	GEOYGD	56
LPSHC1146-22	GEOYGD	11
LPSHC1147-22	GEOYGD	46
LPSHC1148-22	GEOYGD	42
LPSHC1149-22	GEOYGD	44
LPSHC1150-22	GEOYGD	59
LPSHC1151-22	GEOYGD	37
LPSHC115-22	GEOYGD	27
LPSHC1152-22	GEOYGD	60
LPSHC1153-22	GEOYGD	48
LPSHC1154-22	GEOYGD	46
LPSHC1155-22	GEOYGD	58
LPSHC1156-22	GEOYGD	33
LPSHC1157-22	GEOYGD	42
LPSHC1158-22	GEOYGD	28
LPSHC1159-22	GEOYGD	48
LPSHC1160-22	GEOYGD	44
LPSHC1161-22	GEOYGD	15
LPSHC116-22	GEOYGD	8
LPSHC1162-22	GEOYGD	45
LPSHC1163-22	GEOYGD	54
LPSHC1164-22	GEOYGD	63
LPSHC1165-22	GEOYGD	62
LPSHC1166-22	GEOYGD	62
LPSHC1167-22	GEOYGD	43
LPSHC1168-22	GEOYGD	35
LPSHC1169-22	GEOYGD	46
LPSHC1170-22	GEOYGD	43
LPSHC1171-22	GEOYGD	37
LPSHC117-22	GEOYGD	7
LPSHC1172-22	GEOYGD	48
LPSHC1173-22	GEOYGD	52
LPSHC1174-22	GEOYGD	32
LPSHC1175-22	GEOYGD	61
LPSHC1176-22	GEOYGD	57
LPSHC1177-22	GEOYGD	40
LPSHC1178-22	GEOYGD	53
LPSHC1179-22	GEOYGD	37
LPSHC1180-22	GEOYGD	43
LPSHC1181-22	GEOYGD	26
LPSHC118-22	GEOYGD	51
LPSHC1182-22	GEOYGD	10
LPSHC1183-22	GEOYGD	48
LPSHC1184-22	GEOYGD	52
LPSHC1185-22	GEOYGD	39
LPSHC1186-22	GEOYGD	35
LPSHC1187-22	GEOYGD	61
LPSHC1188-22	GEOYGD	51
LPSHC1189-22	GEOYGD	46
LPSHC1190-22	GEOYGD	52
LPSHC1191-22	GEOYGD	49
LPSHC119-22	GEOYGD	34
LPSHC1192-22	GEOYGD	39
LPSHC1193-22	GEOYGD	42
LPSHC1194-22	GEOYGD	36
LPSHC1195-22	GEOYGD	43
LPSHC1196-22	GEOYGD	34
LPSHC1197-22	GEOYGD	63
LPSHC1198-22	GEOYGD	31
LPSHC1199-22	GEOYGD	42
LPSHC1200-22	GEOYGD	42
LPSHC1201-22	GEOYGD	43
LPSHC120-22	GEOYGD	9
LPSHC1202-22	GEOYGD	40
LPSHC1203-22	GEOYGD	29
LPSHC1204-22	GEOYGD	44
LPSHC1205-22	GEOYGD	30
LPSHC1206-22	GEOYGD	35
LPSHC1207-22	GEOYGD	53
LPSHC1208-22	GEOYGD	30
LPSHC1209-22	GEOYGD	43
LPSHC1210-22	GEOYGD	46
LPSHC1211-22	GEOYGD	57
LPSHC121-22	GEOYGD	23
LPSHC1212-22	GEOYGD	50
LPSHC1213-22	GEOYGD	38
LPSHC1214-22	GEOYGD	37
LPSHC1215-22	GEOYGD	54
LPSHC1216-22	GEOYGD	47
LPSHC1217-22	GEOYGD	47
LPSHC1218-22	GEOYGD	55
LPSHC1219-22	GEOYGD	48
LPSHC1220-22	GEOYGD	44
LPSHC1221-22	GEOYGD	45
LPSHC122-22	GEOYGD	31
LPSHC1222-22	GEOYGD	55
LPSHC1223-22	GEOYGD	63
LPSHC1224-22	GEOYGD	67
LPSHC1225-22	GEOYGD	42
LPSHC1226-22	GEOYGD	40
LPSHC1227-22	GEOYGD	48
LPSHC1228-22	GEOYGD	71
LPSHC1229-22	GEOYGD	36
LPSHC1230-22	GEOYGD	53
LPSHC1231-22	GEOYGD	41
LPSHC123-22	GEOYGD	35
LPSHC1232-22	GEOYGD	38
LPSHC1233-22	GEOYGD	43
LPSHC1234-22	GEOYGD	65
LPSHC1235-22	GEOYGD	9
LPSHC1236-22	GEOYGD	46
LPSHC1237-22	GEOYGD	56
LPSHC1238-22	GEOYGD	32
LPSHC1239-22	GEOYGD	54
LPSHC1240-22	GEOYGD	61
LPSHC1241-22	GEOYGD	27
LPSHC124-22	GEOYGD	25
LPSHC1242-22	GEOYGD	40
LPSHC1243-22	GEOYGD	30
LPSHC1244-22	GEOYGD	60
LPSHC1245-22	GEOYGD	59
LPSHC1246-22	GEOYGD	50
LPSHC1247-22	GEOYGD	45
LPSHC1248-22	GEOYGD	49
LPSHC1249-22	GEOYGD	29
LPSHC1250-22	GEOYGD	40
LPSHC1251-22	GEOYGD	46
LPSHC125-22	GEOYGD	27
LPSHC1252-22	GEOYGD	23
LPSHC1253-22	GEOYGD	20
LPSHC1254-22	GEOYGD	37
LPSHC1255-22	GEOYGD	37
LPSHC1256-22	GEOYGD	28
LPSHC1257-22	GEOYGD	32
LPSHC1258-22	GEOYGD	52
LPSHC1259-22	GEOYGD	36
LPSHC1260-22	GEOYGD	25
LPSHC1261-22	GEOYGD	33
LPSHC126-22	GEOYGD	14
LPSHC1262-22	GEOYGD	33
LPSHC1263-22	GEOYGD	27
LPSHC1264-22	GEOYGD	44
LPSHC1265-22	GEOYGD	30
LPSHC1266-22	GEOYGD	27
LPSHC1267-22	GEOYGD	11
LPSHC1268-22	GEOYGD	34
LPSHC1269-22	GEOYGD	33
LPSHC1270-22	GEOYGD	48
LPSHC1271-22	GEOYGD	17
LPSHC127-22	GEOYGD	25
LPSHC1272-22	GEOYGD	35
LPSHC1273-22	GEOYGD	44
LPSHC1274-22	GEOYGD	38
LPSHC1275-22	GEOYGD	40
LPSHC1276-22	GEOYGD	27
LPSHC1277-22	GEOYGD	30
LPSHC1278-22	GEOYGD	31
LPSHC1279-22	GEOYGD	27
LPSHC1280-22	GEOYGD	35
LPSHC1281-22	GEOYGD	36
LPSHC128-22	GEOYGD	39
LPSHC1282-22	GEOYGD	41
LPSHC1283-22	GEOYGD	39
LPSHC1284-22	GEOYGD	41
LPSHC1285-22	GEOYGD	48
LPSHC1286-22	GEOYGD	21
LPSHC1287-22	GEOYGD	39
LPSHC1288-22	GEOYGD	38
LPSHC1289-22	GEOYGD	48
LPSHC1290-22	GEOYGD	26
LPSHC1291-22	GEOYGD	46
LPSHC129-22	GEOYGD	33
LPSHC1292-22	GEOYGD	50
LPSHC1293-22	GEOYGD	39
LPSHC1294-22	GEOYGD	35
LPSHC1295-22	GEOYGD	35
LPSHC1296-22	GEOYGD	19
LPSHC1297-22	GEOYGD	25
LPSHC1298-22	GEOYGD	24
LPSHC1299-22	GEOYGD	29
LPSHC1300-22	GEOYGD	34
LPSHC1301-22	GEOYGD	24
LPSHC130-22	GEOYGD	9
LPSHC1302-22	GEOYGD	29
LPSHC1303-22	GEOYGD	29
LPSHC1304-22	GEOYGD	9
LPSHC1305-22	GEOYGD	46
LPSHC1306-22	GEOYGD	38
LPSHC1307-22	GEOYGD	45
LPSHC1308-22	GEOYGD	28
LPSHC1309-22	GEOYGD	58
LPSHC1310-22	GEOYGD	35
LPSHC1311-22	GEOYGD	38
LPSHC131-22	GEOYGD	40
LPSHC1312-22	GEOYGD	49
LPSHC1313-22	GEOYGD	32
LPSHC1314-22	GEOYGD	38
LPSHC1315-22	GEOYGD	41
LPSHC1316-22	GEOYGD	34
LPSHC1317-22	GEOYGD	44
LPSHC1318-22	GEOYGD	30
LPSHC1319-22	GEOYGD	38
LPSHC1320-22	GEOYGD	44
LPSHC1321-22	GEOYGD	27
LPSHC132-22	GEOYGD	19
LPSHC1322-22	GEOYGD	38
LPSHC1323-22	GEOYGD	51
LPSHC1324-22	GEOYGD	33
LPSHC1325-22	GEOYGD	32
LPSHC1326-22	GEOYGD	31
LPSHC1327-22	GEOYGD	32
LPSHC1328-22	GEOYGD	32
LPSHC1329-22	GEOYGD	32
LPSHC1330-22	GEOYGD	42
LPSHC1331-22	GEOYGD	45
LPSHC133-22	GEOYGD	34
LPSHC1332-22	GEOYGD	33
LPSHC1333-22	GEOYGD	11
LPSHC1334-22	GEOYGD	35
LPSHC1335-22	GEOYGD	47
LPSHC1336-22	GEOYGD	45
LPSHC1337-22	GEOYGD	37
LPSHC1338-22	GEOYGD	28
LPSHC1339-22	GEOYGD	19
LPSHC1340-22	GEOYGD	28
LPSHC1341-22	GEOYGD	45
LPSHC134-22	GEOYGD	28
LPSHC1342-22	GEOYGD	38
LPSHC1343-22	GEOYGD	49
LPSHC1344-22	GEOYGD	21
LPSHC1345-22	GEOYGD	43
LPSHC1346-22	GEOYGD	35
LPSHC1347-22	GEOYGD	42
LPSHC1348-22	GEOYGD	30
LPSHC1349-22	GEOYGD	33
LPSHC1350-22	GEOYGD	36
LPSHC1351-22	GEOYGD	31
LPSHC135-22	GEOYGD	20
LPSHC1352-22	GEOYGD	20
LPSHC1353-22	GEOYGD	35
LPSHC1354-22	GEOYGD	47
LPSHC1355-22	GEOYGD	20
LPSHC1356-22	GEOYGD	38
LPSHC1357-22	GEOYGD	30
LPSHC1358-22	GEOYGD	31
LPSHC1359-22	GEOYGD	43
LPSHC1360-22	GEOYGD	35
LPSHC1361-22	GEOYGD	53
LPSHC136-22	GEOYGD	11
LPSHC1362-22	GEOYGD	37
LPSHC1363-22	GEOYGD	24
LPSHC1364-22	GEOYGD	46
LPSHC1365-22	GEOYGD	51
LPSHC1366-22	GEOYGD	42
LPSHC1367-22	GEOYGD	29
LPSHC1368-22	GEOYGD	38
LPSHC1369-22	GEOYGD	62
LPSHC1370-22	GEOYGD	38
LPSHC1371-22	GEOYGD	39
LPSHC137-22	GEOYGD	5
LPSHC1372-22	GEOYGD	37
LPSHC1373-22	GEOYGD	38
LPSHC1374-22	GEOYGD	43
LPSHC1375-22	GEOYGD	32
LPSHC1376-22	GEOYGD	33
LPSHC1377-22	GEOYGD	40
LPSHC1378-22	GEOYGD	50
LPSHC1379-22	GEOYGD	32
LPSHC1380-22	GEOYGD	11
LPSHC1381-22	GEOYGD	40
LPSHC138-22	GEOYGD	30
LPSHC1382-22	GEOYGD	42
LPSHC1383-22	GEOYGD	42
LPSHC1384-22	GEOYGD	25
LPSHC1385-22	GEOYGD	31
LPSHC1386-22	GEOYGD	39
LPSHC1387-22	GEOYGD	45
LPSHC1388-22	GEOYGD	15
LPSHC1389-22	GEOYGD	34
LPSHC1390-22	GEOYGD	51
LPSHC1391-22	GEOYGD	51
LPSHC139-22	GEOYGD	38
LPSHC1392-22	GEOYGD	33
LPSHC1393-22	GEOYGD	41
LPSHC1394-22	GEOYGD	21
LPSHC1395-22	GEOYGD	31
LPSHC1396-22	GEOYGD	34
LPSHC1397-22	GEOYGD	55
LPSHC1398-22	GEOYGD	39
LPSHC1399-22	GEOYGD	45
LPSHC1400-22	GEOYGD	38
LPSHC1401-22	GEOYGD	41
LPSHC140-22	GEOYGD	14
LPSHC1402-22	GEOYGD	50
LPSHC1403-22	GEOYGD	36
LPSHC1404-22	GEOYGD	40
LPSHC1405-22	GEOYGD	39
LPSHC1406-22	GEOYGD	36
LPSHC1407-22	GEOYGD	45
LPSHC1408-22	GEOYGD	36
LPSHC1409-22	GEOYGD	32
LPSHC1410-22	GEOYGD	54
LPSHC1411-22	GEOYGD	52
LPSHC141-22	GEOYGD	7
LPSHC1412-22	GEOYGD	53
LPSHC1413-22	GEOYGD	35
LPSHC1414-22	GEOYGD	34
LPSHC1415-22	GEOYGD	38
LPSHC1416-22	GEOYGD	44
LPSHC1417-22	GEOYGD	43
LPSHC1418-22	GEOYGD	42
LPSHC1419-22	GEOYGD	51
LPSHC1420-22	GEOYGD	41
LPSHC1421-22	GEOYGD	36
LPSHC142-22	GEOYGD	45
LPSHC1422-22	GEOYGD	42
LPSHC1423-22	GEOYGD	44
LPSHC1424-22	GEOYGD	52
LPSHC1425-22	GEOYGD	43
LPSHC1426-22	GEOYGD	45
LPSHC1427-22	GEOYGD	43
LPSHC1428-22	GEOYGD	25
LPSHC1429-22	GEOYGD	43
LPSHC1430-22	GEOYGD	38
LPSHC1431-22	GEOYGD	38
LPSHC143-22	GEOYGD	39
LPSHC1432-22	GEOYGD	28
LPSHC1433-22	GEOYGD	46
LPSHC1434-22	GEOYGD	23
LPSHC1435-22	GEOYGD	60
LPSHC1436-22	GEOYGD	29
LPSHC1437-22	GEOYGD	33
LPSHC1438-22	GEOYGD	26
LPSHC1439-22	GEOYGD	39
LPSHC1440-22	GEOYGD	27
LPSHC1441-22	GEOYGD	29
LPSHC144-22	GEOYGD	11
LPSHC1442-22	GEOYGD	6
LPSHC1443-22	GEOYGD	44
LPSHC1444-22	GEOYGD	31
LPSHC1445-22	GEOYGD	25
LPSHC1446-22	GEOYGD	43
LPSHC1447-22	GEOYGD	43
LPSHC1448-22	GEOYGD	33
LPSHC1449-22	GEOYGD	44
LPSHC1450-22	GEOYGD	46
LPSHC1451-22	GEOYGD	35
LPSHC145-22	GEOYGD	11
LPSHC1452-22	GEOYGD	36
LPSHC1453-22	GEOYGD	25
LPSHC1454-22	GEOYGD	36
LPSHC1455-22	GEOYGD	45
LPSHC1456-22	GEOYGD	9
LPSHC1457-22	GEOYGD	24
LPSHC1458-22	GEOYGD	40
LPSHC1459-22	GEOYGD	48
LPSHC1460-22	GEOYGD	37
LPSHC1461-22	GEOYGD	25
LPSHC146-22	GEOYGD	28
LPSHC1462-22	GEOYGD	31
LPSHC1463-22	GEOYGD	19
LPSHC1464-22	GEOYGD	28
LPSHC1465-22	GEOYGD	39
LPSHC1466-22	GEOYGD	32
LPSHC1467-22	GEOYGD	53
LPSHC1468-22	GEOYGD	38
LPSHC1469-22	GEOYGD	4
LPSHC1470-22	GEOYGD	49
LPSHC1471-22	GEOYGD	44
LPSHC147-22	GEOYGD	31
LPSHC1472-22	GEOYGD	28
LPSHC1473-22	GEOYGD	42
LPSHC1474-22	GEOYGD	28
LPSHC1475-22	GEOYGD	45
LPSHC1476-22	GEOYGD	26
LPSHC1477-22	GEOYGD	31
LPSHC1478-22	GEOYGD	35
LPSHC1479-22	GEOYGD	39
LPSHC1480-22	GEOYGD	39
LPSHC1481-22	GEOYGD	40
LPSHC148-22	GEOYGD	22
LPSHC1482-22	GEOYGD	36
LPSHC1483-22	GEOYGD	37
LPSHC1484-22	GEOYGD	45
LPSHC1485-22	GEOYGD	24
LPSHC1486-22	GEOYGD	38
LPSHC1487-22	GEOYGD	38
LPSHC1488-22	GEOYGD	9
LPSHC1489-22	GEOYGD	41
LPSHC1490-22	GEOYGD	42
LPSHC1491-22	GEOYGD	44
LPSHC149-22	GEOYGD	24
LPSHC1492-22	GEOYGD	33
LPSHC1493-22	GEOYGD	36
LPSHC1494-22	GEOYGD	47
LPSHC1495-22	GEOYGD	34
LPSHC1496-22	GEOYGD	35
LPSHC1497-22	GEOYGD	48
LPSHC1498-22	GEOYGD	40
LPSHC1499-22	GEOYGD	29
LPSHC1500-22	GEOYGD	31
LPSHC1501-22	GEOYGD	43
LPSHC150-22	GEOYGD	8
LPSHC1502-22	GEOYGD	38
LPSHC1503-22	GEOYGD	49
LPSHC1504-22	GEOYGD	41
LPSHC1505-22	GEOYGD	52
LPSHC1506-22	GEOYGD	41
LPSHC1507-22	GEOYGD	39
LPSHC1508-22	GEOYGD	43
LPSHC1509-22	GEOYGD	45
LPSHC1510-22	GEOYGD	30
LPSHC1511-22	GEOYGD	28
LPSHC151-22	GEOYGD	9
LPSHC1512-22	GEOYGD	45
LPSHC1513-22	GEOYGD	37
LPSHC1514-22	GEOYGD	20
LPSHC1515-22	GEOYGD	33
LPSHC1516-22	GEOYGD	40
LPSHC1517-22	GEOYGD	24
LPSHC1518-22	GEOYGD	53
LPSHC1519-22	GEOYGD	36
LPSHC1520-22	GEOYGD	38
LPSHC1521-22	GEOYGD	26
LPSHC152-22	GEOYGD	29
LPSHC1522-22	GEOYGD	31
LPSHC1523-22	GEOYGD	7
LPSHC1524-22	GEOYGD	24
LPSHC1525-22	GEOYGD	40
LPSHC1526-22	GEOYGD	28
LPSHC1527-22	GEOYGD	21
LPSHC1528-22	GEOYGD	22
LPSHC1529-22	GEOYGD	44
LPSHC1530-22	GEOYGD	48
LPSHC1531-22	GEOYGD	33
LPSHC153-22	GEOYGD	9
LPSHC1532-22	GEOYGD	20
LPSHC1533-22	GEOYGD	21
LPSHC1534-22	GEOYGD	54
LPSHC1535-22	GEOYGD	59
LPSHC1536-22	GEOYGD	61
LPSHC1537-22	GEOYGD	64
LPSHC1538-22	GEOYGD	28
LPSHC1539-22	GEOYGD	21
LPSHC1541-22	GEOYGD	29
LPSHC154-22	GEOYGD	51
LPSHC1542-22	GEOYGD	38
LPSHC1543-22	GEOYGD	36
LPSHC1544-22	GEOYGD	18
LPSHC1545-22	GEOYGD	21
LPSHC1546-22	GEOYGD	30
LPSHC1547-22	GEOYGD	52
LPSHC1548-22	GEOYGD	4
LPSHC1549-22	GEOYGD	79
LPSHC1550-22	GEOYGD	49
LPSHC155-22	GEOYGD	63
LPSHC1552-22	GEOYGD	40
LPSHC1554-22	GEOYGD	24
LPSHC1555-22	GEOYGD	20
LPSHC1556-22	GEOYGD	41
LPSHC1557-22	GEOYGD	47
LPSHC1558-22	GEOYGD	62
LPSHC1559-22	GEOYGD	57
LPSHC1560-22	GEOYGD	53
LPSHC1561-22	GEOYGD	45
LPSHC156-22	GEOYGD	50
LPSHC1562-22	GEOYGD	44
LPSHC1563-22	GEOYGD	70
LPSHC1564-22	GEOYGD	38
LPSHC1565-22	GEOYGD	39
LPSHC1566-22	GEOYGD	3
LPSHC1567-22	GEOYGD	33
LPSHC1568-22	GEOYGD	55
LPSHC1569-22	GEOYGD	51
LPSHC1570-22	GEOYGD	40
LPSHC1571-22	GEOYGD	54
LPSHC157-22	GEOYGD	6
LPSHC1572-22	GEOYGD	36
LPSHC1573-22	GEOYGD	39
LPSHC1574-22	GEOYGD	48
LPSHC1575-22	GEOYGD	53
LPSHC1576-22	GEOYGD	50
LPSHC1577-22	GEOYGD	40
LPSHC1578-22	GEOYGD	45
LPSHC1579-22	GEOYGD	52
LPSHC1580-22	GEOYGD	43
LPSHC1581-22	GEOYGD	57
LPSHC158-22	GEOYGD	10
LPSHC1582-22	GEOYGD	32
LPSHC1583-22	GEOYGD	53
LPSHC1584-22	GEOYGD	49
LPSHC1585-22	GEOYGD	54
LPSHC1586-22	GEOYGD	64
LPSHC1587-22	GEOYGD	47
LPSHC1588-22	GEOYGD	54
LPSHC1589-22	GEOYGD	51
LPSHC1590-22	GEOYGD	42
LPSHC1591-22	GEOYGD	42
LPSHC159-22	GEOYGD	23
LPSHC1592-22	GEOYGD	70
LPSHC1593-22	GEOYGD	45
LPSHC1594-22	GEOYGD	58
LPSHC1595-22	GEOYGD	16
LPSHC1596-22	GEOYGD	42
LPSHC1597-22	GEOYGD	52
LPSHC1598-22	GEOYGD	44
LPSHC1599-22	GEOYGD	18
LPSHC1600-22	GEOYGD	49
LPSHC1601-22	GEOYGD	53
LPSHC160-22	GEOYGD	35
LPSHC1602-22	GEOYGD	61
LPSHC1603-22	GEOYGD	63
LPSHC1604-22	GEOYGD	64
LPSHC1605-22	GEOYGD	25
LPSHC1606-22	GEOYGD	54
LPSHC1607-22	GEOYGD	74
LPSHC1608-22	GEOYGD	54
LPSHC1609-22	GEOYGD	60
LPSHC1610-22	GEOYGD	38
LPSHC1611-22	GEOYGD	39
LPSHC161-22	GEOYGD	17
LPSHC1612-22	GEOYGD	50
LPSHC1613-22	GEOYGD	66
LPSHC1614-22	GEOYGD	66
LPSHC1615-22	GEOYGD	47
LPSHC1616-22	GEOYGD	75
LPSHC1617-22	GEOYGD	53
LPSHC1618-22	GEOYGD	48
LPSHC1619-22	GEOYGD	45
LPSHC1620-22	GEOYGD	49
LPSHC1621-22	GEOYGD	49
LPSHC162-22	GEOYGD	24
LPSHC1622-22	GEOYGD	30
LPSHC1623-22	GEOYGD	35
LPSHC1624-22	GEOYGD	25
LPSHC1625-22	GEOYGD	40
LPSHC1626-22	GEOYGD	45
LPSHC1627-22	GEOYGD	60
LPSHC1628-22	GEOYGD	31
LPSHC1629-22	GEOYGD	48
LPSHC1630-22	GEOYGD	57
LPSHC1631-22	GEOYGD	36
LPSHC163-22	GEOYGD	14
LPSHC1632-22	GEOYGD	41
LPSHC1633-22	GEOYGD	61
LPSHC1635-22	GEOYGD	47
LPSHC1636-22	GEOYGD	22
LPSHC1637-22	GEOYGD	49
LPSHC1638-22	GEOYGD	14
LPSHC1639-22	GEOYGD	50
LPSHC1640-22	GEOYGD	19
LPSHC1641-22	GEOYGD	17
LPSHC164-22	GEOYGD	15
LPSHC1642-22	GEOYGD	55
LPSHC1643-22	GEOYGD	53
LPSHC1644-22	GEOYGD	43
LPSHC1645-22	GEOYGD	43
LPSHC1646-22	GEOYGD	35
LPSHC1647-22	GEOYGD	41
LPSHC1648-22	GEOYGD	34
LPSHC1649-22	GEOYGD	50
LPSHC1650-22	GEOYGD	23
LPSHC1651-22	GEOYGD	31
LPSHC165-22	GEOYGD	25
LPSHC1652-22	GEOYGD	47
LPSHC1653-22	GEOYGD	9
LPSHC1654-22	GEOYGD	17
LPSHC1655-22	GEOYGD	52
LPSHC1656-22	GEOYGD	37
LPSHC1657-22	GEOYGD	33
LPSHC1658-22	GEOYGD	30
LPSHC1659-22	GEOYGD	24
LPSHC1660-22	GEOYGD	41
LPSHC1661-22	GEOYGD	49
LPSHC166-22	GEOYGD	47
LPSHC1662-22	GEOYGD	20
LPSHC1663-22	GEOYGD	58
LPSHC1664-22	GEOYGD	37
LPSHC1665-22	GEOYGD	35
LPSHC1666-22	GEOYGD	35
LPSHC1667-22	GEOYGD	22
LPSHC1668-22	GEOYGD	43
LPSHC1669-22	GEOYGD	38
LPSHC1670-22	GEOYGD	37
LPSHC1671-22	GEOYGD	27
LPSHC167-22	GEOYGD	42
LPSHC1672-22	GEOYGD	11
LPSHC1673-22	GEOYGD	37
LPSHC1674-22	GEOYGD	34
LPSHC1675-22	GEOYGD	56
LPSHC1676-22	GEOYGD	27
LPSHC1677-22	GEOYGD	25
LPSHC1678-22	GEOYGD	43
LPSHC1679-22	GEOYGD	24
LPSHC1680-22	GEOYGD	38
LPSHC1681-22	GEOYGD	42
LPSHC168-22	GEOYGD	8
LPSHC1682-22	GEOYGD	18
LPSHC1683-22	GEOYGD	22
LPSHC1684-22	GEOYGD	22
LPSHC1685-22	GEOYGD	39
LPSHC1686-22	GEOYGD	25
LPSHC1687-22	GEOYGD	31
LPSHC1688-22	GEOYGD	50
LPSHC1689-22	GEOYGD	14
LPSHC1690-22	GEOYGD	51
LPSHC1691-22	GEOYGD	28
LPSHC169-22	GEOYGD	37
LPSHC1692-22	GEOYGD	44
LPSHC1693-22	GEOYGD	32
LPSHC1694-22	GEOYGD	24
LPSHC1695-22	GEOYGD	37
LPSHC1696-22	GEOYGD	25
LPSHC1697-22	GEOYGD	26
LPSHC1698-22	GEOYGD	46
LPSHC1699-22	GEOYGD	54
LPSHC1700-22	GEOYGD	52
LPSHC1701-22	GEOYGD	55
LPSHC170-22	GEOYGD	18
LPSHC1702-22	GEOYGD	40
LPSHC1703-22	GEOYGD	30
LPSHC1704-22	GEOYGD	40
LPSHC1705-22	GEOYGD	35
LPSHC1706-22	GEOYGD	48
LPSHC1707-22	GEOYGD	43
LPSHC1708-22	GEOYGD	42
LPSHC1709-22	GEOYGD	52
LPSHC1710-22	GEOYGD	34
LPSHC1711-22	GEOYGD	60
LPSHC171-22	GEOYGD	17
LPSHC1712-22	GEOYGD	52
LPSHC1713-22	GEOYGD	15
LPSHC1714-22	GEOYGD	28
LPSHC1715-22	GEOYGD	50
LPSHC1716-22	GEOYGD	38
LPSHC1717-22	GEOYGD	40
LPSHC1718-22	GEOYGD	40
LPSHC1719-22	GEOYGD	4
LPSHC1720-22	GEOYGD	18
LPSHC1721-22	GEOYGD	59
LPSHC172-22	GEOYGD	28
LPSHC1722-22	GEOYGD	51
LPSHC1723-22	GEOYGD	40
LPSHC1724-22	GEOYGD	44
LPSHC1725-22	GEOYGD	11
LPSHC1726-22	GEOYGD	21
LPSHC1727-22	GEOYGD	33
LPSHC1728-22	GEOYGD	26
LPSHC1729-22	GEOYGD	28
LPSHC1730-22	GEOYGD	33
LPSHC1731-22	GEOYGD	31
LPSHC173-22	GEOYGD	3
LPSHC1732-22	GEOYGD	37
LPSHC1733-22	GEOYGD	45
LPSHC1734-22	GEOYGD	3
LPSHC1735-22	GEOYGD	17
LPSHC1736-22	GEOYGD	16
LPSHC1737-22	GEOYGD	18
LPSHC1738-22	GEOYGD	24
LPSHC1739-22	GEOYGD	7
LPSHC1740-22	GEOYGD	19
LPSHC1741-22	GEOYGD	38
LPSHC174-22	GEOYGD	19
LPSHC1742-22	GEOYGD	14
LPSHC1743-22	GEOYGD	3
LPSHC1744-22	GEOYGD	23
LPSHC1745-22	GEOYGD	39
LPSHC1746-22	GEOYGD	19
LPSHC1747-22	GEOYGD	33
LPSHC1748-22	GEOYGD	25
LPSHC175-22	GEOYGD	21
LPSHC176-22	GEOYGD	28
LPSHC177-22	GEOYGD	33
LPSHC178-22	GEOYGD	46
LPSHC179-22	GEOYGD	43
LPSHC180-22	GEOYGD	51
LPSHC181-22	GEOYGD	26
LPSHC182-22	GEOYGD	9
LPSHC183-22	GEOYGD	28
LPSHC184-22	GEOYGD	20
LPSHC185-22	GEOYGD	32
LPSHC186-22	GEOYGD	17
LPSHC188-22	GEOYGD	12
LPSHC189-22	GEOYGD	37
LPSHC190-22	GEOYGD	13
LPSHC191-22	GEOYGD	34
LPSHC193-22	GEOYGD	24
LPSHC194-22	GEOYGD	17
LPSHC195-22	GEOYGD	40
LPSHC196-22	GEOYGD	8
LPSHC197-22	GEOYGD	27
LPSHC198-22	GEOYGD	24
LPSHC199-22	GEOYGD	28
LPSHC200-22	GEOYGD	25
LPSHC201-22	GEOYGD	34
LPSHC202-22	GEOYGD	44
LPSHC203-22	GEOYGD	39
LPSHC204-22	GEOYGD	38
LPSHC205-22	GEOYGD	24
LPSHC206-22	GEOYGD	31
LPSHC207-22	GEOYGD	28
LPSHC208-22	GEOYGD	18
LPSHC209-22	GEOYGD	23
LPSHC210-22	GEOYGD	36
LPSHC211-22	GEOYGD	25
LPSHC212-22	GEOYGD	38
LPSHC214-22	GEOYGD	17
LPSHC215-22	GEOYGD	48
LPSHC216-22	GEOYGD	40
LPSHC217-22	GEOYGD	28
LPSHC218-22	GEOYGD	35
LPSHC219-22	GEOYGD	32
LPSHC220-22	GEOYGD	33
LPSHC221-22	GEOYGD	11
LPSHC222-22	GEOYGD	27
LPSHC223-22	GEOYGD	12
LPSHC224-22	GEOYGD	33
LPSHC225-22	GEOYGD	42
LPSHC226-22	GEOYGD	12
LPSHC227-22	GEOYGD	36
LPSHC228-22	GEOYGD	30
LPSHC229-22	GEOYGD	16
LPSHC230-22	GEOYGD	40
LPSHC231-22	GEOYGD	30
LPSHC232-22	GEOYGD	40
LPSHC233-22	GEOYGD	30
LPSHC234-22	GEOYGD	37
LPSHC235-22	GEOYGD	26
LPSHC236-22	GEOYGD	39
LPSHC237-22	GEOYGD	30
LPSHC238-22	GEOYGD	9
LPSHC239-22	GEOYGD	6
LPSHC240-22	GEOYGD	25
LPSHC241-22	GEOYGD	26
LPSHC242-22	GEOYGD	31
LPSHC243-22	GEOYGD	38
LPSHC245-22	GEOYGD	24
LPSHC246-22	GEOYGD	23
LPSHC247-22	GEOYGD	16
LPSHC248-22	GEOYGD	35
LPSHC249-22	GEOYGD	24
LPSHC250-22	GEOYGD	20
LPSHC251-22	GEOYGD	10
LPSHC252-22	GEOYGD	38
LPSHC253-22	GEOYGD	32
LPSHC254-22	GEOYGD	29
LPSHC255-22	GEOYGD	18
LPSHC256-22	GEOYGD	29
LPSHC258-22	GEOYGD	12
LPSHC259-22	GEOYGD	7
LPSHC260-22	GEOYGD	24
LPSHC261-22	GEOYGD	22
LPSHC262-22	GEOYGD	44
LPSHC263-22	GEOYGD	47
LPSHC264-22	GEOYGD	48
LPSHC265-22	GEOYGD	50
LPSHC266-22	GEOYGD	20
LPSHC267-22	GEOYGD	35
LPSHC268-22	GEOYGD	17
LPSHC269-22	GEOYGD	31
LPSHC270-22	GEOYGD	21
LPSHC271-22	GEOYGD	6
LPSHC272-22	GEOYGD	24
LPSHC273-22	GEOYGD	24
LPSHC274-22	GEOYGD	57
LPSHC275-22	GEOYGD	49
LPSHC276-22	GEOYGD	45
LPSHC277-22	GEOYGD	52
LPSHC278-22	GEOYGD	10
LPSHC279-22	GEOYGD	41
LPSHC280-22	GEOYGD	36
LPSHC281-22	GEOYGD	50
LPSHC282-22	GEOYGD	52
LPSHC283-22	GEOYGD	43
LPSHC284-22	GEOYGD	30
LPSHC285-22	GEOYGD	38
LPSHC286-22	GEOYGD	36
LPSHC287-22	GEOYGD	36
LPSHC288-22	GEOYGD	37
LPSHC289-22	GEOYGD	27
LPSHC291-22	GEOYGD	34
LPSHC292-22	GEOYGD	25
LPSHC293-22	GEOYGD	43
LPSHC294-22	GEOYGD	42
LPSHC295-22	GEOYGD	39
LPSHC296-22	GEOYGD	41
LPSHC297-22	GEOYGD	61
LPSHC298-22	GEOYGD	44
LPSHC299-22	GEOYGD	36
LPSHC300-22	GEOYGD	42
LPSHC301-22	GEOYGD	35
LPSHC302-22	GEOYGD	49
LPSHC303-22	GEOYGD	57
LPSHC304-22	GEOYGD	43
LPSHC305-22	GEOYGD	19
LPSHC306-22	GEOYGD	49
LPSHC307-22	GEOYGD	57
LPSHC308-22	GEOYGD	41
LPSHC309-22	GEOYGD	52
LPSHC310-22	GEOYGD	48
LPSHC311-22	GEOYGD	47
LPSHC312-22	GEOYGD	6
LPSHC313-22	GEOYGD	47
LPSHC314-22	GEOYGD	35
LPSHC315-22	GEOYGD	42
LPSHC316-22	GEOYGD	25
LPSHC317-22	GEOYGD	6
LPSHC318-22	GEOYGD	35
LPSHC319-22	GEOYGD	55
LPSHC320-22	GEOYGD	27
LPSHC321-22	GEOYGD	46
LPSHC322-22	GEOYGD	49
LPSHC323-22	GEOYGD	33
LPSHC324-22	GEOYGD	31
LPSHC325-22	GEOYGD	33
LPSHC326-22	GEOYGD	27
LPSHC327-22	GEOYGD	45
LPSHC328-22	GEOYGD	50
LPSHC329-22	GEOYGD	35
LPSHC330-22	GEOYGD	47
LPSHC331-22	GEOYGD	45
LPSHC332-22	GEOYGD	23
LPSHC333-22	GEOYGD	29
LPSHC334-22	GEOYGD	51
LPSHC335-22	GEOYGD	40
LPSHC336-22	GEOYGD	45
LPSHC337-22	GEOYGD	38
LPSHC338-22	GEOYGD	26
LPSHC339-22	GEOYGD	30
LPSHC340-22	GEOYGD	41
LPSHC341-22	GEOYGD	25
LPSHC342-22	GEOYGD	36
LPSHC343-22	GEOYGD	19
LPSHC344-22	GEOYGD	34
LPSHC345-22	GEOYGD	45
LPSHC346-22	GEOYGD	33
LPSHC347-22	GEOYGD	25
LPSHC348-22	GEOYGD	36
LPSHC349-22	GEOYGD	27
LPSHC350-22	GEOYGD	45
LPSHC351-22	GEOYGD	35
LPSHC352-22	GEOYGD	41
LPSHC353-22	GEOYGD	28
LPSHC354-22	GEOYGD	21
LPSHC355-22	GEOYGD	27
LPSHC356-22	GEOYGD	40
LPSHC357-22	GEOYGD	49
LPSHC358-22	GEOYGD	51
LPSHC359-22	GEOYGD	31
LPSHC360-22	GEOYGD	26
LPSHC361-22	GEOYGD	46
LPSHC362-22	GEOYGD	38
LPSHC363-22	GEOYGD	39
LPSHC364-22	GEOYGD	39
LPSHC365-22	GEOYGD	33
LPSHC366-22	GEOYGD	25
LPSHC367-22	GEOYGD	22
LPSHC368-22	GEOYGD	31
LPSHC369-22	GEOYGD	69
LPSHC370-22	GEOYGD	7
LPSHC371-22	GEOYGD	21
LPSHC372-22	GEOYGD	44
LPSHC373-22	GEOYGD	37
LPSHC374-22	GEOYGD	48
LPSHC375-22	GEOYGD	56
LPSHC376-22	GEOYGD	51
LPSHC377-22	GEOYGD	13
LPSHC378-22	GEOYGD	39
LPSHC379-22	GEOYGD	48
LPSHC380-22	GEOYGD	47
LPSHC381-22	GEOYGD	56
LPSHC382-22	GEOYGD	45
LPSHC383-22	GEOYGD	48
LPSHC384-22	GEOYGD	47
LPSHC385-22	GEOYGD	45
LPSHC386-22	GEOYGD	47
LPSHC387-22	GEOYGD	35
LPSHC388-22	GEOYGD	55
LPSHC389-22	GEOYGD	54
LPSHC390-22	GEOYGD	53
LPSHC391-22	GEOYGD	54
LPSHC392-22	GEOYGD	45
LPSHC393-22	GEOYGD	30
LPSHC394-22	GEOYGD	32
LPSHC395-22	GEOYGD	15
LPSHC396-22	GEOYGD	30
LPSHC397-22	GEOYGD	36
LPSHC398-22	GEOYGD	45
LPSHC399-22	GEOYGD	35
LPSHC400-22	GEOYGD	45
LPSHC401-22	GEOYGD	47
LPSHC402-22	GEOYGD	34
LPSHC403-22	GEOYGD	38
LPSHC404-22	GEOYGD	34
LPSHC405-22	GEOYGD	15
LPSHC406-22	GEOYGD	31
LPSHC407-22	GEOYGD	31
LPSHC408-22	GEOYGD	40
LPSHC409-22	GEOYGD	40
LPSHC410-22	GEOYGD	25
LPSHC411-22	GEOYGD	32
LPSHC412-22	GEOYGD	24
LPSHC413-22	GEOYGD	38
LPSHC414-22	GEOYGD	46
LPSHC415-22	GEOYGD	49
LPSHC416-22	GEOYGD	35
LPSHC417-22	GEOYGD	35
LPSHC418-22	GEOYGD	38
LPSHC419-22	GEOYGD	10
LPSHC420-22	GEOYGD	39
LPSHC421-22	GEOYGD	9
LPSHC422-22	GEOYGD	41
LPSHC423-22	GEOYGD	39
LPSHC424-22	GEOYGD	24
LPSHC425-22	GEOYGD	43
LPSHC426-22	GEOYGD	51
LPSHC427-22	GEOYGD	37
LPSHC428-22	GEOYGD	20
LPSHC429-22	GEOYGD	34
LPSHC430-22	GEOYGD	38
LPSHC431-22	GEOYGD	20
LPSHC432-22	GEOYGD	39
LPSHC433-22	GEOYGD	41
LPSHC434-22	GEOYGD	29
LPSHC435-22	GEOYGD	15
LPSHC436-22	GEOYGD	45
LPSHC437-22	GEOYGD	46
LPSHC438-22	GEOYGD	50
LPSHC439-22	GEOYGD	50
LPSHC440-22	GEOYGD	26
LPSHC441-22	GEOYGD	30
LPSHC442-22	GEOYGD	21
LPSHC443-22	GEOYGD	41
LPSHC444-22	GEOYGD	40
LPSHC445-22	GEOYGD	40
LPSHC446-22	GEOYGD	26
LPSHC447-22	GEOYGD	29
LPSHC448-22	GEOYGD	11
LPSHC450-22	GEOYGD	34
LPSHC451-22	GEOYGD	29
LPSHC452-22	GEOYGD	37
LPSHC453-22	GEOYGD	41
LPSHC454-22	GEOYGD	47
LPSHC455-22	GEOYGD	42
LPSHC456-22	GEOYGD	51
LPSHC457-22	GEOYGD	36
LPSHC458-22	GEOYGD	54
LPSHC459-22	GEOYGD	36
LPSHC460-22	GEOYGD	46
LPSHC461-22	GEOYGD	52
LPSHC462-22	GEOYGD	56
LPSHC463-22	GEOYGD	50
LPSHC464-22	GEOYGD	24
LPSHC465-22	GEOYGD	34
LPSHC466-22	GEOYGD	48
LPSHC467-22	GEOYGD	32
LPSHC468-22	GEOYGD	42
LPSHC469-22	GEOYGD	57
LPSHC470-22	GEOYGD	60
LPSHC471-22	GEOYGD	42
LPSHC472-22	GEOYGD	39
LPSHC473-22	GEOYGD	51
LPSHC474-22	GEOYGD	14
LPSHC475-22	GEOYGD	39
LPSHC476-22	GEOYGD	51
LPSHC477-22	GEOYGD	45
LPSHC478-22	GEOYGD	47
LPSHC479-22	GEOYGD	49
LPSHC480-22	GEOYGD	39
LPSHC481-22	GEOYGD	48
LPSHC482-22	GEOYGD	42
LPSHC483-22	GEOYGD	56
LPSHC484-22	GEOYGD	60
LPSHC485-22	GEOYGD	51
LPSHC486-22	GEOYGD	46
LPSHC487-22	GEOYGD	23
LPSHC488-22	GEOYGD	32
LPSHC489-22	GEOYGD	20
LPSHC490-22	GEOYGD	17
LPSHC491-22	GEOYGD	29
LPSHC492-22	GEOYGD	16
LPSHC493-22	GEOYGD	16
LPSHC494-22	GEOYGD	18
LPSHC495-22	GEOYGD	26
LPSHC496-22	GEOYGD	22
LPSHC497-22	GEOYGD	24
LPSHC498-22	GEOYGD	28
LPSHC499-22	GEOYGD	9
LPSHC500-22	GEOYGD	28
LPSHC501-22	GEOYGD	27
LPSHC502-22	GEOYGD	22
LPSHC503-22	GEOYGD	18
LPSHC504-22	GEOYGD	20
LPSHC505-22	GEOYGD	7
LPSHC506-22	GEOYGD	11
LPSHC507-22	GEOYGD	20
LPSHC508-22	GEOYGD	27
LPSHC509-22	GEOYGD	39
LPSHC510-22	GEOYGD	13
LPSHC511-22	GEOYGD	16
LPSHC512-22	GEOYGD	16
LPSHC513-22	GEOYGD	15
LPSHC514-22	GEOYGD	32
LPSHC515-22	GEOYGD	22
LPSHC516-22	GEOYGD	24
LPSHC517-22	GEOYGD	14
LPSHC518-22	GEOYGD	23
LPSHC519-22	GEOYGD	21
LPSHC520-22	GEOYGD	20
LPSHC521-22	GEOYGD	26
LPSHC522-22	GEOYGD	27
LPSHC523-22	GEOYGD	21
LPSHC524-22	GEOYGD	26
LPSHC525-22	GEOYGD	20
LPSHC526-22	GEOYGD	18
LPSHC527-22	GEOYGD	20
LPSHC528-22	GEOYGD	23
LPSHC529-22	GEOYGD	14
LPSHC530-22	GEOYGD	24
LPSHC531-22	GEOYGD	24
LPSHC532-22	GEOYGD	26
LPSHC533-22	GEOYGD	28
LPSHC534-22	GEOYGD	7
LPSHC535-22	GEOYGD	25
LPSHC537-22	GEOYGD	21
LPSHC538-22	GEOYGD	31
LPSHC539-22	GEOYGD	32
LPSHC540-22	GEOYGD	22
LPSHC541-22	GEOYGD	22
LPSHC542-22	GEOYGD	24
LPSHC543-22	GEOYGD	29
LPSHC544-22	GEOYGD	30
LPSHC545-22	GEOYGD	25
LPSHC546-22	GEOYGD	27
LPSHC547-22	GEOYGD	26
LPSHC548-22	GEOYGD	25
LPSHC549-22	GEOYGD	17
LPSHC550-22	GEOYGD	11
LPSHC551-22	GEOYGD	18
LPSHC552-22	GEOYGD	25
LPSHC553-22	GEOYGD	16
LPSHC554-22	GEOYGD	25
LPSHC555-22	GEOYGD	20
LPSHC556-22	GEOYGD	28
LPSHC557-22	GEOYGD	16
LPSHC558-22	GEOYGD	20
LPSHC559-22	GEOYGD	35
LPSHC560-22	GEOYGD	34
LPSHC561-22	GEOYGD	31
LPSHC562-22	GEOYGD	35
LPSHC563-22	GEOYGD	16
LPSHC564-22	GEOYGD	24
LPSHC565-22	GEOYGD	33
LPSHC566-22	GEOYGD	19
LPSHC567-22	GEOYGD	30
LPSHC568-22	GEOYGD	35
LPSHC569-22	GEOYGD	29
LPSHC570-22	GEOYGD	23
LPSHC571-22	GEOYGD	9
LPSHC572-22	GEOYGD	38
LPSHC573-22	GEOYGD	14
LPSHC574-22	GEOYGD	22
LPSHC575-22	GEOYGD	20
LPSHC576-22	GEOYGD	22
LPSHC577-22	GEOYGD	21
LPSHC578-22	GEOYGD	39
LPSHC579-22	GEOYGD	31
LPSHC580-22	GEOYGD	9
LPSHC581-22	GEOYGD	38
LPSHC582-22	GEOYGD	26
LPSHC583-22	GEOYGD	12
LPSHC584-22	GEOYGD	16
LPSHC585-22	GEOYGD	10
LPSHC586-22	GEOYGD	22
LPSHC587-22	GEOYGD	9
LPSHC588-22	GEOYGD	22
LPSHC589-22	GEOYGD	19
LPSHC590-22	GEOYGD	24
LPSHC591-22	GEOYGD	20
LPSHC592-22	GEOYGD	32
LPSHC593-22	GEOYGD	26
LPSHC594-22	GEOYGD	16
LPSHC595-22	GEOYGD	29
LPSHC596-22	GEOYGD	20
LPSHC597-22	GEOYGD	20
LPSHC598-22	GEOYGD	12
LPSHC599-22	GEOYGD	21
LPSHC600-22	GEOYGD	25
LPSHC601-22	GEOYGD	18
LPSHC602-22	GEOYGD	11
LPSHC603-22	GEOYGD	23
LPSHC604-22	GEOYGD	21
LPSHC605-22	GEOYGD	26
LPSHC606-22	GEOYGD	27
LPSHC607-22	GEOYGD	6
LPSHC608-22	GEOYGD	22
LPSHC609-22	GEOYGD	15
LPSHC610-22	GEOYGD	20
LPSHC611-22	GEOYGD	23
LPSHC612-22	GEOYGD	21
LPSHC613-22	GEOYGD	15
LPSHC614-22	GEOYGD	13
LPSHC615-22	GEOYGD	23
LPSHC616-22	GEOYGD	26
LPSHC617-22	GEOYGD	21
LPSHC618-22	GEOYGD	17
LPSHC619-22	GEOYGD	15
LPSHC620-22	GEOYGD	21
LPSHC621-22	GEOYGD	16
LPSHC622-22	GEOYGD	18
LPSHC623-22	GEOYGD	11
LPSHC624-22	GEOYGD	13
LPSHC625-22	GEOYGD	23
LPSHC626-22	GEOYGD	18
LPSHC627-22	GEOYGD	33
LPSHC628-22	GEOYGD	37
LPSHC629-22	GEOYGD	27
LPSHC630-22	GEOYGD	27
LPSHC631-22	GEOYGD	21
LPSHC632-22	GEOYGD	18
LPSHC633-22	GEOYGD	19
LPSHC634-22	GEOYGD	29
LPSHC635-22	GEOYGD	26
LPSHC636-22	GEOYGD	26
LPSHC637-22	GEOYGD	27
LPSHC638-22	GEOYGD	20
LPSHC639-22	GEOYGD	20
LPSHC640-22	GEOYGD	23
LPSHC641-22	GEOYGD	24
LPSHC642-22	GEOYGD	27
LPSHC643-22	GEOYGD	24
LPSHC644-22	GEOYGD	24
LPSHC645-22	GEOYGD	23
LPSHC646-22	GEOYGD	26
LPSHC647-22	GEOYGD	32
LPSHC648-22	GEOYGD	21
LPSHC649-22	GEOYGD	26
LPSHC650-22	GEOYGD	32
LPSHC651-22	GEOYGD	29
LPSHC652-22	GEOYGD	23
LPSHC653-22	GEOYGD	24
LPSHC654-22	GEOYGD	20
LPSHC655-22	GEOYGD	29
LPSHC656-22	GEOYGD	26
LPSHC657-22	GEOYGD	28
LPSHC658-22	GEOYGD	26
LPSHC659-22	GEOYGD	25
LPSHC660-22	GEOYGD	24
LPSHC661-22	GEOYGD	21
LPSHC662-22	GEOYGD	24
LPSHC663-22	GEOYGD	26
LPSHC664-22	GEOYGD	33
LPSHC665-22	GEOYGD	27
LPSHC666-22	GEOYGD	28
LPSHC667-22	GEOYGD	19
LPSHC668-22	GEOYGD	27
LPSHC669-22	GEOYGD	32
LPSHC670-22	GEOYGD	14
LPSHC671-22	GEOYGD	21
LPSHC672-22	GEOYGD	19
LPSHC673-22	GEOYGD	26
LPSHC674-22	GEOYGD	13
LPSHC676-22	GEOYGD	37
LPSHC677-22	GEOYGD	51
LPSHC678-22	GEOYGD	47
LPSHC679-22	GEOYGD	35
LPSHC680-22	GEOYGD	49
LPSHC681-22	GEOYGD	47
LPSHC682-22	GEOYGD	57
LPSHC683-22	GEOYGD	35
LPSHC684-22	GEOYGD	37
LPSHC685-22	GEOYGD	33
LPSHC686-22	GEOYGD	60
LPSHC687-22	GEOYGD	46
LPSHC688-22	GEOYGD	60
LPSHC689-22	GEOYGD	64
LPSHC690-22	GEOYGD	53
LPSHC691-22	GEOYGD	43
LPSHC692-22	GEOYGD	45
LPSHC693-22	GEOYGD	50
LPSHC694-22	GEOYGD	53
LPSHC695-22	GEOYGD	28
LPSHC696-22	GEOYGD	35
LPSHC697-22	GEOYGD	49
LPSHC698-22	GEOYGD	51
LPSHC699-22	GEOYGD	57
LPSHC700-22	GEOYGD	37
LPSHC701-22	GEOYGD	30
LPSHC702-22	GEOYGD	46
LPSHC703-22	GEOYGD	41
LPSHC704-22	GEOYGD	48
LPSHC705-22	GEOYGD	51
LPSHC706-22	GEOYGD	57
LPSHC707-22	GEOYGD	53
LPSHC708-22	GEOYGD	38
LPSHC709-22	GEOYGD	37
LPSHC710-22	GEOYGD	62
LPSHC711-22	GEOYGD	41
LPSHC712-22	GEOYGD	45
LPSHC713-22	GEOYGD	49
LPSHC714-22	GEOYGD	37
LPSHC715-22	GEOYGD	41
LPSHC716-22	GEOYGD	53
LPSHC717-22	GEOYGD	49
LPSHC718-22	GEOYGD	45
LPSHC719-22	GEOYGD	42
LPSHC720-22	GEOYGD	31
LPSHC721-22	GEOYGD	49
LPSHC722-22	GEOYGD	53
LPSHC723-22	GEOYGD	49
LPSHC724-22	GEOYGD	20
LPSHC725-22	GEOYGD	39
LPSHC726-22	GEOYGD	33
LPSHC727-22	GEOYGD	54
LPSHC728-22	GEOYGD	37
LPSHC729-22	GEOYGD	41
LPSHC730-22	GEOYGD	19
LPSHC731-22	GEOYGD	47
LPSHC732-22	GEOYGD	57
LPSHC733-22	GEOYGD	37
LPSHC734-22	GEOYGD	44
LPSHC735-22	GEOYGD	44
LPSHC736-22	GEOYGD	35
LPSHC737-22	GEOYGD	45
LPSHC738-22	GEOYGD	45
LPSHC739-22	GEOYGD	36
LPSHC740-22	GEOYGD	48
LPSHC741-22	GEOYGD	55
LPSHC743-22	GEOYGD	39
LPSHC744-22	GEOYGD	44
LPSHC745-22	GEOYGD	19
LPSHC746-22	GEOYGD	41
LPSHC747-22	GEOYGD	47
LPSHC748-22	GEOYGD	28
LPSHC749-22	GEOYGD	58
LPSHC750-22	GEOYGD	45
LPSHC751-22	GEOYGD	34
LPSHC752-22	GEOYGD	42
LPSHC753-22	GEOYGD	39
LPSHC754-22	GEOYGD	51
LPSHC755-22	GEOYGD	48
LPSHC756-22	GEOYGD	54
LPSHC757-22	GEOYGD	56
LPSHC758-22	GEOYGD	54
LPSHC759-22	GEOYGD	65
LPSHC760-22	GEOYGD	70
LPSHC761-22	GEOYGD	45
LPSHC762-22	GEOYGD	28
LPSHC763-22	GEOYGD	37
LPSHC764-22	GEOYGD	59
LPSHC765-22	GEOYGD	48
LPSHC766-22	GEOYGD	53
LPSHC767-22	GEOYGD	42
LPSHC768-22	GEOYGD	54
LPSHC769-22	GEOYGD	58
LPSHC770-22	GEOYGD	49
LPSHC771-22	GEOYGD	43
LPSHC772-22	GEOYGD	42
LPSHC773-22	GEOYGD	42
LPSHC774-22	GEOYGD	64
LPSHC775-22	GEOYGD	46
LPSHC776-22	GEOYGD	43
LPSHC777-22	GEOYGD	50
LPSHC778-22	GEOYGD	46
LPSHC779-22	GEOYGD	37
LPSHC780-22	GEOYGD	41
LPSHC781-22	GEOYGD	46
LPSHC782-22	GEOYGD	43
LPSHC783-22	GEOYGD	50
LPSHC784-22	GEOYGD	58
LPSHC785-22	GEOYGD	52
LPSHC786-22	GEOYGD	38
LPSHC787-22	GEOYGD	54
LPSHC788-22	GEOYGD	46
LPSHC789-22	GEOYGD	45
LPSHC790-22	GEOYGD	59
LPSHC791-22	GEOYGD	46
LPSHC792-22	GEOYGD	30
LPSHC793-22	GEOYGD	37
LPSHC794-22	GEOYGD	40
LPSHC795-22	GEOYGD	39
LPSHC796-22	GEOYGD	54
LPSHC797-22	GEOYGD	44
LPSHC798-22	GEOYGD	50
LPSHC799-22	GEOYGD	31
LPSHC800-22	GEOYGD	48
LPSHC801-22	GEOYGD	27
LPSHC802-22	GEOYGD	53
LPSHC803-22	GEOYGD	48
LPSHC804-22	GEOYGD	53
LPSHC805-22	GEOYGD	33
LPSHC806-22	GEOYGD	28
LPSHC807-22	GEOYGD	43
LPSHC808-22	GEOYGD	52
LPSHC809-22	GEOYGD	51
LPSHC810-22	GEOYGD	42
LPSHC811-22	GEOYGD	38
LPSHC812-22	GEOYGD	38
LPSHC813-22	GEOYGD	40
LPSHC814-22	GEOYGD	36
LPSHC815-22	GEOYGD	50
LPSHC816-22	GEOYGD	66
LPSHC817-22	GEOYGD	38
LPSHC818-22	GEOYGD	66
LPSHC819-22	GEOYGD	41
LPSHC820-22	GEOYGD	56
LPSHC821-22	GEOYGD	50
LPSHC822-22	GEOYGD	58
LPSHC823-22	GEOYGD	52
LPSHC824-22	GEOYGD	47
LPSHC825-22	GEOYGD	48
LPSHC826-22	GEOYGD	51
LPSHC827-22	GEOYGD	28
LPSHC828-22	GEOYGD	73
LPSHC829-22	GEOYGD	68
LPSHC830-22	GEOYGD	61
LPSHC831-22	GEOYGD	48
LPSHC832-22	GEOYGD	45
LPSHC833-22	GEOYGD	51
LPSHC834-22	GEOYGD	38
LPSHC835-22	GEOYGD	75
LPSHC836-22	GEOYGD	24
LPSHC837-22	GEOYGD	44
LPSHC838-22	GEOYGD	39
LPSHC839-22	GEOYGD	45
LPSHC840-22	GEOYGD	36
LPSHC841-22	GEOYGD	49
LPSHC843-22	GEOYGD	61
LPSHC844-22	GEOYGD	55
LPSHC845-22	GEOYGD	40
LPSHC846-22	GEOYGD	52
LPSHC847-22	GEOYGD	60
LPSHC848-22	GEOYGD	49
LPSHC849-22	GEOYGD	46
LPSHC850-22	GEOYGD	66
LPSHC851-22	GEOYGD	52
LPSHC852-22	GEOYGD	48
LPSHC853-22	GEOYGD	31
LPSHC854-22	GEOYGD	45
LPSHC855-22	GEOYGD	54
LPSHC856-22	GEOYGD	54
LPSHC857-22	GEOYGD	53
LPSHC858-22	GEOYGD	54
LPSHC859-22	GEOYGD	44
LPSHC860-22	GEOYGD	42
LPSHC861-22	GEOYGD	64
LPSHC862-22	GEOYGD	57
LPSHC863-22	GEOYGD	57
LPSHC864-22	GEOYGD	48
LPSHC865-22	GEOYGD	57
LPSHC866-22	GEOYGD	43
LPSHC867-22	GEOYGD	57
LPSHC868-22	GEOYGD	62
LPSHC869-22	GEOYGD	47
LPSHC870-22	GEOYGD	50
LPSHC871-22	GEOYGD	50
LPSHC872-22	GEOYGD	35
LPSHC873-22	GEOYGD	55
LPSHC874-22	GEOYGD	44
LPSHC875-22	GEOYGD	56
LPSHC876-22	GEOYGD	39
LPSHC877-22	GEOYGD	67
LPSHC878-22	GEOYGD	4
LPSHC879-22	GEOYGD	54
LPSHC880-22	GEOYGD	61
LPSHC881-22	GEOYGD	46
LPSHC882-22	GEOYGD	46
LPSHC883-22	GEOYGD	45
LPSHC884-22	GEOYGD	33
LPSHC885-22	GEOYGD	46
LPSHC886-22	GEOYGD	16
LPSHC887-22	GEOYGD	48
LPSHC888-22	GEOYGD	36
LPSHC889-22	GEOYGD	51
LPSHC890-22	GEOYGD	41
LPSHC891-22	GEOYGD	45
LPSHC892-22	GEOYGD	39
LPSHC893-22	GEOYGD	45
LPSHC894-22	GEOYGD	12
LPSHC895-22	GEOYGD	45
LPSHC896-22	GEOYGD	32
LPSHC897-22	GEOYGD	53
LPSHC898-22	GEOYGD	38
LPSHC899-22	GEOYGD	44
LPSHC900-22	GEOYGD	38
LPSHC901-22	GEOYGD	39
LPSHC902-22	GEOYGD	45
LPSHC903-22	GEOYGD	53
LPSHC904-22	GEOYGD	39
LPSHC905-22	GEOYGD	55
LPSHC906-22	GEOYGD	46
LPSHC907-22	GEOYGD	59
LPSHC908-22	GEOYGD	49
LPSHC909-22	GEOYGD	52
LPSHC910-22	GEOYGD	11
LPSHC911-22	GEOYGD	48
LPSHC912-22	GEOYGD	55
LPSHC913-22	GEOYGD	58
LPSHC914-22	GEOYGD	49
LPSHC915-22	GEOYGD	38
LPSHC916-22	GEOYGD	39
LPSHC917-22	GEOYGD	34
LPSHC918-22	GEOYGD	37
LPSHC919-22	GEOYGD	35
LPSHC920-22	GEOYGD	46
LPSHC921-22	GEOYGD	48
LPSHC922-22	GEOYGD	41
LPSHC923-22	GEOYGD	42
LPSHC924-22	GEOYGD	38
LPSHC925-22	GEOYGD	61
LPSHC926-22	GEOYGD	28
LPSHC927-22	GEOYGD	45
LPSHC928-22	GEOYGD	38
LPSHC929-22	GEOYGD	41
LPSHC930-22	GEOYGD	36
LPSHC931-22	GEOYGD	43
LPSHC932-22	GEOYGD	53
LPSHC933-22	GEOYGD	34
LPSHC934-22	GEOYGD	46
LPSHC935-22	GEOYGD	35
LPSHC936-22	GEOYGD	36
LPSHC937-22	GEOYGD	67
LPSHC938-22	GEOYGD	58
LPSHC939-22	GEOYGD	28
LPSHC940-22	GEOYGD	41
LPSHC941-22	GEOYGD	62
LPSHC942-22	GEOYGD	45
LPSHC943-22	GEOYGD	52
LPSHC944-22	GEOYGD	43
LPSHC945-22	GEOYGD	50
LPSHC946-22	GEOYGD	41
LPSHC947-22	GEOYGD	59
LPSHC948-22	GEOYGD	52
LPSHC949-22	GEOYGD	16
LPSHC950-22	GEOYGD	47
LPSHC951-22	GEOYGD	29
LPSHC952-22	GEOYGD	31
LPSHC953-22	GEOYGD	56
LPSHC954-22	GEOYGD	44
LPSHC955-22	GEOYGD	50
LPSHC956-22	GEOYGD	30
LPSHC957-22	GEOYGD	51
LPSHC958-22	GEOYGD	26
LPSHC959-22	GEOYGD	65
LPSHC960-22	GEOYGD	41
LPSHC961-22	GEOYGD	45
LPSHC962-22	GEOYGD	63
LPSHC963-22	GEOYGD	54
LPSHC964-22	GEOYGD	36
LPSHC965-22	GEOYGD	34
LPSHC966-22	GEOYGD	59
LPSHC967-22	GEOYGD	48
LPSHC968-22	GEOYGD	58
LPSHC969-22	GEOYGD	25
LPSHC970-22	GEOYGD	43
LPSHC971-22	GEOYGD	50
LPSHC972-22	GEOYGD	49
LPSHC973-22	GEOYGD	29
LPSHC974-22	GEOYGD	50
LPSHC975-22	GEOYGD	48
LPSHC976-22	GEOYGD	46
LPSHC977-22	GEOYGD	46
LPSHC978-22	GEOYGD	52
LPSHC979-22	GEOYGD	37
LPSHC980-22	GEOYGD	40
LPSHC981-22	GEOYGD	47
LPSHC982-22	GEOYGD	48
LPSHC983-22	GEOYGD	46
LPSHC984-22	GEOYGD	52
LPSHC986-22	GEOYGD	34
LPSHC987-22	GEOYGD	21
LPSHC988-22	GEOYGD	45
LPSHC989-22	GEOYGD	11
LPSHC990-22	GEOYGD	33
LPSHC991-22	GEOYGD	43
LPSHC992-22	GEOYGD	37
LPSHC993-22	GEOYGD	34
LPSHC994-22	GEOYGD	40
LPSHC995-22	GEOYGD	35
LPSHC996-22	GEOYGD	48
LPSHC997-22	GEOYGD	53
LPSHC998-22	GEOYGD	50
LPSHC999-22	GEOYGD	36
LPSHE001-22	G4N1NA	39
LPSHE002-22	G4N1NA	39
LPSHE003-22	G4N1NA	39
LPSHE004-22	G4N1NA	23
LPSHE005-22	G4N1NA	17
LPSHE006-22	G4N1NA	24
LPSHE007-22	G4N1NA	32
LPSHE008-22	G4N1NA	26
LPSHE009-22	G4N1NA	32
LPSHE010-22	G4N1NA	39
LPSHE011-22	G4N1NA	9
LPSHE012-22	G4N1NA	45
LPSHE013-22	G4N1NA	47
LPSHE014-22	G4N1NA	70
LPSHE015-22	G4N1NA	48
LPSHE016-22	G4N1NA	17
LPSHE017-22	G4N1NA	37
LPSHE018-22	G4N1NA	56
LPSHE019-22	G4N1NA	43
LPSHE020-22	G4N1NA	69
LPSHE021-22	G4N1NA	43
LPSHE022-22	G4N1NA	43
LPSHE023-22	G4N1NA	11
LPSHE024-22	G4N1NA	54
LPSHE025-22	G4N1NA	64
LPSHE026-22	G4N1NA	63
LPSHE027-22	G4N1NA	38
LPSHE028-22	G4N1NA	63
LPSHE029-22	G4N1NA	51
LPSHE030-22	G4N1NA	46
LPSHE031-22	G4N1NA	47
LPSHE032-22	G4N1NA	75
LPSHE033-22	G4N1NA	27
LPSHE034-22	G4N1NA	62
LPSHE035-22	G4N1NA	14
LPSHE036-22	G4N1NA	57
LPSHE037-22	G4N1NA	48
LPSHE038-22	G4N1NA	44
LPSHE039-22	G4N1NA	28
LPSHE040-22	G4N1NA	63
LPSHE041-22	G4N1NA	35
LPSHE042-22	G4N1NA	40
LPSHE043-22	G4N1NA	48
LPSHE044-22	G4N1NA	46
LPSHE045-22	G4N1NA	46
LPSHE046-22	G4N1NA	41
LPSHE047-22	G4N1NA	47
LPSHE048-22	G4N1NA	45
LPSHE049-22	G4N1NA	46
LPSHE050-22	G4N1NA	54
LPSHE051-22	G4N1NA	10
LPSHE052-22	G4N1NA	46
LPSHE053-22	G4N1NA	45
LPSHE054-22	G4N1NA	39
LPSHE055-22	G4N1NA	43
LPSHE056-22	G4N1NA	51
LPSHE057-22	G4N1NA	40
LPSHE058-22	G4N1NA	60
LPSHE059-22	G4N1NA	53
LPSHE060-22	G4N1NA	61
LPSHE061-22	G4N1NA	66
LPSHE062-22	G4N1NA	67
LPSHE063-22	G4N1NA	37
LPSHE064-22	G4N1NA	43
LPSHE065-22	G4N1NA	50
LPSHE066-22	G4N1NA	48
LPSHE067-22	G4N1NA	47
LPSHE068-22	G4N1NA	41
LPSHE069-22	G4N1NA	38
LPSHE070-22	G4N1NA	43
LPSHE071-22	G4N1NA	38
LPSHE072-22	G4N1NA	18
LPSHE073-22	G4N1NA	29
LPSHE074-22	G4N1NA	24
LPSHE075-22	G4N1NA	44
LPSHE076-22	G4N1NA	38
LPSHE077-22	G4N1NA	35
LPSHE078-22	G4N1NA	52
LPSHE079-22	G4N1NA	44
LPSHE080-22	G4N1NA	17
LPSHE081-22	G4N1NA	27
LPSHE082-22	G4N1NA	24
LPSHE083-22	G4N1NA	50
LPSHE084-22	G4N1NA	54
LPSHE085-22	G4N1NA	75
LPSHE086-22	G4N1NA	49
LPSHE087-22	G4N1NA	46
LPSHE088-22	G4N1NA	24
LPSHE089-22	G4N1NA	16
LPSHE090-22	G4N1NA	61
LPSHE091-22	G4N1NA	58
LPSHE092-22	G4N1NA	34
LPSHE093-22	G4N1NA	66
LPSHE094-22	G4N1NA	23
LPSHE095-22	G4N1NA	51
LPSHE096-22	G4N1NA	7
LPSHE097-22	G4N1NA	20
LPSHE098-22	G4N1NA	44
LPSHE099-22	G4N1NA	43
LPSHE1000-22	G4N1NA	34
LPSHE1001-22	G4N1NA	29
LPSHE100-22	G4N1NA	45
LPSHE1002-22	G4N1NA	34
LPSHE1003-22	G4N1NA	34
LPSHE1004-22	G4N1NA	38
LPSHE1005-22	G4N1NA	32
LPSHE1006-22	G4N1NA	35
LPSHE1007-22	G4N1NA	29
LPSHE1008-22	G4N1NA	37
LPSHE1009-22	G4N1NA	11
LPSHE1010-22	G4N1NA	26
LPSHE1011-22	G4N1NA	55
LPSHE101-22	G4N1NA	44
LPSHE1012-22	G4N1NA	37
LPSHE1013-22	G4N1NA	9
LPSHE1014-22	G4N1NA	33
LPSHE1015-22	G4N1NA	28
LPSHE1016-22	G4N1NA	6
LPSHE1017-22	G4N1NA	29
LPSHE1018-22	G4N1NA	30
LPSHE1019-22	G4N1NA	40
LPSHE1020-22	G4N1NA	41
LPSHE1021-22	G4N1NA	10
LPSHE102-22	G4N1NA	48
LPSHE1022-22	G4N1NA	37
LPSHE1023-22	G4N1NA	38
LPSHE1024-22	G4N1NA	28
LPSHE1025-22	G4N1NA	33
LPSHE1026-22	G4N1NA	46
LPSHE1027-22	G4N1NA	43
LPSHE1028-22	G4N1NA	46
LPSHE1029-22	G4N1NA	17
LPSHE1030-22	G4N1NA	41
LPSHE1031-22	G4N1NA	43
LPSHE103-22	G4N1NA	54
LPSHE1032-22	G4N1NA	40
LPSHE1033-22	G4N1NA	49
LPSHE1034-22	G4N1NA	12
LPSHE1035-22	G4N1NA	51
LPSHE1036-22	G4N1NA	53
LPSHE1037-22	G4N1NA	9
LPSHE1038-22	G4N1NA	28
LPSHE1039-22	G4N1NA	31
LPSHE1040-22	G4N1NA	15
LPSHE1041-22	G4N1NA	32
LPSHE104-22	G4N1NA	40
LPSHE1042-22	G4N1NA	9
LPSHE1043-22	G4N1NA	10
LPSHE1044-22	G4N1NA	31
LPSHE1045-22	G4N1NA	47
LPSHE1046-22	G4N1NA	10
LPSHE1047-22	G4N1NA	8
LPSHE1048-22	G4N1NA	17
LPSHE1049-22	G4N1NA	13
LPSHE1050-22	G4N1NA	5
LPSHE1051-22	G4N1NA	10
LPSHE105-22	G4N1NA	41
LPSHE1052-22	G4N1NA	8
LPSHE1054-22	G4N1NA	16
LPSHE1055-22	G4N1NA	7
LPSHE1056-22	G4N1NA	7
LPSHE1057-22	G4N1NA	30
LPSHE1058-22	G4N1NA	26
LPSHE1059-22	G4N1NA	13
LPSHE1060-22	G4N1NA	7
LPSHE1061-22	G4N1NA	5
LPSHE106-22	G4N1NA	17
LPSHE1062-22	G4N1NA	9
LPSHE1063-22	G4N1NA	25
LPSHE1064-22	G4N1NA	8
LPSHE1065-22	G4N1NA	20
LPSHE1066-22	G4N1NA	8
LPSHE1067-22	G4N1NA	3
LPSHE1068-22	G4N1NA	7
LPSHE1069-22	G4N1NA	4
LPSHE1070-22	G4N1NA	12
LPSHE1071-22	G4N1NA	6
LPSHE107-22	G4N1NA	64
LPSHE1072-22	G4N1NA	9
LPSHE1073-22	G4N1NA	16
LPSHE1074-22	G4N1NA	22
LPSHE1075-22	G4N1NA	10
LPSHE1076-22	G4N1NA	5
LPSHE1077-22	G4N1NA	10
LPSHE1078-22	G4N1NA	5
LPSHE1079-22	G4N1NA	3
LPSHE1080-22	G4N1NA	13
LPSHE108-22	G4N1NA	35
LPSHE109-22	G4N1NA	42
LPSHE110-22	G4N1NA	19
LPSHE111-22	G4N1NA	47
LPSHE112-22	G4N1NA	11
LPSHE113-22	G4N1NA	40
LPSHE114-22	G4N1NA	40
LPSHE115-22	G4N1NA	29
LPSHE116-22	G4N1NA	51
LPSHE117-22	G4N1NA	53
LPSHE118-22	G4N1NA	13
LPSHE119-22	G4N1NA	58
LPSHE120-22	G4N1NA	41
LPSHE121-22	G4N1NA	18
LPSHE122-22	G4N1NA	25
LPSHE123-22	G4N1NA	57
LPSHE124-22	G4N1NA	53
LPSHE125-22	G4N1NA	41
LPSHE126-22	G4N1NA	34
LPSHE127-22	G4N1NA	13
LPSHE128-22	G4N1NA	52
LPSHE129-22	G4N1NA	51
LPSHE130-22	G4N1NA	17
LPSHE131-22	G4N1NA	22
LPSHE132-22	G4N1NA	19
LPSHE133-22	G4N1NA	39
LPSHE134-22	G4N1NA	51
LPSHE135-22	G4N1NA	43
LPSHE136-22	G4N1NA	38
LPSHE137-22	G4N1NA	50
LPSHE138-22	G4N1NA	19
LPSHE139-22	G4N1NA	33
LPSHE140-22	G4N1NA	42
LPSHE141-22	G4N1NA	44
LPSHE142-22	G4N1NA	11
LPSHE143-22	G4N1NA	35
LPSHE144-22	G4N1NA	37
LPSHE145-22	G4N1NA	57
LPSHE146-22	G4N1NA	39
LPSHE147-22	G4N1NA	40
LPSHE148-22	G4N1NA	10
LPSHE149-22	G4N1NA	20
LPSHE150-22	G4N1NA	27
LPSHE151-22	G4N1NA	30
LPSHE152-22	G4N1NA	48
LPSHE153-22	G4N1NA	26
LPSHE154-22	G4N1NA	34
LPSHE155-22	G4N1NA	34
LPSHE156-22	G4N1NA	69
LPSHE157-22	G4N1NA	20
LPSHE158-22	G4N1NA	47
LPSHE159-22	G4N1NA	15
LPSHE160-22	G4N1NA	10
LPSHE161-22	G4N1NA	46
LPSHE162-22	G4N1NA	49
LPSHE163-22	G4N1NA	16
LPSHE164-22	G4N1NA	20
LPSHE165-22	G4N1NA	25
LPSHE166-22	G4N1NA	7
LPSHE167-22	G4N1NA	43
LPSHE168-22	G4N1NA	40
LPSHE169-22	G4N1NA	22
LPSHE170-22	G4N1NA	30
LPSHE171-22	G4N1NA	50
LPSHE172-22	G4N1NA	46
LPSHE173-22	G4N1NA	13
LPSHE174-22	G4N1NA	15
LPSHE175-22	G4N1NA	47
LPSHE176-22	G4N1NA	49
LPSHE177-22	G4N1NA	34
LPSHE178-22	G4N1NA	43
LPSHE179-22	G4N1NA	32
LPSHE180-22	G4N1NA	54
LPSHE181-22	G4N1NA	17
LPSHE182-22	G4N1NA	51
LPSHE183-22	G4N1NA	47
LPSHE184-22	G4N1NA	67
LPSHE185-22	G4N1NA	63
LPSHE186-22	G4N1NA	56
LPSHE187-22	G4N1NA	61
LPSHE188-22	G4N1NA	36
LPSHE189-22	G4N1NA	58
LPSHE190-22	G4N1NA	68
LPSHE191-22	G4N1NA	29
LPSHE192-22	G4N1NA	59
LPSHE193-22	G4N1NA	34
LPSHE194-22	G4N1NA	51
LPSHE195-22	G4N1NA	61
LPSHE196-22	G4N1NA	35
LPSHE197-22	G4N1NA	48
LPSHE198-22	G4N1NA	64
LPSHE199-22	G4N1NA	50
LPSHE200-22	G4N1NA	50
LPSHE201-22	G4N1NA	49
LPSHE202-22	G4N1NA	52
LPSHE203-22	G4N1NA	61
LPSHE204-22	G4N1NA	50
LPSHE205-22	G4N1NA	52
LPSHE206-22	G4N1NA	56
LPSHE207-22	G4N1NA	59
LPSHE208-22	G4N1NA	66
LPSHE209-22	G4N1NA	52
LPSHE210-22	G4N1NA	41
LPSHE211-22	G4N1NA	42
LPSHE212-22	G4N1NA	51
LPSHE213-22	G4N1NA	65
LPSHE214-22	G4N1NA	57
LPSHE215-22	G4N1NA	54
LPSHE216-22	G4N1NA	59
LPSHE217-22	G4N1NA	37
LPSHE218-22	G4N1NA	52
LPSHE219-22	G4N1NA	38
LPSHE220-22	G4N1NA	51
LPSHE221-22	G4N1NA	54
LPSHE222-22	G4N1NA	42
LPSHE223-22	G4N1NA	52
LPSHE224-22	G4N1NA	53
LPSHE225-22	G4N1NA	50
LPSHE226-22	G4N1NA	50
LPSHE227-22	G4N1NA	45
LPSHE228-22	G4N1NA	47
LPSHE229-22	G4N1NA	50
LPSHE230-22	G4N1NA	48
LPSHE231-22	G4N1NA	49
LPSHE232-22	G4N1NA	66
LPSHE233-22	G4N1NA	42
LPSHE234-22	G4N1NA	42
LPSHE235-22	G4N1NA	49
LPSHE236-22	G4N1NA	52
LPSHE237-22	G4N1NA	37
LPSHE238-22	G4N1NA	53
LPSHE239-22	G4N1NA	47
LPSHE240-22	G4N1NA	45
LPSHE241-22	G4N1NA	39
LPSHE242-22	G4N1NA	57
LPSHE243-22	G4N1NA	53
LPSHE244-22	G4N1NA	53
LPSHE245-22	G4N1NA	44
LPSHE246-22	G4N1NA	39
LPSHE247-22	G4N1NA	52
LPSHE248-22	G4N1NA	49
LPSHE249-22	G4N1NA	48
LPSHE250-22	G4N1NA	52
LPSHE251-22	G4N1NA	53
LPSHE252-22	G4N1NA	53
LPSHE253-22	G4N1NA	50
LPSHE254-22	G4N1NA	18
LPSHE255-22	G4N1NA	40
LPSHE256-22	G4N1NA	59
LPSHE257-22	G4N1NA	41
LPSHE258-22	G4N1NA	55
LPSHE259-22	G4N1NA	44
LPSHE260-22	G4N1NA	53
LPSHE261-22	G4N1NA	39
LPSHE262-22	G4N1NA	48
LPSHE263-22	G4N1NA	44
LPSHE264-22	G4N1NA	62
LPSHE265-22	G4N1NA	35
LPSHE266-22	G4N1NA	48
LPSHE267-22	G4N1NA	45
LPSHE268-22	G4N1NA	46
LPSHE269-22	G4N1NA	43
LPSHE270-22	G4N1NA	33
LPSHE271-22	G4N1NA	40
LPSHE272-22	G4N1NA	61
LPSHE273-22	G4N1NA	45
LPSHE274-22	G4N1NA	29
LPSHE275-22	G4N1NA	14
LPSHE276-22	G4N1NA	20
LPSHE277-22	G4N1NA	27
LPSHE278-22	G4N1NA	17
LPSHE279-22	G4N1NA	31
LPSHE280-22	G4N1NA	25
LPSHE281-22	G4N1NA	19
LPSHE282-22	G4N1NA	54
LPSHE283-22	G4N1NA	63
LPSHE284-22	G4N1NA	14
LPSHE285-22	G4N1NA	34
LPSHE286-22	G4N1NA	45
LPSHE287-22	G4N1NA	49
LPSHE288-22	G4N1NA	37
LPSHE289-22	G4N1NA	45
LPSHE290-22	G4N1NA	35
LPSHE291-22	G4N1NA	19
LPSHE292-22	G4N1NA	44
LPSHE293-22	G4N1NA	29
LPSHE294-22	G4N1NA	33
LPSHE295-22	G4N1NA	12
LPSHE296-22	G4N1NA	43
LPSHE297-22	G4N1NA	24
LPSHE298-22	G4N1NA	23
LPSHE299-22	G4N1NA	29
LPSHE300-22	G4N1NA	35
LPSHE301-22	G4N1NA	13
LPSHE302-22	G4N1NA	41
LPSHE303-22	G4N1NA	67
LPSHE304-22	G4N1NA	64
LPSHE305-22	G4N1NA	39
LPSHE306-22	G4N1NA	47
LPSHE307-22	G4N1NA	48
LPSHE308-22	G4N1NA	50
LPSHE309-22	G4N1NA	11
LPSHE310-22	G4N1NA	54
LPSHE311-22	G4N1NA	53
LPSHE312-22	G4N1NA	48
LPSHE313-22	G4N1NA	46
LPSHE314-22	G4N1NA	42
LPSHE315-22	G4N1NA	43
LPSHE316-22	G4N1NA	30
LPSHE317-22	G4N1NA	38
LPSHE318-22	G4N1NA	45
LPSHE319-22	G4N1NA	59
LPSHE320-22	G4N1NA	18
LPSHE321-22	G4N1NA	54
LPSHE322-22	G4N1NA	48
LPSHE323-22	G4N1NA	47
LPSHE324-22	G4N1NA	51
LPSHE325-22	G4N1NA	7
LPSHE326-22	G4N1NA	53
LPSHE327-22	G4N1NA	59
LPSHE328-22	G4N1NA	55
LPSHE329-22	G4N1NA	42
LPSHE330-22	G4N1NA	34
LPSHE331-22	G4N1NA	39
LPSHE332-22	G4N1NA	35
LPSHE333-22	G4N1NA	71
LPSHE334-22	G4N1NA	6
LPSHE335-22	G4N1NA	38
LPSHE336-22	G4N1NA	59
LPSHE337-22	G4N1NA	52
LPSHE338-22	G4N1NA	5
LPSHE339-22	G4N1NA	46
LPSHE340-22	G4N1NA	47
LPSHE341-22	G4N1NA	33
LPSHE342-22	G4N1NA	43
LPSHE343-22	G4N1NA	53
LPSHE344-22	G4N1NA	44
LPSHE345-22	G4N1NA	34
LPSHE346-22	G4N1NA	59
LPSHE347-22	G4N1NA	40
LPSHE348-22	G4N1NA	66
LPSHE349-22	G4N1NA	41
LPSHE350-22	G4N1NA	54
LPSHE351-22	G4N1NA	51
LPSHE352-22	G4N1NA	41
LPSHE353-22	G4N1NA	38
LPSHE354-22	G4N1NA	39
LPSHE355-22	G4N1NA	56
LPSHE356-22	G4N1NA	48
LPSHE357-22	G4N1NA	42
LPSHE358-22	G4N1NA	59
LPSHE359-22	G4N1NA	53
LPSHE360-22	G4N1NA	55
LPSHE361-22	G4N1NA	72
LPSHE362-22	G4N1NA	70
LPSHE363-22	G4N1NA	54
LPSHE364-22	G4N1NA	55
LPSHE365-22	G4N1NA	34
LPSHE366-22	G4N1NA	8
LPSHE367-22	G4N1NA	39
LPSHE368-22	G4N1NA	52
LPSHE369-22	G4N1NA	60
LPSHE370-22	G4N1NA	55
LPSHE371-22	G4N1NA	46
LPSHE372-22	G4N1NA	55
LPSHE373-22	G4N1NA	55
LPSHE374-22	G4N1NA	60
LPSHE375-22	G4N1NA	64
LPSHE376-22	G4N1NA	60
LPSHE377-22	G4N1NA	53
LPSHE378-22	G4N1NA	67
LPSHE379-22	G4N1NA	56
LPSHE380-22	G4N1NA	71
LPSHE381-22	G4N1NA	47
LPSHE382-22	G4N1NA	35
LPSHE383-22	G4N1NA	37
LPSHE384-22	G4N1NA	24
LPSHE385-22	G4N1NA	42
LPSHE386-22	G4N1NA	24
LPSHE387-22	G4N1NA	33
LPSHE388-22	G4N1NA	21
LPSHE389-22	G4N1NA	33
LPSHE390-22	G4N1NA	26
LPSHE391-22	G4N1NA	12
LPSHE392-22	G4N1NA	20
LPSHE393-22	G4N1NA	31
LPSHE394-22	G4N1NA	28
LPSHE395-22	G4N1NA	40
LPSHE396-22	G4N1NA	11
LPSHE397-22	G4N1NA	42
LPSHE398-22	G4N1NA	44
LPSHE399-22	G4N1NA	24
LPSHE400-22	G4N1NA	26
LPSHE401-22	G4N1NA	10
LPSHE402-22	G4N1NA	7
LPSHE403-22	G4N1NA	16
LPSHE404-22	G4N1NA	43
LPSHE405-22	G4N1NA	30
LPSHE406-22	G4N1NA	30
LPSHE407-22	G4N1NA	11
LPSHE408-22	G4N1NA	16
LPSHE409-22	G4N1NA	9
LPSHE410-22	G4N1NA	32
LPSHE411-22	G4N1NA	16
LPSHE412-22	G4N1NA	19
LPSHE413-22	G4N1NA	22
LPSHE414-22	G4N1NA	33
LPSHE415-22	G4N1NA	31
LPSHE416-22	G4N1NA	16
LPSHE417-22	G4N1NA	33
LPSHE418-22	G4N1NA	29
LPSHE419-22	G4N1NA	8
LPSHE420-22	G4N1NA	5
LPSHE421-22	G4N1NA	30
LPSHE422-22	G4N1NA	7
LPSHE423-22	G4N1NA	19
LPSHE424-22	G4N1NA	7
LPSHE425-22	G4N1NA	23
LPSHE426-22	G4N1NA	42
LPSHE427-22	G4N1NA	29
LPSHE428-22	G4N1NA	32
LPSHE429-22	G4N1NA	36
LPSHE430-22	G4N1NA	15
LPSHE431-22	G4N1NA	16
LPSHE432-22	G4N1NA	21
LPSHE433-22	G4N1NA	19
LPSHE434-22	G4N1NA	30
LPSHE435-22	G4N1NA	34
LPSHE436-22	G4N1NA	35
LPSHE437-22	G4N1NA	20
LPSHE438-22	G4N1NA	23
LPSHE439-22	G4N1NA	14
LPSHE440-22	G4N1NA	37
LPSHE441-22	G4N1NA	34
LPSHE442-22	G4N1NA	6
LPSHE443-22	G4N1NA	38
LPSHE444-22	G4N1NA	7
LPSHE445-22	G4N1NA	19
LPSHE446-22	G4N1NA	33
LPSHE447-22	G4N1NA	17
LPSHE448-22	G4N1NA	21
LPSHE449-22	G4N1NA	14
LPSHE450-22	G4N1NA	19
LPSHE451-22	G4N1NA	40
LPSHE452-22	G4N1NA	30
LPSHE453-22	G4N1NA	18
LPSHE454-22	G4N1NA	16
LPSHE456-22	G4N1NA	39
LPSHE457-22	G4N1NA	23
LPSHE458-22	G4N1NA	38
LPSHE459-22	G4N1NA	35
LPSHE460-22	G4N1NA	37
LPSHE461-22	G4N1NA	19
LPSHE462-22	G4N1NA	17
LPSHE463-22	G4N1NA	29
LPSHE464-22	G4N1NA	38
LPSHE465-22	G4N1NA	43
LPSHE466-22	G4N1NA	37
LPSHE467-22	G4N1NA	31
LPSHE468-22	G4N1NA	41
LPSHE469-22	G4N1NA	17
LPSHE470-22	G4N1NA	7
LPSHE471-22	G4N1NA	23
LPSHE472-22	G4N1NA	29
LPSHE473-22	G4N1NA	35
LPSHE474-22	G4N1NA	37
LPSHE475-22	G4N1NA	28
LPSHE476-22	G4N1NA	19
LPSHE477-22	G4N1NA	29
LPSHE478-22	G4N1NA	11
LPSHE479-22	G4N1NA	15
LPSHE480-22	G4N1NA	8
LPSHE481-22	G4N1NA	6
LPSHE482-22	G4N1NA	9
LPSHE483-22	G4N1NA	11
LPSHE484-22	G4N1NA	13
LPSHE485-22	G4N1NA	8
LPSHE486-22	G4N1NA	21
LPSHE487-22	G4N1NA	26
LPSHE489-22	G4N1NA	37
LPSHE490-22	G4N1NA	13
LPSHE491-22	G4N1NA	13
LPSHE492-22	G4N1NA	23
LPSHE493-22	G4N1NA	7
LPSHE494-22	G4N1NA	7
LPSHE495-22	G4N1NA	14
LPSHE496-22	G4N1NA	14
LPSHE497-22	G4N1NA	10
LPSHE498-22	G4N1NA	17
LPSHE499-22	G4N1NA	33
LPSHE500-22	G4N1NA	38
LPSHE501-22	G4N1NA	38
LPSHE502-22	G4N1NA	13
LPSHE503-22	G4N1NA	17
LPSHE504-22	G4N1NA	25
LPSHE505-22	G4N1NA	28
LPSHE506-22	G4N1NA	10
LPSHE507-22	G4N1NA	15
LPSHE508-22	G4N1NA	29
LPSHE509-22	G4N1NA	21
LPSHE510-22	G4N1NA	35
LPSHE511-22	G4N1NA	38
LPSHE512-22	G4N1NA	27
LPSHE513-22	G4N1NA	34
LPSHE514-22	G4N1NA	25
LPSHE515-22	G4N1NA	32
LPSHE516-22	G4N1NA	11
LPSHE517-22	G4N1NA	16
LPSHE518-22	G4N1NA	9
LPSHE519-22	G4N1NA	17
LPSHE520-22	G4N1NA	20
LPSHE521-22	G4N1NA	18
LPSHE523-22	G4N1NA	32
LPSHE524-22	G4N1NA	32
LPSHE525-22	G4N1NA	27
LPSHE526-22	G4N1NA	10
LPSHE527-22	G4N1NA	24
LPSHE528-22	G4N1NA	10
LPSHE529-22	G4N1NA	24
LPSHE530-22	G4N1NA	11
LPSHE531-22	G4N1NA	13
LPSHE532-22	G4N1NA	29
LPSHE533-22	G4N1NA	22
LPSHE534-22	G4N1NA	27
LPSHE535-22	G4N1NA	34
LPSHE536-22	G4N1NA	30
LPSHE537-22	G4N1NA	20
LPSHE538-22	G4N1NA	33
LPSHE539-22	G4N1NA	24
LPSHE540-22	G4N1NA	24
LPSHE541-22	G4N1NA	14
LPSHE542-22	G4N1NA	29
LPSHE543-22	G4N1NA	11
LPSHE544-22	G4N1NA	11
LPSHE545-22	G4N1NA	18
LPSHE546-22	G4N1NA	30
LPSHE547-22	G4N1NA	26
LPSHE548-22	G4N1NA	18
LPSHE549-22	G4N1NA	14
LPSHE550-22	G4N1NA	14
LPSHE551-22	G4N1NA	13
LPSHE552-22	G4N1NA	28
LPSHE553-22	G4N1NA	23
LPSHE554-22	G4N1NA	26
LPSHE555-22	G4N1NA	16
LPSHE556-22	G4N1NA	24
LPSHE557-22	G4N1NA	35
LPSHE558-22	G4N1NA	36
LPSHE559-22	G4N1NA	42
LPSHE560-22	G4N1NA	18
LPSHE561-22	G4N1NA	29
LPSHE562-22	G4N1NA	24
LPSHE563-22	G4N1NA	29
LPSHE564-22	G4N1NA	14
LPSHE565-22	G4N1NA	24
LPSHE566-22	G4N1NA	28
LPSHE567-22	G4N1NA	29
LPSHE568-22	G4N1NA	25
LPSHE569-22	G4N1NA	29
LPSHE570-22	G4N1NA	20
LPSHE571-22	G4N1NA	24
LPSHE572-22	G4N1NA	22
LPSHE573-22	G4N1NA	8
LPSHE574-22	G4N1NA	8
LPSHE575-22	G4N1NA	23
LPSHE576-22	G4N1NA	12
LPSHE577-22	G4N1NA	19
LPSHE578-22	G4N1NA	22
LPSHE579-22	G4N1NA	22
LPSHE580-22	G4N1NA	13
LPSHE581-22	G4N1NA	21
LPSHE582-22	G4N1NA	16
LPSHE583-22	G4N1NA	22
LPSHE584-22	G4N1NA	28
LPSHE585-22	G4N1NA	12
LPSHE586-22	G4N1NA	16
LPSHE587-22	G4N1NA	17
LPSHE588-22	G4N1NA	7
LPSHE589-22	G4N1NA	13
LPSHE590-22	G4N1NA	8
LPSHE592-22	G4N1NA	27
LPSHE593-22	G4N1NA	37
LPSHE594-22	G4N1NA	21
LPSHE595-22	G4N1NA	32
LPSHE596-22	G4N1NA	19
LPSHE597-22	G4N1NA	14
LPSHE598-22	G4N1NA	20
LPSHE599-22	G4N1NA	35
LPSHE600-22	G4N1NA	12
LPSHE601-22	G4N1NA	25
LPSHE602-22	G4N1NA	35
LPSHE603-22	G4N1NA	15
LPSHE604-22	G4N1NA	19
LPSHE605-22	G4N1NA	23
LPSHE606-22	G4N1NA	4
LPSHE607-22	G4N1NA	18
LPSHE608-22	G4N1NA	23
LPSHE609-22	G4N1NA	18
LPSHE610-22	G4N1NA	16
LPSHE611-22	G4N1NA	17
LPSHE612-22	G4N1NA	19
LPSHE613-22	G4N1NA	24
LPSHE614-22	G4N1NA	6
LPSHE615-22	G4N1NA	22
LPSHE616-22	G4N1NA	29
LPSHE617-22	G4N1NA	11
LPSHE618-22	G4N1NA	13
LPSHE619-22	G4N1NA	29
LPSHE620-22	G4N1NA	22
LPSHE621-22	G4N1NA	8
LPSHE622-22	G4N1NA	11
LPSHE623-22	G4N1NA	12
LPSHE624-22	G4N1NA	30
LPSHE625-22	G4N1NA	26
LPSHE626-22	G4N1NA	3
LPSHE627-22	G4N1NA	26
LPSHE628-22	G4N1NA	34
LPSHE629-22	G4N1NA	27
LPSHE630-22	G4N1NA	34
LPSHE631-22	G4N1NA	12
LPSHE632-22	G4N1NA	21
LPSHE633-22	G4N1NA	16
LPSHE634-22	G4N1NA	11
LPSHE635-22	G4N1NA	18
LPSHE636-22	G4N1NA	17
LPSHE637-22	G4N1NA	14
LPSHE639-22	G4N1NA	19
LPSHE640-22	G4N1NA	20
LPSHE641-22	G4N1NA	34
LPSHE642-22	G4N1NA	33
LPSHE643-22	G4N1NA	20
LPSHE644-22	G4N1NA	12
LPSHE645-22	G4N1NA	28
LPSHE646-22	G4N1NA	15
LPSHE647-22	G4N1NA	16
LPSHE648-22	G4N1NA	28
LPSHE649-22	G4N1NA	22
LPSHE650-22	G4N1NA	15
LPSHE651-22	G4N1NA	13
LPSHE652-22	G4N1NA	20
LPSHE653-22	G4N1NA	41
LPSHE654-22	G4N1NA	31
LPSHE655-22	G4N1NA	37
LPSHE656-22	G4N1NA	29
LPSHE657-22	G4N1NA	13
LPSHE658-22	G4N1NA	14
LPSHE659-22	G4N1NA	14
LPSHE660-22	G4N1NA	21
LPSHE661-22	G4N1NA	28
LPSHE662-22	G4N1NA	45
LPSHE663-22	G4N1NA	19
LPSHE664-22	G4N1NA	12
LPSHE665-22	G4N1NA	43
LPSHE666-22	G4N1NA	48
LPSHE667-22	G4N1NA	18
LPSHE668-22	G4N1NA	27
LPSHE669-22	G4N1NA	15
LPSHE670-22	G4N1NA	7
LPSHE671-22	G4N1NA	33
LPSHE672-22	G4N1NA	32
LPSHE673-22	G4N1NA	16
LPSHE674-22	G4N1NA	26
LPSHE675-22	G4N1NA	21
LPSHE676-22	G4N1NA	19
LPSHE677-22	G4N1NA	35
LPSHE678-22	G4N1NA	14
LPSHE679-22	G4N1NA	28
LPSHE680-22	G4N1NA	26
LPSHE681-22	G4N1NA	23
LPSHE682-22	G4N1NA	42
LPSHE683-22	G4N1NA	29
LPSHE684-22	G4N1NA	20
LPSHE685-22	G4N1NA	8
LPSHE686-22	G4N1NA	7
LPSHE687-22	G4N1NA	42
LPSHE688-22	G4N1NA	43
LPSHE689-22	G4N1NA	40
LPSHE690-22	G4N1NA	9
LPSHE691-22	G4N1NA	29
LPSHE692-22	G4N1NA	22
LPSHE693-22	G4N1NA	27
LPSHE694-22	G4N1NA	39
LPSHE695-22	G4N1NA	27
LPSHE696-22	G4N1NA	29
LPSHE697-22	G4N1NA	31
LPSHE698-22	G4N1NA	23
LPSHE699-22	G4N1NA	35
LPSHE700-22	G4N1NA	26
LPSHE701-22	G4N1NA	23
LPSHE702-22	G4N1NA	30
LPSHE703-22	G4N1NA	24
LPSHE704-22	G4N1NA	11
LPSHE705-22	G4N1NA	10
LPSHE706-22	G4N1NA	14
LPSHE707-22	G4N1NA	24
LPSHE708-22	G4N1NA	13
LPSHE709-22	G4N1NA	9
LPSHE710-22	G4N1NA	20
LPSHE711-22	G4N1NA	30
LPSHE712-22	G4N1NA	32
LPSHE713-22	G4N1NA	24
LPSHE714-22	G4N1NA	33
LPSHE715-22	G4N1NA	36
LPSHE716-22	G4N1NA	26
LPSHE717-22	G4N1NA	16
LPSHE718-22	G4N1NA	15
LPSHE719-22	G4N1NA	32
LPSHE720-22	G4N1NA	16
LPSHE721-22	G4N1NA	33
LPSHE722-22	G4N1NA	17
LPSHE723-22	G4N1NA	21
LPSHE724-22	G4N1NA	15
LPSHE725-22	G4N1NA	16
LPSHE726-22	G4N1NA	36
LPSHE727-22	G4N1NA	9
LPSHE728-22	G4N1NA	9
LPSHE729-22	G4N1NA	39
LPSHE730-22	G4N1NA	26
LPSHE731-22	G4N1NA	24
LPSHE732-22	G4N1NA	14
LPSHE733-22	G4N1NA	21
LPSHE734-22	G4N1NA	29
LPSHE735-22	G4N1NA	24
LPSHE736-22	G4N1NA	12
LPSHE737-22	G4N1NA	13
LPSHE738-22	G4N1NA	15
LPSHE739-22	G4N1NA	28
LPSHE740-22	G4N1NA	12
LPSHE741-22	G4N1NA	29
LPSHE742-22	G4N1NA	34
LPSHE743-22	G4N1NA	36
LPSHE744-22	G4N1NA	32
LPSHE745-22	G4N1NA	32
LPSHE746-22	G4N1NA	35
LPSHE747-22	G4N1NA	30
LPSHE748-22	G4N1NA	26
LPSHE749-22	G4N1NA	7
LPSHE750-22	G4N1NA	39
LPSHE751-22	G4N1NA	25
LPSHE752-22	G4N1NA	19
LPSHE753-22	G4N1NA	27
LPSHE754-22	G4N1NA	28
LPSHE755-22	G4N1NA	35
LPSHE756-22	G4N1NA	14
LPSHE757-22	G4N1NA	30
LPSHE758-22	G4N1NA	19
LPSHE759-22	G4N1NA	40
LPSHE760-22	G4N1NA	45
LPSHE761-22	G4N1NA	52
LPSHE762-22	G4N1NA	28
LPSHE763-22	G4N1NA	13
LPSHE764-22	G4N1NA	26
LPSHE765-22	G4N1NA	27
LPSHE766-22	G4N1NA	31
LPSHE767-22	G4N1NA	22
LPSHE768-22	G4N1NA	15
LPSHE769-22	G4N1NA	17
LPSHE770-22	G4N1NA	39
LPSHE771-22	G4N1NA	20
LPSHE772-22	G4N1NA	53
LPSHE773-22	G4N1NA	49
LPSHE774-22	G4N1NA	52
LPSHE775-22	G4N1NA	43
LPSHE776-22	G4N1NA	20
LPSHE777-22	G4N1NA	29
LPSHE778-22	G4N1NA	26
LPSHE779-22	G4N1NA	32
LPSHE780-22	G4N1NA	48
LPSHE781-22	G4N1NA	36
LPSHE782-22	G4N1NA	24
LPSHE783-22	G4N1NA	26
LPSHE784-22	G4N1NA	40
LPSHE785-22	G4N1NA	38
LPSHE786-22	G4N1NA	35
LPSHE787-22	G4N1NA	31
LPSHE788-22	G4N1NA	13
LPSHE789-22	G4N1NA	9
LPSHE790-22	G4N1NA	47
LPSHE791-22	G4N1NA	34
LPSHE792-22	G4N1NA	37
LPSHE793-22	G4N1NA	28
LPSHE794-22	G4N1NA	40
LPSHE795-22	G4N1NA	43
LPSHE796-22	G4N1NA	41
LPSHE797-22	G4N1NA	34
LPSHE798-22	G4N1NA	12
LPSHE799-22	G4N1NA	30
LPSHE800-22	G4N1NA	32
LPSHE801-22	G4N1NA	30
LPSHE802-22	G4N1NA	34
LPSHE803-22	G4N1NA	36
LPSHE804-22	G4N1NA	27
LPSHE805-22	G4N1NA	35
LPSHE806-22	G4N1NA	31
LPSHE807-22	G4N1NA	40
LPSHE808-22	G4N1NA	53
LPSHE809-22	G4N1NA	30
LPSHE810-22	G4N1NA	39
LPSHE811-22	G4N1NA	26
LPSHE812-22	G4N1NA	22
LPSHE813-22	G4N1NA	52
LPSHE814-22	G4N1NA	19
LPSHE815-22	G4N1NA	8
LPSHE816-22	G4N1NA	16
LPSHE817-22	G4N1NA	32
LPSHE818-22	G4N1NA	29
LPSHE819-22	G4N1NA	18
LPSHE820-22	G4N1NA	31
LPSHE821-22	G4N1NA	36
LPSHE822-22	G4N1NA	41
LPSHE823-22	G4N1NA	40
LPSHE824-22	G4N1NA	53
LPSHE825-22	G4N1NA	31
LPSHE826-22	G4N1NA	33
LPSHE827-22	G4N1NA	41
LPSHE828-22	G4N1NA	41
LPSHE829-22	G4N1NA	46
LPSHE830-22	G4N1NA	52
LPSHE831-22	G4N1NA	43
LPSHE832-22	G4N1NA	63
LPSHE833-22	G4N1NA	37
LPSHE834-22	G4N1NA	14
LPSHE835-22	G4N1NA	50
LPSHE836-22	G4N1NA	9
LPSHE837-22	G4N1NA	12
LPSHE838-22	G4N1NA	28
LPSHE839-22	G4N1NA	23
LPSHE840-22	G4N1NA	49
LPSHE841-22	G4N1NA	41
LPSHE842-22	G4N1NA	46
LPSHE843-22	G4N1NA	41
LPSHE844-22	G4N1NA	46
LPSHE845-22	G4N1NA	43
LPSHE846-22	G4N1NA	31
LPSHE847-22	G4N1NA	27
LPSHE848-22	G4N1NA	33
LPSHE849-22	G4N1NA	40
LPSHE850-22	G4N1NA	49
LPSHE851-22	G4N1NA	47
LPSHE852-22	G4N1NA	34
LPSHE853-22	G4N1NA	28
LPSHE854-22	G4N1NA	49
LPSHE855-22	G4N1NA	56
LPSHE856-22	G4N1NA	58
LPSHE857-22	G4N1NA	51
LPSHE858-22	G4N1NA	24
LPSHE859-22	G4N1NA	41
LPSHE860-22	G4N1NA	16
LPSHE861-22	G4N1NA	26
LPSHE862-22	G4N1NA	32
LPSHE863-22	G4N1NA	19
LPSHE864-22	G4N1NA	7
LPSHE865-22	G4N1NA	25
LPSHE866-22	G4N1NA	14
LPSHE867-22	G4N1NA	37
LPSHE868-22	G4N1NA	27
LPSHE869-22	G4N1NA	40
LPSHE870-22	G4N1NA	43
LPSHE871-22	G4N1NA	33
LPSHE872-22	G4N1NA	35
LPSHE873-22	G4N1NA	11
LPSHE874-22	G4N1NA	37
LPSHE875-22	G4N1NA	38
LPSHE876-22	G4N1NA	19
LPSHE877-22	G4N1NA	42
LPSHE878-22	G4N1NA	17
LPSHE879-22	G4N1NA	59
LPSHE880-22	G4N1NA	16
LPSHE881-22	G4N1NA	12
LPSHE882-22	G4N1NA	7
LPSHE883-22	G4N1NA	49
LPSHE884-22	G4N1NA	27
LPSHE885-22	G4N1NA	23
LPSHE886-22	G4N1NA	41
LPSHE887-22	G4N1NA	32
LPSHE888-22	G4N1NA	33
LPSHE889-22	G4N1NA	37
LPSHE890-22	G4N1NA	9
LPSHE891-22	G4N1NA	31
LPSHE892-22	G4N1NA	31
LPSHE893-22	G4N1NA	9
LPSHE894-22	G4N1NA	32
LPSHE895-22	G4N1NA	26
LPSHE896-22	G4N1NA	9
LPSHE897-22	G4N1NA	15
LPSHE898-22	G4N1NA	37
LPSHE899-22	G4N1NA	16
LPSHE900-22	G4N1NA	16
LPSHE901-22	G4N1NA	38
LPSHE902-22	G4N1NA	47
LPSHE903-22	G4N1NA	13
LPSHE904-22	G4N1NA	18
LPSHE905-22	G4N1NA	44
LPSHE906-22	G4N1NA	30
LPSHE907-22	G4N1NA	5
LPSHE908-22	G4N1NA	25
LPSHE909-22	G4N1NA	29
LPSHE910-22	G4N1NA	19
LPSHE911-22	G4N1NA	15
LPSHE912-22	G4N1NA	28
LPSHE913-22	G4N1NA	45
LPSHE914-22	G4N1NA	8
LPSHE915-22	G4N1NA	55
LPSHE916-22	G4N1NA	23
LPSHE917-22	G4N1NA	24
LPSHE918-22	G4N1NA	19
LPSHE919-22	G4N1NA	28
LPSHE920-22	G4N1NA	28
LPSHE921-22	G4N1NA	10
LPSHE922-22	G4N1NA	28
LPSHE923-22	G4N1NA	4
LPSHE924-22	G4N1NA	25
LPSHE925-22	G4N1NA	33
LPSHE926-22	G4N1NA	40
LPSHE927-22	G4N1NA	26
LPSHE928-22	G4N1NA	32
LPSHE929-22	G4N1NA	18
LPSHE930-22	G4N1NA	10
LPSHE931-22	G4N1NA	29
LPSHE932-22	G4N1NA	28
LPSHE933-22	G4N1NA	28
LPSHE934-22	G4N1NA	23
LPSHE935-22	G4N1NA	25
LPSHE936-22	G4N1NA	21
LPSHE937-22	G4N1NA	11
LPSHE938-22	G4N1NA	33
LPSHE939-22	G4N1NA	40
LPSHE940-22	G4N1NA	16
LPSHE941-22	G4N1NA	11
LPSHE942-22	G4N1NA	40
LPSHE943-22	G4N1NA	14
LPSHE944-22	G4N1NA	18
LPSHE945-22	G4N1NA	10
LPSHE946-22	G4N1NA	12
LPSHE947-22	G4N1NA	9
LPSHE948-22	G4N1NA	11
LPSHE949-22	G4N1NA	17
LPSHE950-22	G4N1NA	28
LPSHE951-22	G4N1NA	39
LPSHE952-22	G4N1NA	48
LPSHE953-22	G4N1NA	23
LPSHE954-22	G4N1NA	47
LPSHE955-22	G4N1NA	36
LPSHE956-22	G4N1NA	33
LPSHE957-22	G4N1NA	25
LPSHE958-22	G4N1NA	41
LPSHE959-22	G4N1NA	44
LPSHE960-22	G4N1NA	44
LPSHE962-22	G4N1NA	46
LPSHE963-22	G4N1NA	29
LPSHE964-22	G4N1NA	50
LPSHE965-22	G4N1NA	35
LPSHE966-22	G4N1NA	31
LPSHE967-22	G4N1NA	35
LPSHE968-22	G4N1NA	10
LPSHE969-22	G4N1NA	35
LPSHE970-22	G4N1NA	10
LPSHE971-22	G4N1NA	29
LPSHE972-22	G4N1NA	16
LPSHE973-22	G4N1NA	32
LPSHE974-22	G4N1NA	62
LPSHE975-22	G4N1NA	51
LPSHE976-22	G4N1NA	5
LPSHE977-22	G4N1NA	18
LPSHE978-22	G4N1NA	11
LPSHE979-22	G4N1NA	42
LPSHE980-22	G4N1NA	55
LPSHE981-22	G4N1NA	24
LPSHE982-22	G4N1NA	30
LPSHE983-22	G4N1NA	23
LPSHE984-22	G4N1NA	27
LPSHE985-22	G4N1NA	31
LPSHE986-22	G4N1NA	40
LPSHE987-22	G4N1NA	39
LPSHE988-22	G4N1NA	27
LPSHE989-22	G4N1NA	27
LPSHE990-22	G4N1NA	33
LPSHE991-22	G4N1NA	31
LPSHE992-22	G4N1NA	49
LPSHE993-22	G4N1NA	21
LPSHE994-22	G4N1NA	17
LPSHE995-22	G4N1NA	32
LPSHE996-22	G4N1NA	30
LPSHE997-22	G4N1NA	36
LPSHE998-22	G4N1NA	31
LPSHE999-22	G4N1NA	33
LPSHG001-22	GZT2TR	33
LPSHG002-22	GZT2TR	36
LPSHG003-22	GZT2TR	12
LPSHG004-22	GZT2TR	23
LPSHG006-22	GZT2TR	9
LPSHG008-22	GZT2TR	38
LPSHG009-22	GZT2TR	2
LPSHG010-22	GZT2TR	42
LPSHG011-22	GZT2TR	7
LPSHG012-22	GZT2TR	29
LPSHG013-22	GZT2TR	45
LPSHG014-22	GZT2TR	42
LPSHG015-22	GZT2TR	22
LPSHG016-22	GZT2TR	43
LPSHG017-22	GZT2TR	37
LPSHG018-22	GZT2TR	42
LPSHG019-22	GZT2TR	42
LPSHG020-22	GZT2TR	44
LPSHG021-22	GZT2TR	28
LPSHG022-22	GZT2TR	48
LPSHG024-22	GZT2TR	14
LPSHG025-22	GZT2TR	61
LPSHG026-22	GZT2TR	15
LPSHG027-22	GZT2TR	35
LPSHG028-22	GZT2TR	39
LPSHG029-22	GZT2TR	27
LPSHG030-22	GZT2TR	60
LPSHG031-22	GZT2TR	9
LPSHG032-22	GZT2TR	49
LPSHG033-22	GZT2TR	37
LPSHG034-22	GZT2TR	35
LPSHG035-22	GZT2TR	65
LPSHG036-22	GZT2TR	4
LPSHG037-22	GZT2TR	37
LPSHG038-22	GZT2TR	37
LPSHG039-22	GZT2TR	41
LPSHG040-22	GZT2TR	52
LPSHG041-22	GZT2TR	38
LPSHG042-22	GZT2TR	40
LPSHG043-22	GZT2TR	38
LPSHG044-22	GZT2TR	18
LPSHG045-22	GZT2TR	51
LPSHG046-22	GZT2TR	47
LPSHG047-22	GZT2TR	48
LPSHG048-22	GZT2TR	9
LPSHG049-22	GZT2TR	47
LPSHG050-22	GZT2TR	50
LPSHG051-22	GZT2TR	45
LPSHG052-22	GZT2TR	53
LPSHG053-22	GZT2TR	22
LPSHG054-22	GZT2TR	31
LPSHG055-22	GZT2TR	7
LPSHG056-22	GZT2TR	10
LPSHG057-22	GZT2TR	49
LPSHG058-22	GZT2TR	49
LPSHG059-22	GZT2TR	14
LPSHG060-22	GZT2TR	50
LPSHG061-22	GZT2TR	12
LPSHG062-22	GZT2TR	12
LPSHG063-22	GZT2TR	53
LPSHG064-22	GZT2TR	15
LPSHG065-22	GZT2TR	4
LPSHG066-22	GZT2TR	26
LPSHG067-22	GZT2TR	15
LPSHG068-22	GZT2TR	42
LPSHG069-22	GZT2TR	38
LPSHG070-22	GZT2TR	40
LPSHG071-22	GZT2TR	7
LPSHG072-22	GZT2TR	32
LPSHG073-22	GZT2TR	3
LPSHG074-22	GZT2TR	13
LPSHG076-22	GZT2TR	4
LPSHG077-22	GZT2TR	29
LPSHG078-22	GZT2TR	36
LPSHG079-22	GZT2TR	45
LPSHG080-22	GZT2TR	42
LPSHG081-22	GZT2TR	18
LPSHG082-22	GZT2TR	31
LPSHG083-22	GZT2TR	37
LPSHG084-22	GZT2TR	18
LPSHG085-22	GZT2TR	10
LPSHG086-22	GZT2TR	44
LPSHG087-22	GZT2TR	26
LPSHG088-22	GZT2TR	25
LPSHG089-22	GZT2TR	39
LPSHG090-22	GZT2TR	7
LPSHG091-22	GZT2TR	27
LPSHG092-22	GZT2TR	36
LPSHG093-22	GZT2TR	30
LPSHG094-22	GZT2TR	33
LPSHG095-22	GZT2TR	27
LPSHG096-22	GZT2TR	26
LPSHG097-22	GZT2TR	29
LPSHG098-22	GZT2TR	40
LPSHG099-22	GZT2TR	29
LPSHG100-22	GZT2TR	31
LPSHG101-22	GZT2TR	23
LPSHG102-22	GZT2TR	27
LPSHG103-22	GZT2TR	37
LPSHG104-22	GZT2TR	32
LPSHG105-22	GZT2TR	34
LPSHG106-22	GZT2TR	29
LPSHG107-22	GZT2TR	2
LPSHG108-22	GZT2TR	6
LPSHG109-22	GZT2TR	32
LPSHG110-22	GZT2TR	24
LPSHG111-22	GZT2TR	12
LPSHG112-22	GZT2TR	26
LPSHG113-22	GZT2TR	16
LPSHG114-22	GZT2TR	32
LPSHG115-22	GZT2TR	16
LPSHG116-22	GZT2TR	42
LPSHG117-22	GZT2TR	39
LPSHG119-22	GZT2TR	24
LPSHG120-22	GZT2TR	22
LPSHG121-22	GZT2TR	35
LPSHG122-22	GZT2TR	39
LPSHG123-22	GZT2TR	20
LPSHG124-22	GZT2TR	44
LPSHG125-22	GZT2TR	15
LPSHG126-22	GZT2TR	15
LPSHG127-22	GZT2TR	40
LPSHG128-22	GZT2TR	27
LPSHG129-22	GZT2TR	49
LPSHG130-22	GZT2TR	5
LPSHG131-22	GZT2TR	35
LPSHG133-22	GZT2TR	41
LPSHG134-22	GZT2TR	35
LPSHG135-22	GZT2TR	36
LPSHG136-22	GZT2TR	24
LPSHG137-22	GZT2TR	7
LPSHG138-22	GZT2TR	31
LPSHG139-22	GZT2TR	33
LPSHG140-22	GZT2TR	40
LPSHG141-22	GZT2TR	50
LPSHG142-22	GZT2TR	30
LPSHG143-22	GZT2TR	12
LPSHG144-22	GZT2TR	32
LPSHG146-22	GZT2TR	28
LPSHG147-22	GZT2TR	21
LPSHG148-22	GZT2TR	57
LPSHG149-22	GZT2TR	36
LPSHG150-22	GZT2TR	46
LPSHG151-22	GZT2TR	42
LPSHG152-22	GZT2TR	19
LPSHG153-22	GZT2TR	30
LPSHG154-22	GZT2TR	45
LPSHG155-22	GZT2TR	44
LPSHG156-22	GZT2TR	41
LPSHG157-22	GZT2TR	42
LPSHG158-22	GZT2TR	28
LPSHG159-22	GZT2TR	24
LPSHG160-22	GZT2TR	40
LPSHG161-22	GZT2TR	10
LPSHG162-22	GZT2TR	27
LPSHG163-22	GZT2TR	47
LPSHG164-22	GZT2TR	30
LPSHG165-22	GZT2TR	13
LPSHG166-22	GZT2TR	16
LPSHG168-22	GZT2TR	29
LPSHG169-22	GZT2TR	21
LPSHG170-22	GZT2TR	20
LPSHG171-22	GZT2TR	21
LPSHG172-22	GZT2TR	13
LPSHG173-22	GZT2TR	27
LPSHG174-22	GZT2TR	18
LPSHG175-22	GZT2TR	23
LPSHG177-22	GZT2TR	30
LPSHG178-22	GZT2TR	11
LPSHG179-22	GZT2TR	20
LPSHG180-22	GZT2TR	3
LPSHG181-22	GZT2TR	33
LPSHG182-22	GZT2TR	2
LPSHG183-22	GZT2TR	24
LPSHG184-22	GZT2TR	17
LPSHG185-22	GZT2TR	4
LPSHG186-22	GZT2TR	35
LPSHG187-22	GZT2TR	25
LPSHG188-22	GZT2TR	13
LPSHG189-22	GZT2TR	20
LPSHG190-22	GZT2TR	15
LPSHG191-22	GZT2TR	17
LPSHG192-22	GZT2TR	13
LPSHG193-22	GZT2TR	20
LPSHG194-22	GZT2TR	16
LPSHG195-22	GZT2TR	17
LPSHG197-22	GZT2TR	4
LPSHG198-22	GZT2TR	19
LPSHG199-22	GZT2TR	33
LPSHG200-22	GZT2TR	26
LPSHG201-22	GZT2TR	23
LPSHG202-22	GZT2TR	22
LPSHG203-22	GZT2TR	15
LPSHG204-22	GZT2TR	19
LPSHG205-22	GZT2TR	21
LPSHG206-22	GZT2TR	21
LPSHG207-22	GZT2TR	19
LPSHG208-22	GZT2TR	16
LPSHG209-22	GZT2TR	18
LPSHG210-22	GZT2TR	12
LPSHG211-22	GZT2TR	33
LPSHG212-22	GZT2TR	16
LPSHG213-22	GZT2TR	4
LPSHG214-22	GZT2TR	15
LPSHG215-22	GZT2TR	14
LPSHG216-22	GZT2TR	22
LPSHG217-22	GZT2TR	13
LPSHG218-22	GZT2TR	28
LPSHG219-22	GZT2TR	19
LPSHG220-22	GZT2TR	21
LPSHG222-22	GZT2TR	17
LPSHG223-22	GZT2TR	18
LPSHG224-22	GZT2TR	22
LPSHG225-22	GZT2TR	13
LPSHG226-22	GZT2TR	20
LPSHG227-22	GZT2TR	16
LPSHG228-22	GZT2TR	25
LPSHG229-22	GZT2TR	21
LPSHG230-22	GZT2TR	13
LPSHG231-22	GZT2TR	14
LPSHG232-22	GZT2TR	28
LPSHG233-22	GZT2TR	14
LPSHG234-22	GZT2TR	17
LPSHG235-22	GZT2TR	21
LPSHG236-22	GZT2TR	23
LPSHG237-22	GZT2TR	28
LPSHG238-22	GZT2TR	27
LPSHG239-22	GZT2TR	18
LPSHG240-22	GZT2TR	22
LPSHG241-22	GZT2TR	19
LPSHG242-22	GZT2TR	6
LPSHG243-22	GZT2TR	22
LPSHG244-22	GZT2TR	32
LPSHG245-22	GZT2TR	8
LPSHG246-22	GZT2TR	16
LPSHG247-22	GZT2TR	21
LPSHG248-22	GZT2TR	20
LPSHG249-22	GZT2TR	11
LPSHG250-22	GZT2TR	24
LPSHG251-22	GZT2TR	18
LPSHG252-22	GZT2TR	3
LPSHG253-22	GZT2TR	26
LPSHG254-22	GZT2TR	13
LPSHG255-22	GZT2TR	33
LPSHG256-22	GZT2TR	19
LPSHG257-22	GZT2TR	18
LPSHG258-22	GZT2TR	20
LPSHG259-22	GZT2TR	27
LPSHG260-22	GZT2TR	12
LPSHG261-22	GZT2TR	22
LPSHG262-22	GZT2TR	18
LPSHG263-22	GZT2TR	20
LPSHG264-22	GZT2TR	17
LPSHG265-22	GZT2TR	10
LPSHG266-22	GZT2TR	10
LPSHG267-22	GZT2TR	26
LPSHG268-22	GZT2TR	20
LPSHG269-22	GZT2TR	21
LPSHG270-22	GZT2TR	24
LPSHG271-22	GZT2TR	24
LPSHG272-22	GZT2TR	23
LPSHG273-22	GZT2TR	28
LPSHG274-22	GZT2TR	13
LPSHG275-22	GZT2TR	20
LPSHG276-22	GZT2TR	22
LPSHG277-22	GZT2TR	23
LPSHG278-22	GZT2TR	23
LPSHG279-22	GZT2TR	6
LPSHG280-22	GZT2TR	17
LPSHG281-22	GZT2TR	29
LPSHG282-22	GZT2TR	26
LPSHG283-22	GZT2TR	33
LPSHG284-22	GZT2TR	12
LPSHG285-22	GZT2TR	19
LPSHG286-22	GZT2TR	19
LPSHG287-22	GZT2TR	23
LPSHG288-22	GZT2TR	16
LPSHG289-22	GZT2TR	9
LPSHG290-22	GZT2TR	7
LPSHG291-22	GZT2TR	23
LPSHG292-22	GZT2TR	19
LPSHG293-22	GZT2TR	22
LPSHG294-22	GZT2TR	26
LPSHG295-22	GZT2TR	17
LPSHG296-22	GZT2TR	12
LPSHG297-22	GZT2TR	16
LPSHG298-22	GZT2TR	19
LPSHG299-22	GZT2TR	18
LPSHG300-22	GZT2TR	17
LPSHG302-22	GZT2TR	16
LPSHG303-22	GZT2TR	14
LPSHG304-22	GZT2TR	26
LPSHG305-22	GZT2TR	15
LPSHG306-22	GZT2TR	27
LPSHG307-22	GZT2TR	30
LPSHG308-22	GZT2TR	21
LPSHG309-22	GZT2TR	22
LPSHG311-22	GZT2TR	20
LPSHG312-22	GZT2TR	21
LPSHG313-22	GZT2TR	12
LPSHG314-22	GZT2TR	22
LPSHG315-22	GZT2TR	23
LPSHG316-22	GZT2TR	19
LPSHG317-22	GZT2TR	17
LPSHG318-22	GZT2TR	28
LPSHG319-22	GZT2TR	16
LPSHG320-22	GZT2TR	26
LPSHG321-22	GZT2TR	13
LPSHG322-22	GZT2TR	25
LPSHG323-22	GZT2TR	15
LPSHG324-22	GZT2TR	13
LPSHG325-22	GZT2TR	15
LPSHG326-22	GZT2TR	12
LPSHG327-22	GZT2TR	15
LPSHG328-22	GZT2TR	29
LPSHG329-22	GZT2TR	6
LPSHG331-22	GZT2TR	19
LPSHG332-22	GZT2TR	29
LPSHG333-22	GZT2TR	27
LPSHG334-22	GZT2TR	20
LPSHG335-22	GZT2TR	25
LPSHG336-22	GZT2TR	26
LPSHG337-22	GZT2TR	23
LPSHG338-22	GZT2TR	21
LPSHG339-22	GZT2TR	27
LPSHG340-22	GZT2TR	32
LPSHG341-22	GZT2TR	32
LPSHG342-22	GZT2TR	32
LPSHG343-22	GZT2TR	38
LPSHG344-22	GZT2TR	16
LPSHG345-22	GZT2TR	5
LPSHG346-22	GZT2TR	15
LPSHG347-22	GZT2TR	33
LPSHG348-22	GZT2TR	23
LPSHG349-22	GZT2TR	31
LPSHG350-22	GZT2TR	29
LPSHG351-22	GZT2TR	27
LPSHG352-22	GZT2TR	18
LPSHG353-22	GZT2TR	15
LPSHG354-22	GZT2TR	41
LPSHG355-22	GZT2TR	26
LPSHG356-22	GZT2TR	17
LPSHG357-22	GZT2TR	23
LPSHG358-22	GZT2TR	24
LPSHG359-22	GZT2TR	33
LPSHG360-22	GZT2TR	12
LPSHG361-22	GZT2TR	25
LPSHG362-22	GZT2TR	23
LPSHG363-22	GZT2TR	25
LPSHG364-22	GZT2TR	32
LPSHG365-22	GZT2TR	34
LPSHG366-22	GZT2TR	37
LPSHG367-22	GZT2TR	30
LPSHG368-22	GZT2TR	15
LPSHG369-22	GZT2TR	24
LPSHG370-22	GZT2TR	21
LPSHG371-22	GZT2TR	21
LPSHG372-22	GZT2TR	19
LPSHG373-22	GZT2TR	14
LPSHG374-22	GZT2TR	18
LPSHG375-22	GZT2TR	23
LPSHG376-22	GZT2TR	23
LPSHG377-22	GZT2TR	17
LPSHG378-22	GZT2TR	32
LPSHG379-22	GZT2TR	22
LPSHG380-22	GZT2TR	24
LPSHG381-22	GZT2TR	25
LPSHG382-22	GZT2TR	28
LPSHG383-22	GZT2TR	26
LPSHG384-22	GZT2TR	22
LPSHG385-22	GZT2TR	15
LPSHG386-22	GZT2TR	8
LPSHG387-22	GZT2TR	21
LPSHG388-22	GZT2TR	29
LPSHG389-22	GZT2TR	21
LPSHG390-22	GZT2TR	20
LPSHG391-22	GZT2TR	19
LPSHG392-22	GZT2TR	20
LPSHG393-22	GZT2TR	18
LPSHG394-22	GZT2TR	9
LPSHG395-22	GZT2TR	10
LPSHG396-22	GZT2TR	26
LPSHG397-22	GZT2TR	8
LPSHG398-22	GZT2TR	15
LPSHG399-22	GZT2TR	8
LPSHG400-22	GZT2TR	21
LPSHG401-22	GZT2TR	15
LPSHG402-22	GZT2TR	22
LPSHG403-22	GZT2TR	24
LPSHG404-22	GZT2TR	22
LPSHG405-22	GZT2TR	13
LPSHG406-22	GZT2TR	18
LPSHG407-22	GZT2TR	22
LPSHG408-22	GZT2TR	15
LPSHG409-22	GZT2TR	10
LPSHG410-22	GZT2TR	23
LPSHG411-22	GZT2TR	20
LPSHG412-22	GZT2TR	14
LPSHG413-22	GZT2TR	19
LPSHG414-22	GZT2TR	45
LPSHG415-22	GZT2TR	40
LPSHG416-22	GZT2TR	15
LPSHG417-22	GZT2TR	6
LPSHG418-22	GZT2TR	26
LPSHG419-22	GZT2TR	23
LPSHG420-22	GZT2TR	12
LPSHG421-22	GZT2TR	3
LPSHG422-22	GZT2TR	22
LPSHG423-22	GZT2TR	14
LPSHG424-22	GZT2TR	23
LPSHG425-22	GZT2TR	21
LPSHG426-22	GZT2TR	18
LPSHG427-22	GZT2TR	31
LPSHG428-22	GZT2TR	31
LPSHG429-22	GZT2TR	25
LPSHG430-22	GZT2TR	14
LPSHG431-22	GZT2TR	23
LPSHG432-22	GZT2TR	29
LPSHG433-22	GZT2TR	34
LPSHG434-22	GZT2TR	14
LPSHG435-22	GZT2TR	19
LPSHG436-22	GZT2TR	34
LPSHG437-22	GZT2TR	34
LPSHG438-22	GZT2TR	47
LPSHG439-22	GZT2TR	17
LPSHG440-22	GZT2TR	21
LPSHG441-22	GZT2TR	27
LPSHG442-22	GZT2TR	27
LPSHG443-22	GZT2TR	18
LPSHG444-22	GZT2TR	38
LPSHG445-22	GZT2TR	24
LPSHG446-22	GZT2TR	12
LPSHG447-22	GZT2TR	25
LPSHG448-22	GZT2TR	42
LPSHG449-22	GZT2TR	22
LPSHG450-22	GZT2TR	6
LPSHG451-22	GZT2TR	24
LPSHG452-22	GZT2TR	18
LPSHG453-22	GZT2TR	18
LPSHG454-22	GZT2TR	26
LPSHG455-22	GZT2TR	16
LPSHG456-22	GZT2TR	16
LPSHG457-22	GZT2TR	23
LPSHG459-22	GZT2TR	19
LPSHG460-22	GZT2TR	28
LPSHG461-22	GZT2TR	14
LPSHG462-22	GZT2TR	28
LPSHG463-22	GZT2TR	8
LPSHG464-22	GZT2TR	12
LPSHG465-22	GZT2TR	25
LPSHG466-22	GZT2TR	25
LPSHG468-22	GZT2TR	10
LPSHG469-22	GZT2TR	17
LPSHG470-22	GZT2TR	19
LPSHG471-22	GZT2TR	23
LPSHG472-22	GZT2TR	24
LPSHG473-22	GZT2TR	34
LPSHG474-22	GZT2TR	23
LPSHG475-22	GZT2TR	11
LPSHG476-22	GZT2TR	18
LPSHG477-22	GZT2TR	8
LPSHG479-22	GZT2TR	15
LPSHG480-22	GZT2TR	8
LPSHG481-22	GZT2TR	16
LPSHG482-22	GZT2TR	3
LPSHG483-22	GZT2TR	15
LPSHG484-22	GZT2TR	3
LPSHG485-22	GZT2TR	15
LPSHG486-22	GZT2TR	16
LPSHG487-22	GZT2TR	18
LPSHG488-22	GZT2TR	15
LPSHG489-22	GZT2TR	21
LPSHG490-22	GZT2TR	24
LPSHG491-22	GZT2TR	3
LPSHG492-22	GZT2TR	11
LPSHG493-22	GZT2TR	21
LPSHG494-22	GZT2TR	12
LPSHG495-22	GZT2TR	19
LPSHG496-22	GZT2TR	35
LPSHG497-22	GZT2TR	5
LPSHG498-22	GZT2TR	17
LPSHG499-22	GZT2TR	16
LPSHG500-22	GZT2TR	22
LPSHG501-22	GZT2TR	14
LPSHG502-22	GZT2TR	23
LPSHG503-22	GZT2TR	12
LPSHG504-22	GZT2TR	16
LPSHG505-22	GZT2TR	18
LPSHG506-22	GZT2TR	11
LPSHG507-22	GZT2TR	16
LPSHG508-22	GZT2TR	3
LPSHG510-22	GZT2TR	31
LPSHG511-22	GZT2TR	22
LPSHG512-22	GZT2TR	14
LPSHG513-22	GZT2TR	16
LPSHG514-22	GZT2TR	24
LPSHG515-22	GZT2TR	12
LPSHG516-22	GZT2TR	17
LPSHG517-22	GZT2TR	3
LPSHG518-22	GZT2TR	26
LPSHG520-22	GZT2TR	26
LPSHG521-22	GZT2TR	24
LPSHG522-22	GZT2TR	17
LPSHG524-22	GZT2TR	22
LPSHG525-22	GZT2TR	15
LPSHG526-22	GZT2TR	25
LPSHG527-22	GZT2TR	25
LPSHG528-22	GZT2TR	4
LPSHG529-22	GZT2TR	22
LPSHG530-22	GZT2TR	27
LPSHG531-22	GZT2TR	6
LPSHG532-22	GZT2TR	28
LPSHG533-22	GZT2TR	4
LPSHG534-22	GZT2TR	14
LPSHG535-22	GZT2TR	12
LPSHG536-22	GZT2TR	21
LPSHG537-22	GZT2TR	22
LPSHG538-22	GZT2TR	14
LPSHG539-22	GZT2TR	31
LPSHG540-22	GZT2TR	20
LPSHG541-22	GZT2TR	18
LPSHG542-22	GZT2TR	20
LPSHG543-22	GZT2TR	30
LPSHG544-22	GZT2TR	29
LPSHG545-22	GZT2TR	36
LPSHG546-22	GZT2TR	20
LPSHG547-22	GZT2TR	16
LPSHG548-22	GZT2TR	34
LPSHG549-22	GZT2TR	27
LPSHG550-22	GZT2TR	29
LPSHG551-22	GZT2TR	5
LPSHG552-22	GZT2TR	22
LPSHG553-22	GZT2TR	8
LPSHG554-22	GZT2TR	36
LPSHG555-22	GZT2TR	25
LPSHG556-22	GZT2TR	37
LPSHG557-22	GZT2TR	28
LPSHG558-22	GZT2TR	6
LPSHG559-22	GZT2TR	5
LPSHG560-22	GZT2TR	26
LPSHG561-22	GZT2TR	3
LPSHG562-22	GZT2TR	23
LPSHG563-22	GZT2TR	29
LPSHG564-22	GZT2TR	22
LPSHG565-22	GZT2TR	26
LPSHG566-22	GZT2TR	29
LPSHG567-22	GZT2TR	22
LPSHG568-22	GZT2TR	27
LPSHG569-22	GZT2TR	22
LPSHG570-22	GZT2TR	16
LPSHG571-22	GZT2TR	24
LPSHG572-22	GZT2TR	30
LPSHG573-22	GZT2TR	37
LPSHG574-22	GZT2TR	17
LPSHG575-22	GZT2TR	27
LPSHG576-22	GZT2TR	23
LPSHG577-22	GZT2TR	31
LPSHG578-22	GZT2TR	3
LPSHG579-22	GZT2TR	26
LPSHG580-22	GZT2TR	23
LPSHG581-22	GZT2TR	15
LPSHG582-22	GZT2TR	37
LPSHG583-22	GZT2TR	36
LPSHG584-22	GZT2TR	19
LPSHG585-22	GZT2TR	25
LPSHG586-22	GZT2TR	28
LPSHG587-22	GZT2TR	27
LPSHG588-22	GZT2TR	18
LPSHG589-22	GZT2TR	41
LPSHG590-22	GZT2TR	25
LPSHG591-22	GZT2TR	6
LPSHG592-22	GZT2TR	24
LPSHG593-22	GZT2TR	29
LPSHG594-22	GZT2TR	3
LPSHG595-22	GZT2TR	31
LPSHG596-22	GZT2TR	28
LPSHG597-22	GZT2TR	3
LPSHG598-22	GZT2TR	16
LPSHG599-22	GZT2TR	23
LPSHG600-22	GZT2TR	13
LPSHG601-22	GZT2TR	33
LPSHG602-22	GZT2TR	19
LPSHG603-22	GZT2TR	14
LPSHG604-22	GZT2TR	29
LPSHG605-22	GZT2TR	32
LPSHG606-22	GZT2TR	27
LPSHG607-22	GZT2TR	32
LPSHG608-22	GZT2TR	5
LPSHG609-22	GZT2TR	5
LPSHG610-22	GZT2TR	33
LPSHG611-22	GZT2TR	28
LPSHG612-22	GZT2TR	18
LPSHG613-22	GZT2TR	23
LPSHG614-22	GZT2TR	31
LPSHG615-22	GZT2TR	5
LPSHG616-22	GZT2TR	36
LPSHG617-22	GZT2TR	34
LPSHG618-22	GZT2TR	36
LPSHG619-22	GZT2TR	36
LPSHG620-22	GZT2TR	31
LPSHG621-22	GZT2TR	5
LPSHG622-22	GZT2TR	31
LPSHG623-22	GZT2TR	33
LPSHG624-22	GZT2TR	22
LPSHG625-22	GZT2TR	47
LPSHG626-22	GZT2TR	16
LPSHG627-22	GZT2TR	37
LPSHG628-22	GZT2TR	35
LPSHG629-22	GZT2TR	37
LPSHG630-22	GZT2TR	38
LPSHG631-22	GZT2TR	3
LPSHG632-22	GZT2TR	33
LPSHG633-22	GZT2TR	31
LPSHG634-22	GZT2TR	22
LPSHG635-22	GZT2TR	5
LPSHG636-22	GZT2TR	33
LPSHG637-22	GZT2TR	35
LPSHG638-22	GZT2TR	34
LPSHG639-22	GZT2TR	33
LPSHG641-22	GZT2TR	42
LPSHG642-22	GZT2TR	47
LPSHG643-22	GZT2TR	38
LPSHG644-22	GZT2TR	11
LPSHG645-22	GZT2TR	25
LPSHG646-22	GZT2TR	21
LPSHG647-22	GZT2TR	20
LPSHG648-22	GZT2TR	32
LPSHG649-22	GZT2TR	22
LPSHG650-22	GZT2TR	22
LPSHG651-22	GZT2TR	39
LPSHG652-22	GZT2TR	38
LPSHG653-22	GZT2TR	28
LPSHG654-22	GZT2TR	21
LPSHG655-22	GZT2TR	30
LPSHG656-22	GZT2TR	30
LPSHG658-22	GZT2TR	37
LPSHG659-22	GZT2TR	39
LPSHG660-22	GZT2TR	31
LPSHG661-22	GZT2TR	36
LPSHG662-22	GZT2TR	33
LPSHG663-22	GZT2TR	40
LPSHG664-22	GZT2TR	19
LPSHG665-22	GZT2TR	28
LPSHG666-22	GZT2TR	33
LPSHG667-22	GZT2TR	17
LPSHG668-22	GZT2TR	36
LPSHG669-22	GZT2TR	24
LPSHG670-22	GZT2TR	34
LPSHG671-22	GZT2TR	23
LPSHG672-22	GZT2TR	3
LPSHG673-22	GZT2TR	28
LPSHG674-22	GZT2TR	30
LPSHG675-22	GZT2TR	43
LPSHG676-22	GZT2TR	31
LPSHG677-22	GZT2TR	12
LPSHG678-22	GZT2TR	3
LPSHG679-22	GZT2TR	11
LPSHG681-22	GZT2TR	6
LPSHG682-22	GZT2TR	12
LPSHG683-22	GZT2TR	9
LPSHG686-22	GZT2TR	13
LPSHG687-22	GZT2TR	2
LPSHG688-22	GZT2TR	34
LPSHG689-22	GZT2TR	20
LPSHG690-22	GZT2TR	11
LPSHG691-22	GZT2TR	16
LPSHG692-22	GZT2TR	5
LPSHG693-22	GZT2TR	23
LPSHG694-22	GZT2TR	26
LPSHG695-22	GZT2TR	9
LPSHG696-22	GZT2TR	26
LPSHG697-22	GZT2TR	31
LPSHG698-22	GZT2TR	18
LPSHG699-22	GZT2TR	6
LPSHG701-22	GZT2TR	31
LPSHG702-22	GZT2TR	8
LPSHG703-22	GZT2TR	15
LPSHG704-22	GZT2TR	31
LPSHG706-22	GZT2TR	15
LPSHG707-22	GZT2TR	33
LPSHG708-22	GZT2TR	29
LPSHG709-22	GZT2TR	27
LPSHG711-22	GZT2TR	19
LPSHG712-22	GZT2TR	44
LPSHG713-22	GZT2TR	37
LPSHG715-22	GZT2TR	6
LPSHG716-22	GZT2TR	12
LPSHG717-22	GZT2TR	24
LPSHG718-22	GZT2TR	51
LPSHG719-22	GZT2TR	36
LPSHG720-22	GZT2TR	63
LPSHG721-22	GZT2TR	27
LPSHG722-22	GZT2TR	41
LPSHG723-22	GZT2TR	44
LPSHG724-22	GZT2TR	13
LPSHG725-22	GZT2TR	27
LPSHG726-22	GZT2TR	16
LPSHG727-22	GZT2TR	38
LPSHG728-22	GZT2TR	43
LPSHG729-22	GZT2TR	48
LPSHG730-22	GZT2TR	17
LPSHG731-22	GZT2TR	14
LPSHG732-22	GZT2TR	55
LPSHG733-22	GZT2TR	38
LPSHG734-22	GZT2TR	55
LPSHG735-22	GZT2TR	51
LPSHG736-22	GZT2TR	11
LPSHG737-22	GZT2TR	16
LPSHG738-22	GZT2TR	31
LPSHG739-22	GZT2TR	36
LPSHG740-22	GZT2TR	31
LPSHG741-22	GZT2TR	38
LPSHG742-22	GZT2TR	47
LPSHG743-22	GZT2TR	38
LPSHG744-22	GZT2TR	57
LPSHG745-22	GZT2TR	42
LPSHG746-22	GZT2TR	14
LPSHG747-22	GZT2TR	36
LPSHG748-22	GZT2TR	31
LPSHG750-22	GZT2TR	38
LPSHG752-22	GZT2TR	48
LPSHG753-22	GZT2TR	43
LPSHG754-22	GZT2TR	46
LPSHG755-22	GZT2TR	50
LPSHG756-22	GZT2TR	42
LPSHG757-22	GZT2TR	58
LPSHG758-22	GZT2TR	43
LPSHG759-22	GZT2TR	23
LPSHG760-22	GZT2TR	35
LPSHG761-22	GZT2TR	42
LPSHG762-22	GZT2TR	38
LPSHG763-22	GZT2TR	53
LPSHG764-22	GZT2TR	23
LPSHG765-22	GZT2TR	27
LPSHG766-22	GZT2TR	61
LPSHG767-22	GZT2TR	39
LPSHG768-22	GZT2TR	50
LPSHG769-22	GZT2TR	44
LPSHG770-22	GZT2TR	41
LPSHG771-22	GZT2TR	53
LPSHG772-22	GZT2TR	45
LPSHG773-22	GZT2TR	35
LPSHG774-22	GZT2TR	24
LPSHG775-22	GZT2TR	3
LPSHG776-22	GZT2TR	32
LPSHG777-22	GZT2TR	22
LPSHG778-22	GZT2TR	29
LPSHG779-22	GZT2TR	31
LPSHG780-22	GZT2TR	31
LPSHG781-22	GZT2TR	18
LPSHG782-22	GZT2TR	57
LPSHG783-22	GZT2TR	39
LPSHG784-22	GZT2TR	52
LPSHG785-22	GZT2TR	36
LPSHG786-22	GZT2TR	54
LPSHG787-22	GZT2TR	50
LPSHG788-22	GZT2TR	33
LPSHG789-22	GZT2TR	34
LPSHG790-22	GZT2TR	31
LPSHG791-22	GZT2TR	12
LPSHG792-22	GZT2TR	32
LPSHG793-22	GZT2TR	45
LPSHG794-22	GZT2TR	50
LPSHG795-22	GZT2TR	53
LPSHG796-22	GZT2TR	51
LPSHG797-22	GZT2TR	52
LPSHG798-22	GZT2TR	44
LPSHG799-22	GZT2TR	37
LPSHG800-22	GZT2TR	42
LPSHG801-22	GZT2TR	44
LPSHG802-22	GZT2TR	46
LPSHG803-22	GZT2TR	54
LPSHG804-22	GZT2TR	48
LPSHG805-22	GZT2TR	33
LPSHG806-22	GZT2TR	33
LPSHG807-22	GZT2TR	12
LPSHG808-22	GZT2TR	26
LPSHG809-22	GZT2TR	54
LPSHG810-22	GZT2TR	41
LPSHG811-22	GZT2TR	46
LPSHG812-22	GZT2TR	24
LPSHG813-22	GZT2TR	22
LPSHG814-22	GZT2TR	37
LPSHG815-22	GZT2TR	41
LPSHG816-22	GZT2TR	34
LPSHG817-22	GZT2TR	4
LPSHG818-22	GZT2TR	14
LPSHG819-22	GZT2TR	42
LPSHG820-22	GZT2TR	40
LPSHG821-22	GZT2TR	19
LPSHG822-22	GZT2TR	25
LPSHG823-22	GZT2TR	32
LPSHG824-22	GZT2TR	21
LPSHG825-22	GZT2TR	35
LPSHG826-22	GZT2TR	16
LPSHG827-22	GZT2TR	29
LPSHG828-22	GZT2TR	6
LPSHG829-22	GZT2TR	46
LPSHG830-22	GZT2TR	14
LPSHG831-22	GZT2TR	42
LPSHG832-22	GZT2TR	56
LPSHG833-22	GZT2TR	27
LPSHG834-22	GZT2TR	32
LPSHG835-22	GZT2TR	26
LPSHG836-22	GZT2TR	43
LPSHG837-22	GZT2TR	58
LPSHG838-22	GZT2TR	50
LPSHG839-22	GZT2TR	53
LPSHG840-22	GZT2TR	46
LPSHG841-22	GZT2TR	30
LPSHG842-22	GZT2TR	27
LPSHG843-22	GZT2TR	52
LPSHG844-22	GZT2TR	29
LPSHG845-22	GZT2TR	43
LPSHG846-22	GZT2TR	44
LPSHG847-22	GZT2TR	39
LPSHG848-22	GZT2TR	49
LPSHG849-22	GZT2TR	51
LPSHG850-22	GZT2TR	51
LPSHG851-22	GZT2TR	34
LPSHG852-22	GZT2TR	67
LPSHG853-22	GZT2TR	60
LPSHG854-22	GZT2TR	43
LPSHG855-22	GZT2TR	31
LPSHG856-22	GZT2TR	45
LPSHG857-22	GZT2TR	45
LPSHG858-22	GZT2TR	36
LPSHG859-22	GZT2TR	38
LPSHG860-22	GZT2TR	34
LPSHG861-22	GZT2TR	54
LPSHG862-22	GZT2TR	50
LPSHG863-22	GZT2TR	40
LPSHG864-22	GZT2TR	50
LPSHG865-22	GZT2TR	54
LPSHG866-22	GZT2TR	40
LPSHG867-22	GZT2TR	29
LPSHG868-22	GZT2TR	46
LPSHG869-22	GZT2TR	36
LPSHG870-22	GZT2TR	41
LPSHG871-22	GZT2TR	34
LPSHG872-22	GZT2TR	40
LPSHG873-22	GZT2TR	58
LPSHG874-22	GZT2TR	35
LPSHG875-22	GZT2TR	42
LPSHG876-22	GZT2TR	42
LPSHG877-22	GZT2TR	33
LPSHG878-22	GZT2TR	38
LPSHG879-22	GZT2TR	39
LPSHG880-22	GZT2TR	38
LPSHG881-22	GZT2TR	30
LPSHG882-22	GZT2TR	33
LPSHG883-22	GZT2TR	42
LPSHG884-22	GZT2TR	31
LPSHG885-22	GZT2TR	35
LPSHG886-22	GZT2TR	54
LPSHG887-22	GZT2TR	46
LPSHG888-22	GZT2TR	3
LPSHG889-22	GZT2TR	41
LPSHG891-22	GZT2TR	37
LPSHG892-22	GZT2TR	29
LPSHG893-22	GZT2TR	37
LPSHG894-22	GZT2TR	24
LPSHG895-22	GZT2TR	31
LPSHG896-22	GZT2TR	28
LPSHG897-22	GZT2TR	26
LPSHG898-22	GZT2TR	30
LPSHG899-22	GZT2TR	32
LPSHG900-22	GZT2TR	25
LPSHG901-22	GZT2TR	28
LPSHG902-22	GZT2TR	54
LPSHG903-22	GZT2TR	30
LPSHG904-22	GZT2TR	26
LPSHG905-22	GZT2TR	20
LPSHG906-22	GZT2TR	26
LPSHG907-22	GZT2TR	38
LPSHG908-22	GZT2TR	48
LPUAB001-22	GX8EZC	18
LPUAB002-22	GX8EZC	23
LPUAB003-22	GX8EZC	26
LPUAB004-22	GX8EZC	19
LPUAB005-22	GX8EZC	35
LPUAB006-22	GX8EZC	33
LPUAB007-22	GX8EZC	24
LPUAB008-22	GX8EZC	36
LPUAB009-22	GX8EZC	31
LPUAB010-22	GX8EZC	28
LPUAB011-22	GX8EZC	34
LPUAB012-22	GX8EZC	28
LPUAB013-22	GX8EZC	27
LPUAB014-22	GX8EZC	22
LPUAB015-22	GX8EZC	11
LPUAB016-22	GX8EZC	33
LPUAB017-22	GX8EZC	14
LPUAB018-22	GX8EZC	25
LPUAB019-22	GX8EZC	24
LPUAB020-22	GX8EZC	13
LPUAB021-22	GX8EZC	3
LPUAB022-22	GX8EZC	5
LPUAB023-22	GX8EZC	4
LPUAB024-22	GX8EZC	3
LPUAB025-22	GX8EZC	9
LPUAB026-22	GX8EZC	4
LPUAB027-22	GX8EZC	5
LPUAB029-22	GX8EZC	3
LPUAB030-22	GX8EZC	16
LPUAB031-22	GX8EZC	8
LPUAB032-22	GX8EZC	27
LPUAB033-22	GX8EZC	38
LPUAB034-22	GX8EZC	2
LPUAB035-22	GX8EZC	19
LPUAB037-22	GX8EZC	4
LPUAB038-22	GX8EZC	5
LPUAB039-22	GX8EZC	27
LPUAB040-22	GX8EZC	31
LPUAB041-22	GX8EZC	16
LPUAB042-22	GX8EZC	29
LPUAB043-22	GX8EZC	23
LPUAB044-22	GX8EZC	30
LPUAB045-22	GX8EZC	29
LPUAB046-22	GX8EZC	26
LPUAB047-22	GX8EZC	10
LPUAB048-22	GX8EZC	30
LPUAB049-22	GX8EZC	24
LPUAB050-22	GX8EZC	29
LPUAB051-22	GX8EZC	26
LPUAB052-22	GX8EZC	34
LPUAB053-22	GX8EZC	12
LPUAB054-22	GX8EZC	24
LPUAB055-22	GX8EZC	28
LPUAB056-22	GX8EZC	24
LPUAB057-22	GX8EZC	18
LPUAB058-22	GX8EZC	40
LPUAB059-22	GX8EZC	30
LPUAB060-22	GX8EZC	33
LPUAB061-22	GX8EZC	11
LPUAB062-22	GX8EZC	22
LPUAB063-22	GX8EZC	24
LPUAB064-22	GX8EZC	24
LPUAB065-22	GX8EZC	26
LPUAB066-22	GX8EZC	39
LPUAB067-22	GX8EZC	24
LPUAB068-22	GX8EZC	17
LPUAB069-22	GX8EZC	33
LPUAB070-22	GX8EZC	31
LPUAB071-22	GX8EZC	36
LPUAB072-22	GX8EZC	3
LPUAB073-22	GX8EZC	31
LPUAB074-22	GX8EZC	22
LPUAB075-22	GX8EZC	8
LPUAB077-22	GX8EZC	9
LPUAB078-22	GX8EZC	8
LPUAB079-22	GX8EZC	29
LPUAB080-22	GX8EZC	2
LPUAB081-22	GX8EZC	36
LPUAB082-22	GX8EZC	30
LPUAB083-22	GX8EZC	20
LPUAB084-22	GX8EZC	18
LPUAB085-22	GX8EZC	16
LPUAB086-22	GX8EZC	22
LPUAB087-22	GX8EZC	25
LPUAB088-22	GX8EZC	27
LPUAB089-22	GX8EZC	25
LPUAB090-22	GX8EZC	29
LPUAB091-22	GX8EZC	36
LPUAB092-22	GX8EZC	25
LPUAB093-22	GX8EZC	21
LPUAB094-22	GX8EZC	25
LPUAB095-22	GX8EZC	29
LPUAB096-22	GX8EZC	44
LPUAB097-22	GX8EZC	29
LPUAB098-22	GX8EZC	23
LPUAB099-22	GX8EZC	10
LPUAB100-22	GX8EZC	36
LPUAB101-22	GX8EZC	30
LPUAB102-22	GX8EZC	11
LPUAB103-22	GX8EZC	26
LPUAB104-22	GX8EZC	3
LPUAB105-22	GX8EZC	4
LPUAB106-22	GX8EZC	28
LPUAB107-22	GX8EZC	3
LPUAC001-22	GDP5BG	59
LPUAC002-22	GDP5BG	44
LPUAC003-22	GDP5BG	36
LPUAC004-22	GDP5BG	40
LPUAC005-22	GDP5BG	37
LPUAC006-22	GDP5BG	40
LPUAC007-22	GDP5BG	52
LPUAC008-22	GDP5BG	58
LPUAC009-22	GDP5BG	52
LPUAC010-22	GDP5BG	30
LPUAC011-22	GDP5BG	38
LPUAC012-22	GDP5BG	30
LPUAC013-22	GDP5BG	46
LPUAC014-22	GDP5BG	45
LPUAC015-22	GDP5BG	48
LPUAC016-22	GDP5BG	32
LPUAC017-22	GDP5BG	43
LPUAC018-22	GDP5BG	52
LPUAC019-22	GDP5BG	43
LPUAC020-22	GDP5BG	50
LPUAC021-22	GDP5BG	19
LPUAC022-22	GDP5BG	33
LPUAC023-22	GDP5BG	56
LPUAC024-22	GDP5BG	46
LPUAC025-22	GDP5BG	43
LPUAC026-22	GDP5BG	27
LPUAC027-22	GDP5BG	34
LPUAC028-22	GDP5BG	31
LPUAC029-22	GDP5BG	33
LPUAC030-22	GDP5BG	42
LPUAC031-22	GDP5BG	52
LPUAC032-22	GDP5BG	43
LPUAC033-22	GDP5BG	53
LPUAC034-22	GDP5BG	58
LPUAC035-22	GDP5BG	50
LPUAC036-22	GDP5BG	49
LPUAC037-22	GDP5BG	42
LPUAC038-22	GDP5BG	43
LPUAC039-22	GDP5BG	25
LPUAC040-22	GDP5BG	37
LPUAC041-22	GDP5BG	42
LPUAC042-22	GDP5BG	18
LPUAC043-22	GDP5BG	7
LPUAC044-22	GDP5BG	19
LPUAC045-22	GDP5BG	13
LPUAC046-22	GDP5BG	6
LPUAC047-22	GDP5BG	7
LPUAC049-22	GDP5BG	21
LPUAC050-22	GDP5BG	12
LPUAC051-22	GDP5BG	19
LPUAC052-22	GDP5BG	10
LPUAC053-22	GDP5BG	17
LPUAC054-22	GDP5BG	9
LPUAC055-22	GDP5BG	11
LPUAC056-22	GDP5BG	15
LPUAC057-22	GDP5BG	5
LPUAC058-22	GDP5BG	5
LPUAC059-22	GDP5BG	10
LPUAC060-22	GDP5BG	3
LPUAC061-22	GDP5BG	48
LPUAC062-22	GDP5BG	11
LPUAC065-22	GDP5BG	34
LPUAC066-22	GDP5BG	12
LPUAC067-22	GDP5BG	10
LPUAC068-22	GDP5BG	17
LPUAC069-22	GDP5BG	58
LPUAC070-22	GDP5BG	42
LPUAC071-22	GDP5BG	63
LPUAC072-22	GDP5BG	45
LPUAC073-22	GDP5BG	38
LPUAC074-22	GDP5BG	22
LPUAC075-22	GDP5BG	34
LPUAC076-22	GDP5BG	44
LPUAC077-22	GDP5BG	35
LPUAC078-22	GDP5BG	39
LPUAC079-22	GDP5BG	55
LPUAC080-22	GDP5BG	52
LPUAC081-22	GDP5BG	37
LPUAC082-22	GDP5BG	37
LPUAC083-22	GDP5BG	42
LPUAC084-22	GDP5BG	40
LPUAC085-22	GDP5BG	36
LPUAC086-22	GDP5BG	24
LPUAC087-22	GDP5BG	45
LPUAC088-22	GDP5BG	56
LPUAC089-22	GDP5BG	42
LPUAC090-22	GDP5BG	35
LPUAC091-22	GDP5BG	21
LPUAC092-22	GDP5BG	41
LPUAC093-22	GDP5BG	53
LPUAC094-22	GDP5BG	3
LPUAC095-22	GDP5BG	43
LPUAC096-22	GDP5BG	44
LPUAC097-22	GDP5BG	43
LPUAC098-22	GDP5BG	41
LPUAC099-22	GDP5BG	42
LPUAC100-22	GDP5BG	38
LPUAC101-22	GDP5BG	25
LPUAC102-22	GDP5BG	54
LPUAC103-22	GDP5BG	53
LPUAC104-22	GDP5BG	50
LPUAC105-22	GDP5BG	43
LPUAC106-22	GDP5BG	31
LPUAC107-22	GDP5BG	48
LPUAC108-22	GDP5BG	43
LPUAC109-22	GDP5BG	27
LPUAC110-22	GDP5BG	37
LPUAC111-22	GDP5BG	21
LPUAC112-22	GDP5BG	36
LPUAC113-22	GDP5BG	36
LPUAC114-22	GDP5BG	42
LPUAC115-22	GDP5BG	6
LPUAC116-22	GDP5BG	35
LPUAC117-22	GDP5BG	14
LPUAC118-22	GDP5BG	46
LPUAC119-22	GDP5BG	36
LPUAC120-22	GDP5BG	37
LPUAC121-22	GDP5BG	48
LPUAC122-22	GDP5BG	24
LPUAC123-22	GDP5BG	39
LPUAC124-22	GDP5BG	26
LPUAC125-22	GDP5BG	26
LPUAC127-22	GDP5BG	48
LPUAC128-22	GDP5BG	25
LPUAC129-22	GDP5BG	30
LPUAC130-22	GDP5BG	44
LPUAC131-22	GDP5BG	47
LPUAC132-22	GDP5BG	49
LPUAC133-22	GDP5BG	36
LPUAC134-22	GDP5BG	41
LPUAC135-22	GDP5BG	40
LPUAC136-22	GDP5BG	52
LPUAC137-22	GDP5BG	36
LPUAC138-22	GDP5BG	54
LPUAC139-22	GDP5BG	47
LPUAC140-22	GDP5BG	44
LPUAC141-22	GDP5BG	27
LPUAC142-22	GDP5BG	50
LPUAC143-22	GDP5BG	32
LPUAC144-22	GDP5BG	25
LPUAC145-22	GDP5BG	25
LPUAC146-22	GDP5BG	19
LPUAC147-22	GDP5BG	33
LPUAC148-22	GDP5BG	49
LPUAC149-22	GDP5BG	35
LPUAC150-22	GDP5BG	32
LPUAC151-22	GDP5BG	43
LPUAC152-22	GDP5BG	49
LPUAC153-22	GDP5BG	46
LPUAC154-22	GDP5BG	46
LPUAC155-22	GDP5BG	33
LPUAC156-22	GDP5BG	35
LPUAC157-22	GDP5BG	47
LPUAC158-22	GDP5BG	28
LPUAC159-22	GDP5BG	26
LPUAC160-22	GDP5BG	29
LPUAC161-22	GDP5BG	46
LPUAC162-22	GDP5BG	23
LPUAC163-22	GDP5BG	26
LPUAC164-22	GDP5BG	16
LPUAC165-22	GDP5BG	21
LPUAC166-22	GDP5BG	12
LPUAC167-22	GDP5BG	14
LPUAC168-22	GDP5BG	15
LPUAC169-22	GDP5BG	20
LPUAC170-22	GDP5BG	40
LPUAC171-22	GDP5BG	36
LPUAC172-22	GDP5BG	44
LPUAC173-22	GDP5BG	15
LPUAC174-22	GDP5BG	28
LPUAC175-22	GDP5BG	39
LPUAC176-22	GDP5BG	42
LPUAC177-22	GDP5BG	40
LPUAC178-22	GDP5BG	17
LPUAC179-22	GDP5BG	16
LPUAC180-22	GDP5BG	31
LPUAC181-22	GDP5BG	24
LPUAC182-22	GDP5BG	2
LPUAC183-22	GDP5BG	29
LPUAC184-22	GDP5BG	8
LPUAC185-22	GDP5BG	41
LPUAC187-22	GDP5BG	54
LPUAC188-22	GDP5BG	16
LPUAC189-22	GDP5BG	20
LPUAC190-22	GDP5BG	22
LPUAC191-22	GDP5BG	40
LPUAC192-22	GDP5BG	20
LPUAC193-22	GDP5BG	37
LPUAC194-22	GDP5BG	22
LPUAC195-22	GDP5BG	24
LPUAC196-22	GDP5BG	25
LPUAC197-22	GDP5BG	44
LPUAC198-22	GDP5BG	63
LPUAC199-22	GDP5BG	33
LPUAC200-22	GDP5BG	11
LPUAC201-22	GDP5BG	28
LPUAC202-22	GDP5BG	44
LPUAC203-22	GDP5BG	23
LPUAC204-22	GDP5BG	46
LPUAC205-22	GDP5BG	13
LPUAC206-22	GDP5BG	29
LPUAC207-22	GDP5BG	30
LPUAC208-22	GDP5BG	24
LPUAC209-22	GDP5BG	30
LPUAC210-22	GDP5BG	17
LPUAC211-22	GDP5BG	17
LPUAC212-22	GDP5BG	31
LPUAC213-22	GDP5BG	43
LPUAC214-22	GDP5BG	27
LPUAC215-22	GDP5BG	9
LPUAC216-22	GDP5BG	14
LPUAC217-22	GDP5BG	41
LPUAC218-22	GDP5BG	41
LPUAC219-22	GDP5BG	15
LPUAC220-22	GDP5BG	5
LPUAC221-22	GDP5BG	32
LPUAC222-22	GDP5BG	46
LPUAC223-22	GDP5BG	41
LPUAC224-22	GDP5BG	17
LPUAC225-22	GDP5BG	23
LPUAC226-22	GDP5BG	24
LPUAC227-22	GDP5BG	24
LPUAC228-22	GDP5BG	32
LPUAC229-22	GDP5BG	32
LPUAC230-22	GDP5BG	25
LPUAC231-22	GDP5BG	38
LPUAC232-22	GDP5BG	28
LPUAC233-22	GDP5BG	36
LPUAC234-22	GDP5BG	27
LPUAC235-22	GDP5BG	33
LPUAC236-22	GDP5BG	4
LPUAC237-22	GDP5BG	3
LPUAC238-22	GDP5BG	23
LPUAC239-22	GDP5BG	34
LPUAC240-22	GDP5BG	11
LPUAC241-22	GDP5BG	32
LPUAC242-22	GDP5BG	37
LPUAC243-22	GDP5BG	12
LPUAC244-22	GDP5BG	26
LPUAC245-22	GDP5BG	30
LPUAC246-22	GDP5BG	11
LPUAC247-22	GDP5BG	38
LPUAC248-22	GDP5BG	37
LPUAC249-22	GDP5BG	14
LPUAC250-22	GDP5BG	48
LPUAC251-22	GDP5BG	29
LPUAC252-22	GDP5BG	22
LPUAC254-22	GDP5BG	29
LPUAC255-22	GDP5BG	48
LPUAC256-22	GDP5BG	32
LPUAC257-22	GDP5BG	41
LPUAC258-22	GDP5BG	37
LPUAC259-22	GDP5BG	51
LPUAC260-22	GDP5BG	22
LPUAC261-22	GDP5BG	39
LPUAC262-22	GDP5BG	19
LPUAC263-22	GDP5BG	34
LPUAC264-22	GDP5BG	34
LPUAC265-22	GDP5BG	30
LPUAC266-22	GDP5BG	32
LPUAC267-22	GDP5BG	21
LPUAC268-22	GDP5BG	28
LPUAC269-22	GDP5BG	50
LPUAC270-22	GDP5BG	31
LPUAC271-22	GDP5BG	36
LPUAC272-22	GDP5BG	41
LPUAC273-22	GDP5BG	28
LPUAC274-22	GDP5BG	55
LPUAC275-22	GDP5BG	36
LPUAC276-22	GDP5BG	36
LPUAC277-22	GDP5BG	28
LPUAC278-22	GDP5BG	21
LPUAC279-22	GDP5BG	21
LPUAC280-22	GDP5BG	35
LPUAC281-22	GDP5BG	38
LPUAC282-22	GDP5BG	33
LPUAC283-22	GDP5BG	43
LPUAC284-22	GDP5BG	43
LPUAC285-22	GDP5BG	27
LPUAC286-22	GDP5BG	30
LPUAC287-22	GDP5BG	43
LPUAC288-22	GDP5BG	39
LPUAC289-22	GDP5BG	39
LPUAC290-22	GDP5BG	52
LPUAC291-22	GDP5BG	23
LPUAC292-22	GDP5BG	36
LPUAC293-22	GDP5BG	32
LPUAC294-22	GDP5BG	20
LPUAC295-22	GDP5BG	33
LPUAC296-22	GDP5BG	48
LPUAC297-22	GDP5BG	44
LPUAC298-22	GDP5BG	34
LPUAC299-22	GDP5BG	19
LPUAC300-22	GDP5BG	19
LPUAC301-22	GDP5BG	31
LPUAC302-22	GDP5BG	29
LPUAC303-22	GDP5BG	32
LPUAC305-22	GDP5BG	54
LPUAC306-22	GDP5BG	35
LPUAC307-22	GDP5BG	31
LPUAC308-22	GDP5BG	3
LPUAC310-22	GDP5BG	37
LPUAC311-22	GDP5BG	42
LPUAC312-22	GDP5BG	28
LPUAC313-22	GDP5BG	41
LPUAC314-22	GDP5BG	25
LPUAC315-22	GDP5BG	49
LPUAC316-22	GDP5BG	30
LPUAC317-22	GDP5BG	53
LPUAC318-22	GDP5BG	45
LPUAC319-22	GDP5BG	46
LPUAC320-22	GDP5BG	16
LPUAC321-22	GDP5BG	54
LPUAC322-22	GDP5BG	38
LPUAC323-22	GDP5BG	22
LPUAC324-22	GDP5BG	57
LPUAC325-22	GDP5BG	33
LPUAC326-22	GDP5BG	44
LPUAC327-22	GDP5BG	42
LPUAC328-22	GDP5BG	35
LPUAC329-22	GDP5BG	32
LPUAC330-22	GDP5BG	36
LPUAC331-22	GDP5BG	47
LPUAC332-22	GDP5BG	65
LPUAC333-22	GDP5BG	38
LPUAC334-22	GDP5BG	25
LPUAC335-22	GDP5BG	30
LPUAC336-22	GDP5BG	45
LPUAC337-22	GDP5BG	45
LPUAC338-22	GDP5BG	53
LPUAC339-22	GDP5BG	32
LPUAC340-22	GDP5BG	35
LPUAC341-22	GDP5BG	48
LPUAC342-22	GDP5BG	44
LPUAC343-22	GDP5BG	57
LPUAC344-22	GDP5BG	40
LPUAC345-22	GDP5BG	24
LPUAC346-22	GDP5BG	40
LPUAC347-22	GDP5BG	31
LPUAC348-22	GDP5BG	36
LPUAC349-22	GDP5BG	49
LPUAC350-22	GDP5BG	38
LPUAC351-22	GDP5BG	57
LPUAC352-22	GDP5BG	37
LPUAC353-22	GDP5BG	46
LPUAC354-22	GDP5BG	5
LPUAC355-22	GDP5BG	13
LPUAC356-22	GDP5BG	16
LPUAC357-22	GDP5BG	12
LPUAC358-22	GDP5BG	4
LPUAC359-22	GDP5BG	2
LPUAC360-22	GDP5BG	51
LPUAC361-22	GDP5BG	10
LPUAC362-22	GDP5BG	8
LPUAC363-22	GDP5BG	8
LPUAC366-22	GDP5BG	19
LPUAC368-22	GDP5BG	15
LPUAC369-22	GDP5BG	39
LPUAC370-22	GDP5BG	33
LPUAC371-22	GDP5BG	15
LPUAC372-22	GDP5BG	36
LPUAC373-22	GDP5BG	45
LPUAC374-22	GDP5BG	20
LPUAC375-22	GDP5BG	3
LPUAC376-22	GDP5BG	48
LPUAC377-22	GDP5BG	2
LPUAC378-22	GDP5BG	7
LPUAC384-22	GDP5BG	10
LPUAC385-22	GDP5BG	8
LPUAC386-22	GDP5BG	6
LPUAC388-22	GDP5BG	15
LPUAC389-22	GDP5BG	6
LPUAC390-22	GDP5BG	10
LPUAC391-22	GDP5BG	2
LPUAC392-22	GDP5BG	3
LPUAC393-22	GDP5BG	3
LPUAC394-22	GDP5BG	3
LPUAC395-22	GDP5BG	9
LPUAC396-22	GDP5BG	6
LPUAC397-22	GDP5BG	13
LPUAC398-22	GDP5BG	4
LPUAC399-22	GDP5BG	9
LPUAC400-22	GDP5BG	14
LPUAC401-22	GDP5BG	6
LPUAC403-22	GDP5BG	6
LPUAC404-22	GDP5BG	15
LPUAC407-22	GDP5BG	6
LPUAC408-22	GDP5BG	7
LPUAC409-22	GDP5BG	11
LPUAC410-22	GDP5BG	11
LPUAC411-22	GDP5BG	8
LPUAC412-22	GDP5BG	4
LPUAC413-22	GDP5BG	3
LPUAC414-22	GDP5BG	19
LPUAC415-22	GDP5BG	14
LPUAC416-22	GDP5BG	19
LPUAC417-22	GDP5BG	10
LPUAC418-22	GDP5BG	12
LPUAC420-22	GDP5BG	12
LPUAC421-22	GDP5BG	48
LPUAC422-22	GDP5BG	4
LPUAC423-22	GDP5BG	17
LPUAC424-22	GDP5BG	15
LPUAC425-22	GDP5BG	12
LPUAC426-22	GDP5BG	27
LPUAC427-22	GDP5BG	6
LPUAC428-22	GDP5BG	5
LPUAC429-22	GDP5BG	10
LPUAC430-22	GDP5BG	4
LPUAC432-22	GDP5BG	34
LPUAC433-22	GDP5BG	4
LPUAC434-22	GDP5BG	10
LPUAC435-22	GDP5BG	15
LPUAC436-22	GDP5BG	24
LPUAC437-22	GDP5BG	14
LPUAC438-22	GDP5BG	9
LPUAC439-22	GDP5BG	23
LPUAC440-22	GDP5BG	16
LPUAC441-22	GDP5BG	13
LPUAC442-22	GDP5BG	5
LPUAC443-22	GDP5BG	7
LPUAC444-22	GDP5BG	20
LPUAC445-22	GDP5BG	20
LPUAC446-22	GDP5BG	8
LPUAC447-22	GDP5BG	10
LPUAC448-22	GDP5BG	18
LPUAC449-22	GDP5BG	55
LPUAC450-22	GDP5BG	29
LPUAC451-22	GDP5BG	34
LPUAC452-22	GDP5BG	14
LPUAC453-22	GDP5BG	31
LPUAC454-22	GDP5BG	42
LPUAC455-22	GDP5BG	43
LPUAC456-22	GDP5BG	4
LPUAC457-22	GDP5BG	29
LPUAC458-22	GDP5BG	19
LPUAC459-22	GDP5BG	30
LPUAC460-22	GDP5BG	49
LPUAC461-22	GDP5BG	10
LPUAC462-22	GDP5BG	32
LPUAC463-22	GDP5BG	9
LPUAC464-22	GDP5BG	44
LPUAC465-22	GDP5BG	34
LPUAC466-22	GDP5BG	42
LPUAC467-22	GDP5BG	9
LPUAC468-22	GDP5BG	33
LPUAC469-22	GDP5BG	17
LPUAC470-22	GDP5BG	26
LPUAC471-22	GDP5BG	42
LPUAC472-22	GDP5BG	19
LPUAC473-22	GDP5BG	39
LPUAC474-22	GDP5BG	3
LPUAC475-22	GDP5BG	39
LPUAC476-22	GDP5BG	15
LPUAC477-22	GDP5BG	25
LPUAC478-22	GDP5BG	27
LPUAC479-22	GDP5BG	8
LPUAC480-22	GDP5BG	29
LPUAC481-22	GDP5BG	27
LPUAC482-22	GDP5BG	37
LPUAC483-22	GDP5BG	3
LPUAC484-22	GDP5BG	47
LPUAC485-22	GDP5BG	47
LPUAC486-22	GDP5BG	14
LPUAC487-22	GDP5BG	32
LPUAC488-22	GDP5BG	17
LPUAC489-22	GDP5BG	27
LPUAC490-22	GDP5BG	30
LPUAC491-22	GDP5BG	36
LPUAC492-22	GDP5BG	18
LPUAC493-22	GDP5BG	45
LPUAC494-22	GDP5BG	14
LPUAC495-22	GDP5BG	6
LPUAC496-22	GDP5BG	46
LPUAC497-22	GDP5BG	41
LPUAC498-22	GDP5BG	11
LPUAC499-22	GDP5BG	28
LPUAC501-22	GDP5BG	4
LPUAC502-22	GDP5BG	9
LPUAC503-22	GDP5BG	36
LPUAC504-22	GDP5BG	26
LPUAC506-22	GDP5BG	16
LPUAC507-22	GDP5BG	41
LPUAC509-22	GDP5BG	40
LPUAC510-22	GDP5BG	48
LPUAC511-22	GDP5BG	7
LPUAC512-22	GDP5BG	25
LPUAC513-22	GDP5BG	15
LPUAC514-22	GDP5BG	2
LPUAC515-22	GDP5BG	5
LPUAC516-22	GDP5BG	39
LPUAC517-22	GDP5BG	31
LPUAC518-22	GDP5BG	36
LPUAC519-22	GDP5BG	36
LPUAC520-22	GDP5BG	55
LPUAC521-22	GDP5BG	61
LPUAC522-22	GDP5BG	29
LPUAC523-22	GDP5BG	23
LPUAC524-22	GDP5BG	45
LPUAC525-22	GDP5BG	34
LPUAC526-22	GDP5BG	36
LPUAC527-22	GDP5BG	33
LPUAC528-22	GDP5BG	27
LPUAC529-22	GDP5BG	41
LPUAC530-22	GDP5BG	40
LPUAC531-22	GDP5BG	48
LPUAC532-22	GDP5BG	42
LPUAC533-22	GDP5BG	59
LPUAC534-22	GDP5BG	31
LPUAC535-22	GDP5BG	40
LPUAC536-22	GDP5BG	32
LPUAC537-22	GDP5BG	46
LPUAC538-22	GDP5BG	49
LPUAC539-22	GDP5BG	39
LPUAC540-22	GDP5BG	35
LPUAC541-22	GDP5BG	35
LPUAC542-22	GDP5BG	28
LPUAC543-22	GDP5BG	40
LPUAC544-22	GDP5BG	52
LPUAC545-22	GDP5BG	34
LPUAC546-22	GDP5BG	35
LPUAC547-22	GDP5BG	38
LPUAC548-22	GDP5BG	34
LPUAC549-22	GDP5BG	45
LPUAC550-22	GDP5BG	49
LPUAC551-22	GDP5BG	24
LPUAC552-22	GDP5BG	33
LPUAC553-22	GDP5BG	22
LPUAC554-22	GDP5BG	36
LPUAC555-22	GDP5BG	36
LPUAC556-22	GDP5BG	54
LPUAC557-22	GDP5BG	48
LPUAC558-22	GDP5BG	33
LPUAC559-22	GDP5BG	42
LPUAC560-22	GDP5BG	41
LPUAC561-22	GDP5BG	22
LPUAC562-22	GDP5BG	44
LPUAC563-22	GDP5BG	27
LPUAC564-22	GDP5BG	44
LPUAC565-22	GDP5BG	22
LPUAC566-22	GDP5BG	27
LPUAC567-22	GDP5BG	46
LPUAC568-22	GDP5BG	40
LPUAC569-22	GDP5BG	44
LPUAC570-22	GDP5BG	24
LPUAC571-22	GDP5BG	42
LPUAC572-22	GDP5BG	52
LPUAC573-22	GDP5BG	48
LPUAC574-22	GDP5BG	50
LPUAC575-22	GDP5BG	25
LPUAC576-22	GDP5BG	32
LPUAC577-22	GDP5BG	40
LPUAC578-22	GDP5BG	52
LPUAC579-22	GDP5BG	51
LPUAC580-22	GDP5BG	48
LPUAC581-22	GDP5BG	38
LPUAC582-22	GDP5BG	34
LPUAC583-22	GDP5BG	35
LPUAC585-22	GDP5BG	39
LPUAC586-22	GDP5BG	52
LPUAC587-22	GDP5BG	29
LPUAC588-22	GDP5BG	35
LPUAC589-22	GDP5BG	30
LPUAC590-22	GDP5BG	46
LPUAC591-22	GDP5BG	58
LPUAC592-22	GDP5BG	63
LPUAC593-22	GDP5BG	37
LPUAC594-22	GDP5BG	36
LPUAC595-22	GDP5BG	33
LPUAC596-22	GDP5BG	39
LPUAC597-22	GDP5BG	41
LPUAC598-22	GDP5BG	25
LPUAC599-22	GDP5BG	49
LPUAC600-22	GDP5BG	16
LPUAC601-22	GDP5BG	47
LPUAC602-22	GDP5BG	33
LPUAC603-22	GDP5BG	27
LPUAC604-22	GDP5BG	69
LPUAC605-22	GDP5BG	32
LPUAC606-22	GDP5BG	31
LPUAC607-22	GDP5BG	28
LPUAC608-22	GDP5BG	39
LPUAC610-22	GDP5BG	45
LPUAC611-22	GDP5BG	38
LPUAC612-22	GDP5BG	45
LPUAC613-22	GDP5BG	35
LPUAC614-22	GDP5BG	26
LPUAC615-22	GDP5BG	68
LPUAC616-22	GDP5BG	27
LPUAC617-22	GDP5BG	24
LPUAC618-22	GDP5BG	34
LPUAC619-22	GDP5BG	33
LPUAC620-22	GDP5BG	30
LPUAC621-22	GDP5BG	20
LPUAC622-22	GDP5BG	37
LPUAC623-22	GDP5BG	20
LPUAC624-22	GDP5BG	4
LPUAC625-22	GDP5BG	38
LPUAC626-22	GDP5BG	41
LPUAC627-22	GDP5BG	44
LPUAC628-22	GDP5BG	55
LPUAC629-22	GDP5BG	15
LPUAC630-22	GDP5BG	21
LPUAC631-22	GDP5BG	35
LPUAC632-22	GDP5BG	41
LPUAC633-22	GDP5BG	35
LPUAC634-22	GDP5BG	34
LPUAC635-22	GDP5BG	35
LPUAC636-22	GDP5BG	34
LPUAC637-22	GDP5BG	29
LPUAC638-22	GDP5BG	51
LPUAC639-22	GDP5BG	46
LPUAC640-22	GDP5BG	36
LPUAC641-22	GDP5BG	39
LPUAC642-22	GDP5BG	38
LPUAC643-22	GDP5BG	31
LPUAC644-22	GDP5BG	37
LPUAC645-22	GDP5BG	29
LPUAC646-22	GDP5BG	24
LPUAC647-22	GDP5BG	42
LPUAC648-22	GDP5BG	45
LPUAC649-22	GDP5BG	44
LPUAC650-22	GDP5BG	45
LPUAC651-22	GDP5BG	37
LPUAC652-22	GDP5BG	32
LPUAC653-22	GDP5BG	29
LPUAC654-22	GDP5BG	41
LPUAC655-22	GDP5BG	45
LPUAC656-22	GDP5BG	35
LPUAC657-22	GDP5BG	31
LPUAC658-22	GDP5BG	23
LPUAC659-22	GDP5BG	28
LPUAC660-22	GDP5BG	35
LPUAC661-22	GDP5BG	38
LPUAC662-22	GDP5BG	46
LPUAC663-22	GDP5BG	28
LPUAC664-22	GDP5BG	25
LPUAC665-22	GDP5BG	32
LPUAC666-22	GDP5BG	27
LPUAC667-22	GDP5BG	31
LPUAC668-22	GDP5BG	31
LPUAC669-22	GDP5BG	32
LPUAC670-22	GDP5BG	36
LPUAC671-22	GDP5BG	37
LPUAC672-22	GDP5BG	40
LPUAC673-22	GDP5BG	36
LPUAC674-22	GDP5BG	43
LPUAC675-22	GDP5BG	40
LPUAC676-22	GDP5BG	27
LPUAC677-22	GDP5BG	36
LPUAC678-22	GDP5BG	29
LPUAC679-22	GDP5BG	29
LPUAC680-22	GDP5BG	26
LPUAC681-22	GDP5BG	30
LPUAC682-22	GDP5BG	27
LPUAC683-22	GDP5BG	33
LPUAC684-22	GDP5BG	38
LPUAC685-22	GDP5BG	37
LPUAC686-22	GDP5BG	36
LPUAC687-22	GDP5BG	36
LPUAC688-22	GDP5BG	26
LPUAC689-22	GDP5BG	25
LPUAC690-22	GDP5BG	35
LPUAC691-22	GDP5BG	21
LPUAC692-22	GDP5BG	20
LPUAC693-22	GDP5BG	37
LPUAC694-22	GDP5BG	29
LPUAC695-22	GDP5BG	29
LPUAC696-22	GDP5BG	35
LPUAC697-22	GDP5BG	46
LPUAC698-22	GDP5BG	40
LPUAC699-22	GDP5BG	21
LPUAC700-22	GDP5BG	42
LPUAC701-22	GDP5BG	27
LPUAC702-22	GDP5BG	24
LPUAC703-22	GDP5BG	37
LPUAC704-22	GDP5BG	28
LPUAC706-22	GDP5BG	20
LPUAC707-22	GDP5BG	32
LPUAC708-22	GDP5BG	29
LPUAC709-22	GDP5BG	40
LPUAC710-22	GDP5BG	40
LPUAC711-22	GDP5BG	24
LPUAC712-22	GDP5BG	51
LPUAC713-22	GDP5BG	34
LPUAC714-22	GDP5BG	40
LPUAC715-22	GDP5BG	42
LPUAC716-22	GDP5BG	35
LPUAC717-22	GDP5BG	36
LPUAC718-22	GDP5BG	32
LPUAC719-22	GDP5BG	56
LPUAC720-22	GDP5BG	48
LPUAC721-22	GDP5BG	56
LPUAC722-22	GDP5BG	52
LPUAC723-22	GDP5BG	19
LPUAC724-22	GDP5BG	48
LPUAC725-22	GDP5BG	62
LPUAC726-22	GDP5BG	48
LPUAC727-22	GDP5BG	33
LPUAC728-22	GDP5BG	39
LPUAC729-22	GDP5BG	46
LPUAC730-22	GDP5BG	28
LPUAC731-22	GDP5BG	27
LPUAC732-22	GDP5BG	37
LPUAC733-22	GDP5BG	43
LPUAC734-22	GDP5BG	30
LPUAC735-22	GDP5BG	1
LPUAC736-22	GDP5BG	36
LPUAC737-22	GDP5BG	27
LPUAC738-22	GDP5BG	28
LPUAC739-22	GDP5BG	35
LPUAC740-22	GDP5BG	10
LPUAC741-22	GDP5BG	32
LPUAC742-22	GDP5BG	20
LPUAC743-22	GDP5BG	21
LPUAC744-22	GDP5BG	33
LPUAC745-22	GDP5BG	12
LPUAC746-22	GDP5BG	28
LPUAC747-22	GDP5BG	32
LPUAC748-22	GDP5BG	31
LPUAC749-22	GDP5BG	13
LPUAC750-22	GDP5BG	37
LPUAC751-22	GDP5BG	22
LPUAC752-22	GDP5BG	24
LPUAC753-22	GDP5BG	36
LPUAC754-22	GDP5BG	23
LPUAC755-22	GDP5BG	19
LPUAC756-22	GDP5BG	33
LPUAC757-22	GDP5BG	55
LPUAC758-22	GDP5BG	22
LPUAC759-22	GDP5BG	27
LPUAC760-22	GDP5BG	39
LPUAC761-22	GDP5BG	7
LPUAC762-22	GDP5BG	14
LPUAC763-22	GDP5BG	26
LPUAC764-22	GDP5BG	7
LPUAC765-22	GDP5BG	21
LPUAC766-22	GDP5BG	25
LPUAC767-22	GDP5BG	35
LPUAC768-22	GDP5BG	19
LPUAC769-22	GDP5BG	35
LPUAC770-22	GDP5BG	22
LPUAC771-22	GDP5BG	25
LPUAC772-22	GDP5BG	19
LPUAC773-22	GDP5BG	28
LPUAC774-22	GDP5BG	27
LPUAC775-22	GDP5BG	39
LPUAC776-22	GDP5BG	25
LPUAC777-22	GDP5BG	22
LPUAC778-22	GDP5BG	12
LPUAC779-22	GDP5BG	20
LPUAC781-22	GDP5BG	20
LPUAC782-22	GDP5BG	7
LPUAC783-22	GDP5BG	9
LPUAC784-22	GDP5BG	13
LPUAC785-22	GDP5BG	24
LPUAC786-22	GDP5BG	20
LPUAC787-22	GDP5BG	12
LPUAC788-22	GDP5BG	9
LPUAC789-22	GDP5BG	19
LPUAC790-22	GDP5BG	5
LPUAC791-22	GDP5BG	11
LPUAC792-22	GDP5BG	23
LPUAC793-22	GDP5BG	3
LPUAC794-22	GDP5BG	22
LPUAC795-22	GDP5BG	37
LPUAC796-22	GDP5BG	41
LPUAC797-22	GDP5BG	21
LPUAC798-22	GDP5BG	21
LPUAC799-22	GDP5BG	43
LPUAC800-22	GDP5BG	19
LPUAC801-22	GDP5BG	28
LPUAC802-22	GDP5BG	18
LPUAC803-22	GDP5BG	36
LPUAC804-22	GDP5BG	24
LPUAC805-22	GDP5BG	28
LPUAC806-22	GDP5BG	36
LPUAC807-22	GDP5BG	36
LPUAC808-22	GDP5BG	10
LPUAC809-22	GDP5BG	25
LPUAC810-22	GDP5BG	21
LPUAC811-22	GDP5BG	32
LPUAC812-22	GDP5BG	29
LPUAC813-22	GDP5BG	30
LPUAC814-22	GDP5BG	37
LPUAC815-22	GDP5BG	37
LPUAC817-22	GDP5BG	38
LPUAC818-22	GDP5BG	22
LPUAC819-22	GDP5BG	33
LPUAC820-22	GDP5BG	33
LPUAC821-22	GDP5BG	2
LPUAC822-22	GDP5BG	34
LPUAC823-22	GDP5BG	36
LPUAC824-22	GDP5BG	16
LPUAC825-22	GDP5BG	37
LPUAC826-22	GDP5BG	38
LPUAC827-22	GDP5BG	32
LPUAC828-22	GDP5BG	29
LPUAC829-22	GDP5BG	12
LPUAC830-22	GDP5BG	40
LPUAC831-22	GDP5BG	21
LPUAC832-22	GDP5BG	14
LPUAC833-22	GDP5BG	16
LPUAC834-22	GDP5BG	15
LPUAC835-22	GDP5BG	25
LPUAC836-22	GDP5BG	14
LPUAC837-22	GDP5BG	12
LPUAC838-22	GDP5BG	16
LPUAC839-22	GDP5BG	24
LPUAC840-22	GDP5BG	11
LPUAC841-22	GDP5BG	22
LPUAC842-22	GDP5BG	31
LPUAC843-22	GDP5BG	13
LPUAC844-22	GDP5BG	30
LPUAC845-22	GDP5BG	15
LPUAC846-22	GDP5BG	6
LPUAC848-22	GDP5BG	6
LPUAC849-22	GDP5BG	11
LPUAC851-22	GDP5BG	1
LPUAC852-22	GDP5BG	3
LPUAC853-22	GDP5BG	3
LPUAC854-22	GDP5BG	5
LPUAC856-22	GDP5BG	6
LPUAC858-22	GDP5BG	8
LPUAC860-22	GDP5BG	5
LPUAC861-22	GDP5BG	8
LPUAC862-22	GDP5BG	17
LPUAC863-22	GDP5BG	9
LPUAC864-22	GDP5BG	12
LPUAC866-22	GDP5BG	34
LPUAC867-22	GDP5BG	19
LPUAC868-22	GDP5BG	8
LPUAC869-22	GDP5BG	9
LPUAC870-22	GDP5BG	14
LPUAC871-22	GDP5BG	8
LPUAC872-22	GDP5BG	15
LPUAC873-22	GDP5BG	16
LPUAC874-22	GDP5BG	15
LPUAC875-22	GDP5BG	24
LPUAC876-22	GDP5BG	26
LPUAC877-22	GDP5BG	27
LPUAC878-22	GDP5BG	16
LPUAC879-22	GDP5BG	21
LPUAC880-22	GDP5BG	20
LPUAC882-22	GDP5BG	12
LPUAC883-22	GDP5BG	18
LPUAC884-22	GDP5BG	13
LPUAC885-22	GDP5BG	14
LPUAC886-22	GDP5BG	13
LPUAC887-22	GDP5BG	15
LPUAC888-22	GDP5BG	30
LPUAC889-22	GDP5BG	29
LPUAC890-22	GDP5BG	32
LPUAC891-22	GDP5BG	30
LPUAC892-22	GDP5BG	16
LPUAC893-22	GDP5BG	32
LPUAC895-22	GDP5BG	2
LPUAC896-22	GDP5BG	21
LPUAC898-22	GDP5BG	3
LPUAD1402-22	GFLAAK	33
LPUAD1403-22	GFLAAK	30
LPUAD1404-22	GFLAAK	11
LPUAD1405-22	GFLAAK	30
LPUAD1406-22	GFLAAK	25
LPUAD1407-22	GFLAAK	24
LPUAD1408-22	GFLAAK	28
LPUAD1409-22	GFLAAK	18
LPUAD1410-22	GFLAAK	25
LPUAD1411-22	GFLAAK	25
LPUAD1412-22	GFLAAK	18
LPUAD1413-22	GFLAAK	13
LPUAD1414-22	GFLAAK	27
LPUAD1415-22	GFLAAK	25
LPUAD1416-22	GFLAAK	24
LPUAD1417-22	GFLAAK	6
LPUAD1418-22	GFLAAK	31
LPUAD1419-22	GFLAAK	23
LPUAD1420-22	GFLAAK	24
LPUAD1421-22	GFLAAK	26
LPUAD1422-22	GFLAAK	25
LPUAD1423-22	GFLAAK	24
LPUAD1424-22	GFLAAK	27
LPUAD1425-22	GFLAAK	27
LPUAD1426-22	GFLAAK	35
LPUAD1427-22	GFLAAK	17
LPUAD1428-22	GFLAAK	32
LPUAD1429-22	GFLAAK	37
LPUAD1430-22	GFLAAK	29
LPUAD1431-22	GFLAAK	30
LPUAD1432-22	GFLAAK	22
LPUAD1433-22	GFLAAK	20
LPUAD1434-22	GFLAAK	16
LPUAD1435-22	GFLAAK	28
LPUAD1436-22	GFLAAK	26
LPUAD1437-22	GFLAAK	28
LPUAD1438-22	GFLAAK	39
LPUAD1439-22	GFLAAK	29
LPUAD1440-22	GFLAAK	32
LPUAD1441-22	GFLAAK	33
LPUAD1442-22	GFLAAK	27
LPUAD1443-22	GFLAAK	31
LPUAD1444-22	GFLAAK	17
LPUAD1445-22	GFLAAK	15
LPUAD1446-22	GFLAAK	21
LPUAD1447-22	GFLAAK	17
LPUAD1448-22	GFLAAK	22
LPUAD1449-22	GFLAAK	13
LPUAD1450-22	GFLAAK	21
LPUAD1451-22	GFLAAK	12
LPUAD1453-22	GFLAAK	18
LPUAD1454-22	GFLAAK	19
LPUAD1455-22	GFLAAK	23
LPUAD1456-22	GFLAAK	22
LPUAD1457-22	GFLAAK	20
LPUAD1458-22	GFLAAK	28
LPUAD1459-22	GFLAAK	19
LPUAD1460-22	GFLAAK	21
LPUAD1461-22	GFLAAK	27
LPUAD1462-22	GFLAAK	16
LPUAD1463-22	GFLAAK	24
LPUAD1464-22	GFLAAK	14
LPUAD1465-22	GFLAAK	21
LPUAD1466-22	GFLAAK	22
LPUAD1467-22	GFLAAK	23
LPUAD1468-22	GFLAAK	17
LPUAD1469-22	GFLAAK	16
LPUAD1470-22	GFLAAK	18
LPUAD1471-22	GFLAAK	17
LPUAD1472-22	GFLAAK	11
LPUAD1473-22	GFLAAK	29
LPUAD1474-22	GFLAAK	20
LPUAD1475-22	GFLAAK	28
LPUAD1476-22	GFLAAK	27
LPUAD1477-22	GFLAAK	27
LPUAD1478-22	GFLAAK	33
LPUAD1479-22	GFLAAK	16
LPUAD1480-22	GFLAAK	24
LPUAD1481-22	GFLAAK	33
LPUAD1482-22	GFLAAK	14
LPUAD1483-22	GFLAAK	12
LPUAD1484-22	GFLAAK	22
LPUAD1485-22	GFLAAK	16
LPUAD1486-22	GFLAAK	24
LPUAD1487-22	GFLAAK	21
LPUAD1488-22	GFLAAK	26
LPUAD1489-22	GFLAAK	35
LPUAD1490-22	GFLAAK	30
LPUAD1491-22	GFLAAK	26
LPUAD1492-22	GFLAAK	21
LPUAD1493-22	GFLAAK	26
LPUAD1494-22	GFLAAK	9
LPUAD1495-22	GFLAAK	22
LPUAD1496-22	GFLAAK	25
LPUAD1497-22	GFLAAK	10
LPUAD1498-22	GFLAAK	26
LPUAD1499-22	GFLAAK	6
LPUAD1501-22	GFLAAK	35
LPUAD1502-22	GFLAAK	35
LPUAD1503-22	GFLAAK	27
LPUAD1504-22	GFLAAK	38
LPUAD1505-22	GFLAAK	38
LPUAD1506-22	GFLAAK	35
LPUAD1507-22	GFLAAK	21
LPUAD1509-22	GFLAAK	31
LPUAD1510-22	GFLAAK	12
LPUAD1511-22	GFLAAK	35
LPUAD1512-22	GFLAAK	34
LPUAD1513-22	GFLAAK	29
LPUAD1514-22	GFLAAK	28
LPUAD1515-22	GFLAAK	30
LPUAD1516-22	GFLAAK	21
LPUAD1517-22	GFLAAK	10
LPUAD1518-22	GFLAAK	19
LPUAD1519-22	GFLAAK	24
LPUAD1520-22	GFLAAK	26
LPUAD1521-22	GFLAAK	21
LPUAD1522-22	GFLAAK	23
LPUAD1523-22	GFLAAK	36
LPUAD1524-22	GFLAAK	28
LPUAD1525-22	GFLAAK	30
LPUAD1526-22	GFLAAK	3
LPUAD1527-22	GFLAAK	15
LPUAD1528-22	GFLAAK	14
LPUAD1529-22	GFLAAK	19
LPUAD1530-22	GFLAAK	21
LPUAD1531-22	GFLAAK	7
LPUAD1532-22	GFLAAK	24
LPUAD1533-22	GFLAAK	19
LPUAD1534-22	GFLAAK	35
LPUAD1535-22	GFLAAK	31
LPUAD1536-22	GFLAAK	23
LPUAD1537-22	GFLAAK	25
LPUAD1538-22	GFLAAK	12
LPUAD1539-22	GFLAAK	13
LPUAD1540-22	GFLAAK	21
LPUAD1541-22	GFLAAK	17
LPUAD1542-22	GFLAAK	14
LPUAD1543-22	GFLAAK	21
LPUAD1544-22	GFLAAK	13
LPUAD1545-22	GFLAAK	17
LPUAD1546-22	GFLAAK	32
LPUAD1547-22	GFLAAK	23
LPUAD1548-22	GFLAAK	16
LPUAD1549-22	GFLAAK	29
LPUAD1550-22	GFLAAK	15
LPUAD1551-22	GFLAAK	21
LPUAD1552-22	GFLAAK	22
LPUAD1553-22	GFLAAK	19
LPUAD1554-22	GFLAAK	20
LPUAD1555-22	GFLAAK	23
LPUAD1557-22	GFLAAK	31
LPUAD1558-22	GFLAAK	14
LPUAD1559-22	GFLAAK	15
LPUAD1560-22	GFLAAK	8
LPUAD1561-22	GFLAAK	12
LPUAD1562-22	GFLAAK	15
LPUAD1563-22	GFLAAK	10
LPUAD1564-22	GFLAAK	10
LPUAD1565-22	GFLAAK	21
LPUAD1566-22	GFLAAK	4
LPUAD1567-22	GFLAAK	10
LPUAD1568-22	GFLAAK	18
LPUAD1569-22	GFLAAK	16
LPUAD1570-22	GFLAAK	24
LPUAD1571-22	GFLAAK	16
LPUAD1573-22	GFLAAK	17
LPUAD1574-22	GFLAAK	11
LPUAD1575-22	GFLAAK	9
LPUAD1576-22	GFLAAK	16
LPUAD1577-22	GFLAAK	20
LPUAD1578-22	GFLAAK	13
LPUAD1579-22	GFLAAK	17
LPUAD1580-22	GFLAAK	19
LPUAD1582-22	GFLAAK	15
LPUAD1583-22	GFLAAK	27
LPUAD1584-22	GFLAAK	22
LPUAD1585-22	GFLAAK	25
LPUAD1586-22	GFLAAK	3
LPUAD1587-22	GFLAAK	26
LPUAD1588-22	GFLAAK	28
LPUAD1589-22	GFLAAK	15
LPUAD1590-22	GFLAAK	24
LPUAD1591-22	GFLAAK	20
LPUAD1592-22	GFLAAK	14
LPUAD1593-22	GFLAAK	29
LPUAD1594-22	GFLAAK	25
LPUAD1595-22	GFLAAK	34
LPUAD1596-22	GFLAAK	24
LPUAD1597-22	GFLAAK	4
LPUAD1598-22	GFLAAK	22
LPUAD1599-22	GFLAAK	35
LPUAD1600-22	GFLAAK	20
LPUAD1601-22	GFLAAK	20
LPUAD1602-22	GFLAAK	15
LPUAD1603-22	GFLAAK	22
LPUAD1604-22	GFLAAK	27
LPUAD1605-22	GFLAAK	33
LPUAD1606-22	GFLAAK	28
LPUAD1607-22	GFLAAK	22
LPUAD1608-22	GFLAAK	28
LPUAD1609-22	GFLAAK	25
LPUAD1610-22	GFLAAK	21
LPUAD1611-22	GFLAAK	4
LPUAD1612-22	GFLAAK	17
LPUAD1613-22	GFLAAK	21
LPUAD1614-22	GFLAAK	26
LPUAD1615-22	GFLAAK	12
LPUAD1616-22	GFLAAK	31
LPUAD1617-22	GFLAAK	24
LPUAD1618-22	GFLAAK	30
LPUAD1619-22	GFLAAK	23
LPUAD1620-22	GFLAAK	16
LPUAD1621-22	GFLAAK	31
LPUAD1622-22	GFLAAK	9
LPUAD1623-22	GFLAAK	12
LPUAD1624-22	GFLAAK	13
LPUAD1625-22	GFLAAK	21
LPUAD1626-22	GFLAAK	21
LPUAD1627-22	GFLAAK	23
LPUAD1628-22	GFLAAK	20
LPUAD1629-22	GFLAAK	36
LPUAD1630-22	GFLAAK	47
LPUAD1631-22	GFLAAK	30
LPUAD1632-22	GFLAAK	24
LPUAD1633-22	GFLAAK	27
LPUAD1634-22	GFLAAK	5
LPUAD1635-22	GFLAAK	21
LPUAD1636-22	GFLAAK	23
LPUAD1637-22	GFLAAK	18
LPUAD1638-22	GFLAAK	25
LPUAD1639-22	GFLAAK	17
LPUAD1640-22	GFLAAK	30
LPUAD1641-22	GFLAAK	19
LPUAD1642-22	GFLAAK	23
LPUAD1643-22	GFLAAK	18
LPUAD1644-22	GFLAAK	45
LPUAD1645-22	GFLAAK	28
LPUAD1646-22	GFLAAK	22
LPUAD1647-22	GFLAAK	4
LPUAD1648-22	GFLAAK	18
LPUAD1649-22	GFLAAK	3
LPUAD1650-22	GFLAAK	21
LPUAD1651-22	GFLAAK	19
LPUAD1652-22	GFLAAK	24
LPUAD1653-22	GFLAAK	15
LPUAD1654-22	GFLAAK	20
LPUAD1655-22	GFLAAK	13
LPUAD1656-22	GFLAAK	14
LPUAD1657-22	GFLAAK	10
LPUAD1658-22	GFLAAK	17
LPUAD1659-22	GFLAAK	27
LPUAD1660-22	GFLAAK	13
LPUAD1661-22	GFLAAK	14
LPUAD1662-22	GFLAAK	15
LPUAD1663-22	GFLAAK	33
LPUAD1664-22	GFLAAK	36
LPUAD1665-22	GFLAAK	20
LPUAD1666-22	GFLAAK	24
LPUAD1667-22	GFLAAK	28
LPUAD1668-22	GFLAAK	30
LPUAD1669-22	GFLAAK	20
LPUAD1670-22	GFLAAK	25
LPUAD1671-22	GFLAAK	25
LPUAD1672-22	GFLAAK	17
LPUAD1673-22	GFLAAK	21
LPUAD1674-22	GFLAAK	27
LPUAD1675-22	GFLAAK	29
LPUAD1676-22	GFLAAK	33
LPUAD1677-22	GFLAAK	23
LPUAD1678-22	GFLAAK	31
LPUAD1679-22	GFLAAK	24
LPUAD1680-22	GFLAAK	13
LPUAD1681-22	GFLAAK	28
LPUAD1682-22	GFLAAK	23
LPUAD1683-22	GFLAAK	26
LPUAD1684-22	GFLAAK	18
LPUAD1685-22	GFLAAK	27
LPUAD1686-22	GFLAAK	25
LPUAD1687-22	GFLAAK	23
LPUAD1688-22	GFLAAK	32
LPUAD1689-22	GFLAAK	15
LPUAD1690-22	GFLAAK	18
LPUAD1691-22	GFLAAK	16
LPUAD1692-22	GFLAAK	28
LPUAD1693-22	GFLAAK	28
LPUAD1694-22	GFLAAK	35
LPUAD1695-22	GFLAAK	18
LPUAD1696-22	GFLAAK	22
LPUAD1697-22	GFLAAK	7
LPUAD1698-22	GFLAAK	31
LPUAD1699-22	GFLAAK	50
LPUAD1700-22	GFLAAK	27
LPUAD1701-22	GFLAAK	30
LPUAD1702-22	GFLAAK	36
LPUAD1703-22	GFLAAK	33
LPUAD1704-22	GFLAAK	32
LPUAD1705-22	GFLAAK	25
LPUAD1707-22	GFLAAK	13
LPUAD1708-22	GFLAAK	31
LPUAD1709-22	GFLAAK	21
LPUAD1710-22	GFLAAK	20
LPUAD1711-22	GFLAAK	15
LPUAD1712-22	GFLAAK	35
LPUAD1715-22	GFLAAK	25
LPUAD1716-22	GFLAAK	31
LPUAD1717-22	GFLAAK	22
LPUAD1718-22	GFLAAK	24
LPUAD1719-22	GFLAAK	9
LPUAD1720-22	GFLAAK	3
LPUAD1721-22	GFLAAK	16
LPUAD1722-22	GFLAAK	33
LPUAD1723-22	GFLAAK	29
LPUAD1724-22	GFLAAK	41
LPUAD1725-22	GFLAAK	18
LPUAD1726-22	GFLAAK	5
LPUAD1727-22	GFLAAK	45
LPUAD1728-22	GFLAAK	2
LPUAD1729-22	GFLAAK	4
LPUAD1730-22	GFLAAK	3
LPUAD1731-22	GFLAAK	27
LPUAD1732-22	GFLAAK	4
LPUAD1733-22	GFLAAK	26
LPUAD1734-22	GFLAAK	7
LPUAD1735-22	GFLAAK	21
LPUAD1736-22	GFLAAK	34
LPUAD1737-22	GFLAAK	8
LPUAD1738-22	GFLAAK	6
LPUAD1739-22	GFLAAK	40
LPUAD1740-22	GFLAAK	5
LPUAD1744-22	GFLAAK	3
LPUAD1745-22	GFLAAK	10
LPUAD1747-22	GFLAAK	27
LPUAD1748-22	GFLAAK	35
LPUAD1749-22	GFLAAK	32
LPUAD1750-22	GFLAAK	27
LPUAD1751-22	GFLAAK	13
LPUAD1752-22	GFLAAK	18
LPUAD1753-22	GFLAAK	6
LPUAD1754-22	GFLAAK	2
LPUAD1755-22	GFLAAK	16
LPUAD1756-22	GFLAAK	11
LPUAD1757-22	GFLAAK	3
LPUAD1758-22	GFLAAK	2
LPUAD1759-22	GFLAAK	21
LPUAD1760-22	GFLAAK	34
LPUAD1761-22	GFLAAK	30
LPUAD1762-22	GFLAAK	28
LPUAD1763-22	GFLAAK	5
LPUAD1764-22	GFLAAK	3
LPUAD1765-22	GFLAAK	4
LPUAD1766-22	GFLAAK	19
LPUAD1767-22	GFLAAK	28
LPUAD1768-22	GFLAAK	6
LPUAD1769-22	GFLAAK	16
LPUAD1770-22	GFLAAK	9
LPUAD1771-22	GFLAAK	3
LPUAD1772-22	GFLAAK	4
LPUAD1773-22	GFLAAK	30
LPUAD1774-22	GFLAAK	4
LPUAD1775-22	GFLAAK	3
LPUAD1776-22	GFLAAK	27
LPUAD1777-22	GFLAAK	23
LPUAD1778-22	GFLAAK	35
LPUAD1780-22	GFLAAK	8
LPUAD1781-22	GFLAAK	7
LPUAD1782-22	GFLAAK	7
LPUAD1783-22	GFLAAK	7
LPUAD1784-22	GFLAAK	34
LPUAD1785-22	GFLAAK	9
LPUAD1786-22	GFLAAK	5
LPUAD1787-22	GFLAAK	11
LPUAD1788-22	GFLAAK	9
LPUAD1789-22	GFLAAK	30
LPUAD1790-22	GFLAAK	26
LPUAD1791-22	GFLAAK	25
LPUAD1792-22	GFLAAK	4
LPUAD1793-22	GFLAAK	29
LPUAD1794-22	GFLAAK	13
LPUAD1795-22	GFLAAK	4
LPUAD1796-22	GFLAAK	52
LPUAD1798-22	GFLAAK	13
LPUAD1799-22	GFLAAK	9
LPUAD1800-22	GFLAAK	13
LPUAD1801-22	GFLAAK	28
LPUAD1802-22	GFLAAK	4
LPUAD1803-22	GFLAAK	3
LPUAD1804-22	GFLAAK	12
LPUAD1805-22	GFLAAK	7
LPUAD1806-22	GFLAAK	3
LPUAD1807-22	GFLAAK	43
LPUAD1808-22	GFLAAK	33
LPUAD1809-22	GFLAAK	24
LPUAD1810-22	GFLAAK	33
LPUAD1811-22	GFLAAK	34
LPUAD1812-22	GFLAAK	29
LPUAD1813-22	GFLAAK	22
LPUAD1814-22	GFLAAK	24
LPUAD1815-22	GFLAAK	23
LPUAD1816-22	GFLAAK	31
LPUAD1817-22	GFLAAK	35
LPUAD1818-22	GFLAAK	27
LPUAD1819-22	GFLAAK	40
LPUAD1820-22	GFLAAK	3
LPUAD1821-22	GFLAAK	41
LPUAD1822-22	GFLAAK	39
LPUAD1823-22	GFLAAK	38
LPUAD1824-22	GFLAAK	44
LPUAD1825-22	GFLAAK	31
LPUAD1826-22	GFLAAK	39
LPUAD1827-22	GFLAAK	40
LPUAD1828-22	GFLAAK	23
LPUAD1829-22	GFLAAK	35
LPUAD1830-22	GFLAAK	27
LPUAD1831-22	GFLAAK	45
LPUAD1832-22	GFLAAK	29
LPUAD1833-22	GFLAAK	35
LPUAD1834-22	GFLAAK	31
LPUAD1835-22	GFLAAK	32
LPUAD1836-22	GFLAAK	25
LPUAD1837-22	GFLAAK	40
LPUAD1838-22	GFLAAK	30
LPUAD1839-22	GFLAAK	37
LPUAD1840-22	GFLAAK	37
LPUAD1841-22	GFLAAK	27
LPUAD1842-22	GFLAAK	29
LPUAD1843-22	GFLAAK	46
LPUAD1844-22	GFLAAK	42
LPUAD1845-22	GFLAAK	21
LPUAD1846-22	GFLAAK	36
LPUAD1847-22	GFLAAK	32
LPUAD1848-22	GFLAAK	21
LPUAD1849-22	GFLAAK	26
LPUAD1850-22	GFLAAK	31
LPUAD1851-22	GFLAAK	30
LPUAD1852-22	GFLAAK	22
LPUAD1853-22	GFLAAK	24
LPUAD1854-22	GFLAAK	3
LPUAD1855-22	GFLAAK	38
LPUAD1856-22	GFLAAK	34
LPUAD1857-22	GFLAAK	14
LPUAD1858-22	GFLAAK	32
LPUAD1859-22	GFLAAK	6
LPUAD1860-22	GFLAAK	2
LPUAD1861-22	GFLAAK	17
LPUAD1862-22	GFLAAK	12
LPUAD1863-22	GFLAAK	2
LPUAD1864-22	GFLAAK	27
LPUAD1865-22	GFLAAK	23
LPUAD1867-22	GFLAAK	46
LPUAD1868-22	GFLAAK	11
LPUAD1869-22	GFLAAK	26
LPUAD1871-22	GFLAAK	10
LPUAD1872-22	GFLAAK	5
LPUAD1873-22	GFLAAK	6
LPUAD1874-22	GFLAAK	1
LPUAD1875-22	GFLAAK	14
LPUAD1876-22	GFLAAK	39
LPUAD1877-22	GFLAAK	42
LPUAD1878-22	GFLAAK	27
LPUAD1879-22	GFLAAK	37
LPUAD1880-22	GFLAAK	16
LPUAD1881-22	GFLAAK	43
LPUAD1882-22	GFLAAK	32
LPUAD1883-22	GFLAAK	34
LPUAD1884-22	GFLAAK	25
LPUAD1885-22	GFLAAK	27
LPUAD1886-22	GFLAAK	49
LPUAD1887-22	GFLAAK	38
LPUAD1888-22	GFLAAK	49
LPUAD1889-22	GFLAAK	43
LPUAD1890-22	GFLAAK	33
LPUAD1891-22	GFLAAK	34
LPUAD1892-22	GFLAAK	36
LPUAD1893-22	GFLAAK	26
LPUAD1894-22	GFLAAK	40
LPUAD1895-22	GFLAAK	38
LPUAD1896-22	GFLAAK	36
LPUAD1897-22	GFLAAK	40
LPUAD1898-22	GFLAAK	33
LPUAD1899-22	GFLAAK	25
LPUAD1900-22	GFLAAK	32
LPUAD1901-22	GFLAAK	31
LPUAD1902-22	GFLAAK	31
LPUAD1903-22	GFLAAK	7
LPUAD1904-22	GFLAAK	42
LPUAD1905-22	GFLAAK	31
LPUAD1906-22	GFLAAK	39
LPUAD1907-22	GFLAAK	40
LPUAD1908-22	GFLAAK	30
LPUAD1909-22	GFLAAK	28
LPUAD1910-22	GFLAAK	35
LPUAD1911-22	GFLAAK	42
LPUAD1912-22	GFLAAK	45
LPUAD1913-22	GFLAAK	46
LPUAD1914-22	GFLAAK	41
LPUAD1915-22	GFLAAK	45
LPUAD1916-22	GFLAAK	42
LPUAD1917-22	GFLAAK	23
LPUAD1918-22	GFLAAK	46
LPUAD1919-22	GFLAAK	37
LPUAD1920-22	GFLAAK	35
LPUAD1921-22	GFLAAK	27
LPUAD1922-22	GFLAAK	28
LPUAD1923-22	GFLAAK	34
LPUAD1924-22	GFLAAK	39
LPUAD1925-22	GFLAAK	11
LPUAD1926-22	GFLAAK	37
LPUAD1927-22	GFLAAK	51
LPUAD1928-22	GFLAAK	37
LPUAD1929-22	GFLAAK	32
LPUAD1930-22	GFLAAK	31
LPUAD1931-22	GFLAAK	36
LPUAD1932-22	GFLAAK	29
LPUAD1933-22	GFLAAK	36
LPUAD1934-22	GFLAAK	53
LPUAD1935-22	GFLAAK	18
LPUAD1936-22	GFLAAK	53
LPUAD1937-22	GFLAAK	62
LPUAD1938-22	GFLAAK	26
LPUAD1939-22	GFLAAK	39
LPUAD1940-22	GFLAAK	32
LPUAD1941-22	GFLAAK	35
LPUAD1942-22	GFLAAK	39
LPUAD1943-22	GFLAAK	16
LPUAD1944-22	GFLAAK	26
LPUAD1945-22	GFLAAK	34
LPUAD1946-22	GFLAAK	31
LPUAD1947-22	GFLAAK	18
LPUAD1948-22	GFLAAK	35
LPUAD1949-22	GFLAAK	50
LPUAD1950-22	GFLAAK	37
LPUAD1951-22	GFLAAK	36
LPUAD1952-22	GFLAAK	53
LPUAD1953-22	GFLAAK	53
LPUAD1954-22	GFLAAK	24
LPUAD1955-22	GFLAAK	33
LPUAD1956-22	GFLAAK	31
LPUAD1957-22	GFLAAK	38
LPUAD1958-22	GFLAAK	34
LPUAD1959-22	GFLAAK	34
LPUAD1960-22	GFLAAK	31
LPUAD1961-22	GFLAAK	35
LPUAD1962-22	GFLAAK	44
LPUAD1963-22	GFLAAK	39
LPUAD1964-22	GFLAAK	46
LPUAD1965-22	GFLAAK	41
LPUAD1966-22	GFLAAK	37
LPUAD1967-22	GFLAAK	22
LPUAD1968-22	GFLAAK	30
LPUAD1969-22	GFLAAK	55
LPUAD1970-22	GFLAAK	35
LPUAD1971-22	GFLAAK	28
LPUAD1972-22	GFLAAK	20
LPUAD1973-22	GFLAAK	20
LPUAD1974-22	GFLAAK	32
LPUAD1975-22	GFLAAK	47
LPUAD1976-22	GFLAAK	6
LPUAD1977-22	GFLAAK	3
LPUAD1978-22	GFLAAK	2
LPUAD1979-22	GFLAAK	24
LPUAD1980-22	GFLAAK	27
LPUAD1981-22	GFLAAK	3
LPUAD1982-22	GFLAAK	23
LPUAD1983-22	GFLAAK	22
LPUAD1985-22	GFLAAK	13
LPUAD1986-22	GFLAAK	51
LPUAD1987-22	GFLAAK	12
LPUAD1988-22	GFLAAK	11
LPUAD1989-22	GFLAAK	42
LPUAD1990-22	GFLAAK	34
LPUAD1991-22	GFLAAK	3
LPUAD1992-22	GFLAAK	41
LPUAD1993-22	GFLAAK	27
LPUAD1994-22	GFLAAK	33
LPUAD1995-22	GFLAAK	33
LPUAD1996-22	GFLAAK	10
LPUAD1997-22	GFLAAK	24
LPUAD1998-22	GFLAAK	29
LPUAD2000-22	GFLAAK	8
LPUAD2001-22	GFLAAK	9
LPUAD2002-22	GFLAAK	3
LPUAD2003-22	GFLAAK	24
LPUAD2004-22	GFLAAK	21
LPUAD2006-22	GFLAAK	37
LPUAD2007-22	GFLAAK	27
LPUAD2008-22	GFLAAK	35
LPUAD2009-22	GFLAAK	20
LPUAD2010-22	GFLAAK	10
LPUAD2011-22	GFLAAK	24
LPUAD2012-22	GFLAAK	12
LPUAD2013-22	GFLAAK	12
LPUAD2015-22	GFLAAK	32
LPUAD2016-22	GFLAAK	3
LPUAD2017-22	GFLAAK	8
LPUAD2018-22	GFLAAK	18
LPUAD2019-22	GFLAAK	7
LPUAD2021-22	GFLAAK	32
LPUAD2022-22	GFLAAK	36
LPUAD2023-22	GFLAAK	4
LPUAD2024-22	GFLAAK	2
LPUAD2025-22	GFLAAK	17
LPUAD2026-22	GFLAAK	32
LPUAD2027-22	GFLAAK	19
LPUAD2028-22	GFLAAK	21
LPUAD2029-22	GFLAAK	6
LPUAD2030-22	GFLAAK	6
LPUAD2031-22	GFLAAK	17
LPUAD2032-22	GFLAAK	42
LPUAD2033-22	GFLAAK	6
LPUAD2034-22	GFLAAK	28
LPUAD2035-22	GFLAAK	23
LPUAD2036-22	GFLAAK	24
LPUAD2037-22	GFLAAK	19
LPUAD2038-22	GFLAAK	25
LPUAD2039-22	GFLAAK	27
LPUAD2040-22	GFLAAK	23
LPUAD2041-22	GFLAAK	22
LPUAD2042-22	GFLAAK	3
LPUAD2043-22	GFLAAK	16
LPUAD2044-22	GFLAAK	16
LPUAD2045-22	GFLAAK	37
LPUAD2046-22	GFLAAK	23
LPUAD2047-22	GFLAAK	23
LPUAD2048-22	GFLAAK	4
LPUAD2049-22	GFLAAK	8
LPUAD2050-22	GFLAAK	10
LPUAD2051-22	GFLAAK	20
LPUAD2052-22	GFLAAK	22
LPUAD2053-22	GFLAAK	24
LPUAD2054-22	GFLAAK	25
LPUAD2055-22	GFLAAK	26
LPUAD2056-22	GFLAAK	31
LPUAD2057-22	GFLAAK	29
LPUAD2058-22	GFLAAK	34
LPUAD2059-22	GFLAAK	33
LPUAD2060-22	GFLAAK	27
LPUAD2061-22	GFLAAK	20
LPUAD2062-22	GFLAAK	26
LPUAD2063-22	GFLAAK	30
LPUAD2064-22	GFLAAK	22
LPUAD2065-22	GFLAAK	23
LPUAD2066-22	GFLAAK	29
LPUAD2067-22	GFLAAK	26
LPUAD2068-22	GFLAAK	22
LPUAD2069-22	GFLAAK	10
LPUAD2070-22	GFLAAK	30
LPUAD2071-22	GFLAAK	38
LPUAD2072-22	GFLAAK	25
LPUAD2073-22	GFLAAK	29
LPUAD2074-22	GFLAAK	31
LPUAD2075-22	GFLAAK	21
LPUAD2076-22	GFLAAK	38
LPUAD2077-22	GFLAAK	23
LPUAD2078-22	GFLAAK	19
LPUAD2079-22	GFLAAK	42
LPUAD2080-22	GFLAAK	20
LPUAD2081-22	GFLAAK	22
LPUAD2082-22	GFLAAK	38
LPUAD2083-22	GFLAAK	33
LPUAD2084-22	GFLAAK	31
LPUAD2085-22	GFLAAK	23
LPUAD2086-22	GFLAAK	23
LPUAD2087-22	GFLAAK	25
LPUAD2088-22	GFLAAK	14
LPUAD2089-22	GFLAAK	43
LPUAD2090-22	GFLAAK	40
LPUAD2091-22	GFLAAK	11
LPUAD2092-22	GFLAAK	24
LPUAD3233-22	GFLAAK	45
LPUAD3234-22	GFLAAK	32
LPUAD3235-22	GFLAAK	32
LPUAD3236-22	GFLAAK	30
LPUAD3237-22	GFLAAK	25
LPUAD3238-22	GFLAAK	33
LPUAD3239-22	GFLAAK	28
LPUAD3240-22	GFLAAK	20
LPUAD3241-22	GFLAAK	30
LPUAD3242-22	GFLAAK	23
LPUAD3243-22	GFLAAK	37
LPUAD3244-22	GFLAAK	44
LPUAD3245-22	GFLAAK	67
LPUAD3247-22	GFLAAK	7
LPUAD3248-22	GFLAAK	43
LPUAD3249-22	GFLAAK	28
LPUAD3250-22	GFLAAK	30
LPUAD3251-22	GFLAAK	24
LPUAD3252-22	GFLAAK	26
LPUAD3253-22	GFLAAK	52
LPUAD3254-22	GFLAAK	35
LPUAD3255-22	GFLAAK	23
LPUAD3256-22	GFLAAK	38
LPUAD3257-22	GFLAAK	45
LPUAD3258-22	GFLAAK	25
LPUAD3259-22	GFLAAK	37
LPUAD3260-22	GFLAAK	35
LPUAD3261-22	GFLAAK	42
LPUAD3262-22	GFLAAK	31
LPUAD3263-22	GFLAAK	43
LPUAD3264-22	GFLAAK	40
LPUAD3265-22	GFLAAK	42
LPUAD3266-22	GFLAAK	34
LPUAD3267-22	GFLAAK	42
LPUAD3268-22	GFLAAK	40
LPUAD3269-22	GFLAAK	28
LPUAD3270-22	GFLAAK	27
LPUAD3271-22	GFLAAK	30
LPUAD3272-22	GFLAAK	30
LPUAD3273-22	GFLAAK	24
LPUAD3274-22	GFLAAK	38
LPUAD3275-22	GFLAAK	24
LPUAD3276-22	GFLAAK	49
LPUAD3277-22	GFLAAK	33
LPUAD3278-22	GFLAAK	34
LPUAD3279-22	GFLAAK	42
LPUAD3280-22	GFLAAK	44
LPUAD3281-22	GFLAAK	40
LPUAD3282-22	GFLAAK	22
LPUAD3283-22	GFLAAK	28
LPUAD3284-22	GFLAAK	42
LPUAD3285-22	GFLAAK	38
LPUAD3286-22	GFLAAK	45
LPUAD3287-22	GFLAAK	49
LPUAD3288-22	GFLAAK	18
LPUAD3289-22	GFLAAK	37
LPUAD3290-22	GFLAAK	48
LPUAD3291-22	GFLAAK	36
LPUAD3292-22	GFLAAK	54
LPUAD3293-22	GFLAAK	28
LPUAD3294-22	GFLAAK	24
LPUAD3295-22	GFLAAK	42
LPUAD3296-22	GFLAAK	32
LPUAD3297-22	GFLAAK	35
LPUAD3298-22	GFLAAK	40
LPUAD3299-22	GFLAAK	45
LPUAD3300-22	GFLAAK	38
LPUAD3301-22	GFLAAK	60
LPUAD3302-22	GFLAAK	50
LPUAD3303-22	GFLAAK	57
LPUAD3304-22	GFLAAK	38
LPUAD3305-22	GFLAAK	28
LPUAD3306-22	GFLAAK	42
LPUAD3307-22	GFLAAK	35
LPUAD3308-22	GFLAAK	37
LPUAD3309-22	GFLAAK	30
LPUAD3310-22	GFLAAK	44
LPUAD3311-22	GFLAAK	43
LPUAD3312-22	GFLAAK	34
LPUAD3313-22	GFLAAK	71
LPUAD3314-22	GFLAAK	40
LPUAD3315-22	GFLAAK	38
LPUAD3316-22	GFLAAK	41
LPUAD3317-22	GFLAAK	51
LPUAD3318-22	GFLAAK	31
LPUAD3319-22	GFLAAK	31
LPUAD3320-22	GFLAAK	29
LPUAD3321-22	GFLAAK	52
LPUAD3322-22	GFLAAK	39
LPUAD3323-22	GFLAAK	31
LPUAD3324-22	GFLAAK	38
LPUAD3325-22	GFLAAK	41
LPUAD3326-22	GFLAAK	47
LPUAD3327-22	GFLAAK	50
LPUAD3328-22	GFLAAK	41
LPUAD3329-22	GFLAAK	29
LPUAD3330-22	GFLAAK	20
LPUAD3331-22	GFLAAK	14
LPUAD3332-22	GFLAAK	39
LPUAD3333-22	GFLAAK	30
LPUAD3334-22	GFLAAK	30
LPUAD3335-22	GFLAAK	40
LPUAD3336-22	GFLAAK	33
LPUAD3337-22	GFLAAK	43
LPUAD3338-22	GFLAAK	37
LPUAD3339-22	GFLAAK	31
LPUAD3340-22	GFLAAK	26
LPUAD3341-22	GFLAAK	13
LPUAD3342-22	GFLAAK	26
LPUAD3343-22	GFLAAK	42
LPUAD3344-22	GFLAAK	14
LPUAD3345-22	GFLAAK	35
LPUAD3346-22	GFLAAK	26
LPUAD3347-22	GFLAAK	57
LPUAD3348-22	GFLAAK	41
LPUAD3349-22	GFLAAK	30
LPUAD3350-22	GFLAAK	39
LPUAD3351-22	GFLAAK	37
LPUAD3352-22	GFLAAK	45
LPUAD3353-22	GFLAAK	36
LPUAD3354-22	GFLAAK	13
LPUAD3355-22	GFLAAK	31
LPUAD3356-22	GFLAAK	37
LPUAD3357-22	GFLAAK	39
LPUAD3358-22	GFLAAK	29
LPUAD3359-22	GFLAAK	36
LPUAD3360-22	GFLAAK	49
LPUAD3361-22	GFLAAK	39
LPUAD3362-22	GFLAAK	32
LPUAD3363-22	GFLAAK	44
LPUAD3364-22	GFLAAK	7
LPUAD3365-22	GFLAAK	22
LPUAD3366-22	GFLAAK	30
LPUAD3367-22	GFLAAK	27
LPUAD3368-22	GFLAAK	12
LPUAD3369-22	GFLAAK	34
LPUAD3370-22	GFLAAK	32
LPUAD3371-22	GFLAAK	35
LPUAD3372-22	GFLAAK	45
LPUAD3373-22	GFLAAK	55
LPUAD3374-22	GFLAAK	26
LPUAD3375-22	GFLAAK	52
LPUAD3376-22	GFLAAK	24
LPUAD3377-22	GFLAAK	28
LPUAD3378-22	GFLAAK	38
LPUAD3379-22	GFLAAK	28
LPUAD3380-22	GFLAAK	26
LPUAD3381-22	GFLAAK	43
LPUAD3382-22	GFLAAK	31
LPUAD3383-22	GFLAAK	38
LPUAD3384-22	GFLAAK	40
LPUAD3385-22	GFLAAK	49
LPUAD3386-22	GFLAAK	49
LPUAD3387-22	GFLAAK	40
LPUAD3388-22	GFLAAK	39
LPUAD3389-22	GFLAAK	37
LPUAD3390-22	GFLAAK	31
LPUAD3391-22	GFLAAK	17
LPUAD3392-22	GFLAAK	40
LPUAD3393-22	GFLAAK	46
LPUAD3394-22	GFLAAK	43
LPUAD3395-22	GFLAAK	47
LPUAD3396-22	GFLAAK	46
LPUAD3397-22	GFLAAK	44
LPUAD3398-22	GFLAAK	56
LPUAD3399-22	GFLAAK	26
LPUAD3400-22	GFLAAK	36
LPUAD3401-22	GFLAAK	42
LPUAD3402-22	GFLAAK	30
LPUAD3403-22	GFLAAK	33
LPUAD3404-22	GFLAAK	55
LPUAD3405-22	GFLAAK	44
LPUAD3406-22	GFLAAK	53
LPUAD3407-22	GFLAAK	48
LPUAD3408-22	GFLAAK	50
LPUAD3409-22	GFLAAK	26
LPUAD3410-22	GFLAAK	47
LPUAD3411-22	GFLAAK	39
LPUAD3412-22	GFLAAK	45
LPUAD3413-22	GFLAAK	39
LPUAD3414-22	GFLAAK	16
LPUAD3415-22	GFLAAK	46
LPUAD3416-22	GFLAAK	56
LPUAD3417-22	GFLAAK	49
LPUAD3418-22	GFLAAK	28
LPUAD3419-22	GFLAAK	38
LPUAD3420-22	GFLAAK	57
LPUAD3421-22	GFLAAK	41
LPUAD3422-22	GFLAAK	41
LPUAD3423-22	GFLAAK	43
LPUAD3424-22	GFLAAK	40
LPUAD3425-22	GFLAAK	28
LPUAD3426-22	GFLAAK	35
LPUAD3427-22	GFLAAK	31
LPUAD3428-22	GFLAAK	40
LPUAD3429-22	GFLAAK	43
LPUAD3430-22	GFLAAK	32
LPUAD3431-22	GFLAAK	33
LPUAD3432-22	GFLAAK	37
LPUAD3433-22	GFLAAK	34
LPUAD3434-22	GFLAAK	46
LPUAD3435-22	GFLAAK	51
LPUAD3436-22	GFLAAK	24
LPUAD3437-22	GFLAAK	39
LPUAD3438-22	GFLAAK	33
LPUAD3439-22	GFLAAK	42
LPUAD3440-22	GFLAAK	25
LPUAD3441-22	GFLAAK	57
LPUAD3442-22	GFLAAK	33
LPUAD3443-22	GFLAAK	35
LPUAD3444-22	GFLAAK	43
LPUAD3445-22	GFLAAK	41
LPUAD3446-22	GFLAAK	36
LPUAD3447-22	GFLAAK	26
LPUAD3448-22	GFLAAK	29
LPUAD3449-22	GFLAAK	39
LPUAD3450-22	GFLAAK	33
LPUAD3451-22	GFLAAK	43
LPUAD3452-22	GFLAAK	44
LPUAD3453-22	GFLAAK	40
LPUAD3454-22	GFLAAK	45
LPUAD3455-22	GFLAAK	28
LPUAD3456-22	GFLAAK	43
LPUAD3457-22	GFLAAK	30
LPUAD3458-22	GFLAAK	34
LPUAD3459-22	GFLAAK	24
LPUAD3460-22	GFLAAK	22
LPUAD3461-22	GFLAAK	35
LPUAD3462-22	GFLAAK	19
LPUAD3463-22	GFLAAK	44
LPUAD3464-22	GFLAAK	34
LPUAD3465-22	GFLAAK	43
LPUAD3466-22	GFLAAK	39
LPUAD3467-22	GFLAAK	29
LPUAD3468-22	GFLAAK	44
LPUAD3469-22	GFLAAK	31
LPUAD3470-22	GFLAAK	36
LPUAD3471-22	GFLAAK	50
LPUAD3472-22	GFLAAK	28
LPUAD3473-22	GFLAAK	9
LPUAD3474-22	GFLAAK	30
LPUAD3475-22	GFLAAK	32
LPUAD3476-22	GFLAAK	34
LPUAD3477-22	GFLAAK	43
LPUAD3478-22	GFLAAK	37
LPUAD3479-22	GFLAAK	42
LPUAD3480-22	GFLAAK	28
LPUAD3481-22	GFLAAK	55
LPUAD3482-22	GFLAAK	9
LPUAD3483-22	GFLAAK	28
LPUAD3485-22	GFLAAK	32
LPUAD3486-22	GFLAAK	41
LPUAD3487-22	GFLAAK	44
LPUAD3488-22	GFLAAK	42
LPUAD3489-22	GFLAAK	41
LPUAD3490-22	GFLAAK	33
LPUAD3491-22	GFLAAK	32
LPUAD3492-22	GFLAAK	54
LPUAD3493-22	GFLAAK	26
LPUAD3494-22	GFLAAK	39
LPUAD3495-22	GFLAAK	40
LPUAD3496-22	GFLAAK	42
LPUAD3497-22	GFLAAK	44
LPUAD3498-22	GFLAAK	36
LPUAD3499-22	GFLAAK	38
LPUAD3500-22	GFLAAK	31
LPUAD3501-22	GFLAAK	42
LPUAD3502-22	GFLAAK	41
LPUAD3503-22	GFLAAK	41
LPUAD3504-22	GFLAAK	48
LPUAD3505-22	GFLAAK	42
LPUAD3506-22	GFLAAK	36
LPUAD3507-22	GFLAAK	32
LPUAD3508-22	GFLAAK	31
LPUAD3509-22	GFLAAK	46
LPUAD3510-22	GFLAAK	44
LPUAD3511-22	GFLAAK	44
LPUAD3512-22	GFLAAK	44
LPUAD3513-22	GFLAAK	46
LPUAD3514-22	GFLAAK	28
LPUAD3515-22	GFLAAK	38
LPUAD3516-22	GFLAAK	46
LPUAD3517-22	GFLAAK	34
LPUAD3518-22	GFLAAK	37
LPUAD3519-22	GFLAAK	38
LPUAD3520-22	GFLAAK	35
LPUAD3521-22	GFLAAK	38
LPUAD3522-22	GFLAAK	35
LPUAD3523-22	GFLAAK	38
LPUAD3524-22	GFLAAK	45
LPUAD3525-22	GFLAAK	25
LPUAD3526-22	GFLAAK	33
LPUAD3527-22	GFLAAK	44
LPUAD3528-22	GFLAAK	41
LPUAD3529-22	GFLAAK	3
LPUAD3530-22	GFLAAK	34
LPUAD3531-22	GFLAAK	32
LPUAD3532-22	GFLAAK	30
LPUAD3533-22	GFLAAK	23
LPUAD3534-22	GFLAAK	20
LPUAD3535-22	GFLAAK	33
LPUAD3536-22	GFLAAK	36
LPUAD3537-22	GFLAAK	39
LPUAD3538-22	GFLAAK	35
LPUAD3539-22	GFLAAK	46
LPUAD3540-22	GFLAAK	41
LPUAD3541-22	GFLAAK	35
LPUAD3542-22	GFLAAK	41
LPUAD3543-22	GFLAAK	38
LPUAD3544-22	GFLAAK	39
LPUAD3545-22	GFLAAK	40
LPUAD3546-22	GFLAAK	36
LPUAD3547-22	GFLAAK	37
LPUAD3548-22	GFLAAK	35
LPUAD3549-22	GFLAAK	43
LPUAD3550-22	GFLAAK	46
LPUAD3551-22	GFLAAK	47
LPUAD3552-22	GFLAAK	38
LPUAD3553-22	GFLAAK	41
LPUAD3554-22	GFLAAK	35
LPUAD3555-22	GFLAAK	18
LPUAD3556-22	GFLAAK	13
LPUAD3557-22	GFLAAK	30
LPUAD3558-22	GFLAAK	37
LPUAD3559-22	GFLAAK	47
LPUAD3560-22	GFLAAK	43
LPUAD3561-22	GFLAAK	31
LPUAD3562-22	GFLAAK	7
LPUAD3563-22	GFLAAK	33
LPUAD3564-22	GFLAAK	30
LPUAD3565-22	GFLAAK	31
LPUAD3566-22	GFLAAK	43
LPUAD3567-22	GFLAAK	33
LPUAD3568-22	GFLAAK	38
LPUAD3569-22	GFLAAK	28
LPUAD3570-22	GFLAAK	42
LPUAD3571-22	GFLAAK	32
LPUAD3572-22	GFLAAK	47
LPUAD3573-22	GFLAAK	36
LPUAD3574-22	GFLAAK	41
LPUAD3575-22	GFLAAK	41
LPUAD3576-22	GFLAAK	38
LPUAD3577-22	GFLAAK	45
LPUAD3578-22	GFLAAK	43
LPUAD3579-22	GFLAAK	38
LPUAD3580-22	GFLAAK	26
LPUAD3581-22	GFLAAK	38
LPUAD3582-22	GFLAAK	32
LPUAD3583-22	GFLAAK	34
LPUAD3584-22	GFLAAK	44
LPUAD3585-22	GFLAAK	44
LPUAD3586-22	GFLAAK	44
LPUAD3587-22	GFLAAK	54
LPUAD3588-22	GFLAAK	30
LPUAD3589-22	GFLAAK	17
LPUAD3590-22	GFLAAK	49
LPUAD3591-22	GFLAAK	38
LPUAD3592-22	GFLAAK	37
LPUAD3593-22	GFLAAK	57
LPUAD3594-22	GFLAAK	38
LPUAD3595-22	GFLAAK	36
LPUAD3596-22	GFLAAK	57
LPUAD3597-22	GFLAAK	43
LPUAD3598-22	GFLAAK	35
LPUAD3599-22	GFLAAK	24
LPUAD3600-22	GFLAAK	49
LPUAD3601-22	GFLAAK	41
LPUAD3602-22	GFLAAK	32
LPUAD3603-22	GFLAAK	33
LPUAD3604-22	GFLAAK	49
LPUAD3605-22	GFLAAK	37
LPUAD3606-22	GFLAAK	25
LPUAD3607-22	GFLAAK	46
LPUAD3608-22	GFLAAK	45
LPUAD3609-22	GFLAAK	43
LPUAD3610-22	GFLAAK	41
LPUAD3611-22	GFLAAK	24
LPUAD3612-22	GFLAAK	40
LPUAF001-22	G9XHGJ	16
LPUAF002-22	G9XHGJ	7
LPUAF003-22	G9XHGJ	15
LPUAF004-22	G9XHGJ	4
LPUAF005-22	G9XHGJ	34
LPUAF006-22	G9XHGJ	5
LPUAF007-22	G9XHGJ	23
LPUAF008-22	G9XHGJ	25
LPUAF009-22	G9XHGJ	33
LPUAF010-22	G9XHGJ	10
LPUAF011-22	G9XHGJ	13
LPUAF012-22	G9XHGJ	12
LPUAF013-22	G9XHGJ	17
LPUAF014-22	G9XHGJ	38
LPUAF015-22	G9XHGJ	47
LPUAF016-22	G9XHGJ	33
LPUAF017-22	G9XHGJ	9
LPUAF018-22	G9XHGJ	40
LPUAF019-22	G9XHGJ	1
LPUAF020-22	G9XHGJ	24
LPUAF021-22	G9XHGJ	6
LPUAF022-22	G9XHGJ	29
LPUAF023-22	G9XHGJ	30
LPUAF024-22	G9XHGJ	51
LPUAF025-22	G9XHGJ	34
LPUAF026-22	G9XHGJ	18
LPUAF027-22	G9XHGJ	41
LPUAF028-22	G9XHGJ	25
LPUAF029-22	G9XHGJ	6
LPUAF030-22	G9XHGJ	13
LPUAF031-22	G9XHGJ	36
LPUAF032-22	G9XHGJ	11
LPUAF033-22	G9XHGJ	12
LPUAF034-22	G9XHGJ	30
LPUAF035-22	G9XHGJ	11
LPUAF036-22	G9XHGJ	29
LPUAF037-22	G9XHGJ	44
LPUAF038-22	G9XHGJ	26
LPUAF039-22	G9XHGJ	26
LPUAF040-22	G9XHGJ	33
LPUAF041-22	G9XHGJ	3
LPUAF042-22	G9XHGJ	21
LPASA4161-22	GXZY27	27
LPASA4162-22	GXZY27	87
LPASA4163-22	GXZY27	73
LPASA4164-22	GXZY27	42
LPASA4165-22	GXZY27	19
LPASA4166-22	GXZY27	77
LPASA4167-22	GXZY27	22
LPASA4168-22	GXZY27	75
LPASA4169-22	GXZY27	74
LPASA4170-22	GXZY27	6
LPASA4171-22	GXZY27	75
LPASA4172-22	GXZY27	77
LPASA4173-22	GXZY27	87
LPASA4174-22	GXZY27	78
LPASA4175-22	GXZY27	108
LPASA4176-22	GXZY27	42
LPASA4177-22	GXZY27	72
LPASA4178-22	GXZY27	73
LPASA4179-22	GXZY27	60
LPASA4180-22	GXZY27	111
LPASA4181-22	GXZY27	68
LPASA4182-22	GXZY27	72
LPASA4183-22	GXZY27	49
LPASA4184-22	GXZY27	6
LPASA4185-22	GXZY27	55
LPASA4186-22	GXZY27	57
LPASA4187-22	GXZY27	58
LPASA4188-22	GXZY27	43
LPASA4189-22	GXZY27	99
LPASA4190-22	GXZY27	69
LPASA4191-22	GXZY27	45
LPASA4192-22	GXZY27	11
LPASA4193-22	GXZY27	33
LPASA4194-22	GXZY27	59
LPASA4195-22	GXZY27	61
LPASA4196-22	GXZY27	60
LPASA4197-22	GXZY27	13
LPASA4198-22	GXZY27	76
LPASA4199-22	GXZY27	52
LPASA4201-22	GXZY27	58
LPASA4202-22	GXZY27	36
LPASA4203-22	GXZY27	51
LPASA4204-22	GXZY27	16
LPASA4205-22	GXZY27	63
LPASA4206-22	GXZY27	65
LPASA4207-22	GXZY27	30
LPASA4208-22	GXZY27	22
LPASA4209-22	GXZY27	45
LPASA4210-22	GXZY27	26
LPASA4211-22	GXZY27	66
LPASA4212-22	GXZY27	16
LPASA4213-22	GXZY27	74
LPASA4214-22	GXZY27	33
LPASA4215-22	GXZY27	47
LPASA4216-22	GXZY27	54
LPASA4217-22	GXZY27	56
LPASA4218-22	GXZY27	56
LPASA4219-22	GXZY27	33
LPASA4221-22	GXZY27	12
LPASA4222-22	GXZY27	52
LPASA4223-22	GXZY27	67
LPASA4224-22	GXZY27	17
LPASA4225-22	GXZY27	66
LPASA4226-22	GXZY27	40
LPASA4227-22	GXZY27	43
LPASA4229-22	GXZY27	74
LPASA4230-22	GXZY27	52
LPASA4231-22	GXZY27	55
LPASA4232-22	GXZY27	65
LPASA4234-22	GXZY27	79
LPASA4235-22	GXZY27	85
LPASA4236-22	GXZY27	62
LPASA4237-22	GXZY27	8
LPASA4238-22	GXZY27	59
LPASA4239-22	GXZY27	69
LPASA4240-22	GXZY27	24
LPASA4241-22	GXZY27	9
LPASA4242-22	GXZY27	40
LPASA4243-22	GXZY27	52
LPASA4244-22	GXZY27	21
LPASA4246-22	GXZY27	58
LPASA4247-22	GXZY27	58
LPASA4248-22	GXZY27	59
LPASA4249-22	GXZY27	17
LPASA4250-22	GXZY27	46
LPASA4251-22	GXZY27	59
LPASA4252-22	GXZY27	37
LPASA4253-22	GXZY27	9
LPASA4254-22	GXZY27	45
LPASA4255-22	GXZY27	35
LPASA4256-22	GXZY27	65
LPASA4257-22	GXZY27	65
LPASA4258-22	GXZY27	68
LPASA4259-22	GXZY27	46
LPASA4260-22	GXZY27	42
LPASA4261-22	GXZY27	67
LPASA4262-22	GXZY27	59
LPASA4263-22	GXZY27	47
LPASA4264-22	GXZY27	14
LPASA4265-22	GXZY27	52
LPASA4266-22	GXZY27	58
LPASA4267-22	GXZY27	47
LPASA4268-22	GXZY27	36
LPASA4269-22	GXZY27	43
LPASA4270-22	GXZY27	51
LPASA4271-22	GXZY27	71
LPASA4272-22	GXZY27	80
LPASA4273-22	GXZY27	68
LPASA4274-22	GXZY27	46
LPASA4275-22	GXZY27	99
LPASA4276-22	GXZY27	75
LPASA4277-22	GXZY27	28
LPASA4278-22	GXZY27	57
LPASA4279-22	GXZY27	40
LPASA4280-22	GXZY27	39
LPASA4281-22	GXZY27	40
LPASA4282-22	GXZY27	52
LPASA4283-22	GXZY27	56
LPASA4284-22	GXZY27	45
LPASA4285-22	GXZY27	65
LPASA4286-22	GXZY27	53
LPASA4287-22	GXZY27	26
LPASA4288-22	GXZY27	89
LPASA4289-22	GXZY27	36
LPASA4291-22	GXZY27	54
LPASA4292-22	GXZY27	52
LPASA4293-22	GXZY27	36
LPASA4294-22	GXZY27	43
LPASA4295-22	GXZY27	62
LPASA4296-22	GXZY27	42
LPASA4297-22	GXZY27	50
LPASA4298-22	GXZY27	60
LPASA4299-22	GXZY27	44
LPASA4300-22	GXZY27	82
LPASA4301-22	GXZY27	42
LPASA4302-22	GXZY27	52
LPASA4303-22	GXZY27	17
LPASA4304-22	GXZY27	78
LPASA4305-22	GXZY27	22
LPASA4306-22	GXZY27	39
LPASA4308-22	GXZY27	8
LPASA4309-22	GXZY27	57
LPASA4310-22	GXZY27	16
LPASA4311-22	GXZY27	39
LPASA4312-22	GXZY27	40
LPASA4313-22	GXZY27	9
LPASA4314-22	GXZY27	17
LPASA4315-22	GXZY27	9
LPASA4316-22	GXZY27	17
LPASA4317-22	GXZY27	43
LPASA4318-22	GXZY27	24
LPASA4319-22	GXZY27	30
LPASA4320-22	GXZY27	17
LPASA4321-22	GXZY27	41
LPASA4322-22	GXZY27	43
LPASA4323-22	GXZY27	20
LPASA4324-22	GXZY27	55
LPASA4325-22	GXZY27	62
LPASA4326-22	GXZY27	12
LPASA4327-22	GXZY27	60
LPASA4329-22	GXZY27	14
LPASA4330-22	GZDUDR	71
LPASA4331-22	GZDUDR	65
LPASA4332-22	GZDUDR	61
LPASA4333-22	GZDUDR	56
LPASA4334-22	GZDUDR	58
LPASA4335-22	GZDUDR	57
LPASA4336-22	GZDUDR	47
LPASA4337-22	GZDUDR	53
LPASA4338-22	GZDUDR	38
LPASA4339-22	GZDUDR	62
LPASA4340-22	GZDUDR	70
LPASA4341-22	GZDUDR	77
LPASA4342-22	GZDUDR	59
LPASA4343-22	GZDUDR	88
LPASA4344-22	GZDUDR	42
LPASA4345-22	GZDUDR	79
LPASA4346-22	GZDUDR	60
LPASA4347-22	GZDUDR	76
LPASA4348-22	GZDUDR	85
LPASA4349-22	GZDUDR	85
LPASA4350-22	GZDUDR	61
LPASA4351-22	GZDUDR	85
LPASA4352-22	GZDUDR	18
LPASA4353-22	GZDUDR	53
LPASA4354-22	GZDUDR	67
LPASA4355-22	GZDUDR	59
LPASA4356-22	GZDUDR	62
LPASA4357-22	GZDUDR	68
LPASA4358-22	GZDUDR	63
LPASA4359-22	GZDUDR	55
LPASA4360-22	GZDUDR	82
LPASA4361-22	GZDUDR	57
LPASA4362-22	GZDUDR	109
LPASA4363-22	GZDUDR	26
LPASA4364-22	GZDUDR	56
LPASA4365-22	GZDUDR	41
LPASA4366-22	GZDUDR	69
LPASA4367-22	GZDUDR	57
LPASA4368-22	GZDUDR	56
LPASA4369-22	GZDUDR	72
LPASA4370-22	GZDUDR	72
LPASA4371-22	GZDUDR	41
LPASA4372-22	GZDUDR	6
LPASA4373-22	GZDUDR	21
LPASA4374-22	GZDUDR	21
LPASA4375-22	GZDUDR	18
LPASA4376-22	GZDUDR	28
LPASA4377-22	GZDUDR	11
LPASA4378-22	GZDUDR	47
LPASA4379-22	GZDUDR	21
LPASA4380-22	GZDUDR	25
LPASA4381-22	GZDUDR	42
LPASA4382-22	GZDUDR	36
LPASA4383-22	GZDUDR	42
LPASA4384-22	GZDUDR	35
LPASA4385-22	GZDUDR	65
LPASA4386-22	GZDUDR	60
LPASA4387-22	GZDUDR	65
LPASA4388-22	GZDUDR	88
LPASA4389-22	GZDUDR	65
LPASA4390-22	GZDUDR	45
LPASA4391-22	GZDUDR	52
LPASA4392-22	GZDUDR	35
LPASA4393-22	GZDUDR	29
LPHTD1001-22	GTBDXE	66
LPHTD1002-22	GTBDXE	62
LPHTD1003-22	GTBDXE	4
LPHTD1004-22	GTBDXE	41
LPHTD1005-22	GTBDXE	33
LPHTD1007-22	GTBDXE	49
LPHTD1008-22	GTBDXE	66
LPHTD1009-22	GTBDXE	52
LPHTD1010-22	GTBDXE	47
LPHTD1012-22	GTBDXE	49
LPHTD1013-22	GTBDXE	68
LPHTD1014-22	GTBDXE	31
LPHTD1015-22	GTBDXE	7
LPHTD1016-22	GTBDXE	6
LPHTD1017-22	GTBDXE	49
LPHTD1018-22	GTBDXE	28
LPHTD1019-22	GTBDXE	43
LPHTD1020-22	GTBDXE	22
LPHTD1021-22	GTBDXE	27
LPHTD1022-22	GTBDXE	47
LPHTD1023-22	GTBDXE	39
LPHTD1024-22	GTBDXE	57
LPHTD1025-22	GTBDXE	42
LPHTD1026-22	GTBDXE	26
LPHTD1027-22	GTBDXE	15
LPHTD1028-22	GTBDXE	8
LPHTD1029-22	GTBDXE	32
LPHTD1030-22	GTBDXE	40
LPHTD1031-22	GTBDXE	11
LPHTD1032-22	GTBDXE	31
LPHTD1033-22	GTBDXE	31
LPHTD1035-22	GTBDXE	22
LPHTD1036-22	GTBDXE	39
LPHTD1037-22	GTBDXE	49
LPHTD1038-22	GTBDXE	43
LPHTD1039-22	GTBDXE	31
LPHTD1040-22	GTBDXE	9
LPHTD1041-22	GTBDXE	40
LPHTD1042-22	GTBDXE	19
LPHTD1043-22	GTBDXE	3
LPHTD1044-22	GTBDXE	6
LPHTD1045-22	GTBDXE	51
LPHTD1046-22	GTBDXE	16
LPHTD1047-22	GTBDXE	17
LPHTD1048-22	GTBDXE	44
LPHTD1049-22	GTBDXE	42
LPHTD1050-22	GTBDXE	3
LPHTD1052-22	GTBDXE	21
LPHTD1053-22	GTBDXE	19
LPHTD1054-22	GTBDXE	23
LPHTD1055-22	GTBDXE	16
LPHTD1056-22	GTBDXE	39
LPHTD1057-22	GTBDXE	5
LPHTD1058-22	GTBDXE	47
LPHTD1059-22	GTBDXE	36
LPHTD1060-22	GTBDXE	51
LPHTD1062-22	GTBDXE	43
LPHTD1063-22	GTBDXE	19
LPHTD1064-22	GTBDXE	9
LPHTD1065-22	GTBDXE	12
LPHTD1066-22	GTBDXE	14
LPHTD1067-22	GTBDXE	45
LPHTD1068-22	GTBDXE	4
LPHTD1069-22	GTBDXE	40
LPHTD1070-22	GTBDXE	22
LPHTD1071-22	GTBDXE	36
LPHTD1072-22	GTBDXE	3
LPHTD1073-22	GTBDXE	45
LPHTD1074-22	GTBDXE	39
LPHTD1075-22	GTBDXE	10
LPHTD1076-22	GTBDXE	28
LPHTD1077-22	GTBDXE	34
LPHTD1078-22	GTBDXE	3
LPHTD1079-22	GTBDXE	5
LPHTD1080-22	GTBDXE	14
LPHTD1081-22	GTBDXE	56
LPHTD1082-22	GTBDXE	3
LPHTD1083-22	GTBDXE	42
LPHTD1084-22	GTBDXE	48
LPHTD1085-22	GTBDXE	49
LPHTD1086-22	GTBDXE	53
LPHTD1087-22	GTBDXE	28
LPHTD1088-22	GTBDXE	24
LPHTD1089-22	GTBDXE	24
LPHTD1090-22	GTBDXE	8
LPHTD1091-22	GTBDXE	43
LPHTD1092-22	GTBDXE	3
LPHTD1093-22	GTBDXE	24
LPHTD1094-22	GTBDXE	4
LPHTD1096-22	GTBDXE	38
LPHTD1097-22	GTBDXE	43
LPHTD1098-22	GTBDXE	52
LPHTD1099-22	GTBDXE	51
LPHTD1100-22	GTBDXE	50
LPHTD1101-22	GTBDXE	25
LPHTD1102-22	GTBDXE	53
LPHTD1103-22	GTBDXE	51
LPHTD1104-22	GTBDXE	30
LPHTD1105-22	GTBDXE	23
LPHTD1106-22	GTBDXE	31
LPHTD1107-22	GTBDXE	13
LPHTD1108-22	GTBDXE	40
LPHTD1109-22	GTBDXE	47
LPHTD1110-22	GTBDXE	56
LPHTD1111-22	GTBDXE	20
LPHTD1112-22	GTBDXE	34
LPHTD1113-22	GTBDXE	53
LPHTD1114-22	GTBDXE	66
LPHTD1115-22	GTBDXE	58
LPHTD1116-22	GTBDXE	14
LPHTD1117-22	GTBDXE	52
LPHTD1118-22	GTBDXE	7
LPHTD1119-22	GTBDXE	55
LPHTD1120-22	GTBDXE	37
LPHTD1121-22	GTBDXE	83
LPHTD1122-22	GTBDXE	27
LPHTD1123-22	GTBDXE	45
LPHTD1124-22	GTBDXE	28
LPHTD1125-22	GTBDXE	60
LPHTD1126-22	GTBDXE	51
LPHTD1127-22	GTBDXE	41
LPHTD1128-22	GTBDXE	32
LPHTD1129-22	GTBDXE	27
LPHTD1130-22	GTBDXE	52
LPHTD1131-22	GTBDXE	38
LPHTD1132-22	GTBDXE	59
LPHTD1133-22	GTBDXE	10
LPHTD1134-22	GTBDXE	49
LPHTD1135-22	GTBDXE	40
LPHTD1136-22	GTBDXE	25
LPHTD1137-22	GTBDXE	43
LPHTD1138-22	GTBDXE	42
LPHTD1139-22	GTBDXE	32
LPHTD1140-22	GTBDXE	28
LPHTD1141-22	GTBDXE	10
LPHTD1142-22	GTBDXE	32
LPHTD1143-22	GTBDXE	32
LPHTD1144-22	GTBDXE	41
LPHTD1145-22	GTBDXE	69
LPHTD1146-22	GTBDXE	48
LPHTD1147-22	GTBDXE	7
LPHTD1148-22	GTBDXE	33
LPHTD1149-22	GTBDXE	51
LPHTD1150-22	GTBDXE	51
LPHTD1151-22	GTBDXE	49
LPHTD1152-22	GTBDXE	42
LPHTD1153-22	GTBDXE	39
LPHTD1154-22	GTBDXE	55
LPHTD1155-22	GTBDXE	59
LPHTD1156-22	GTBDXE	47
LPHTD1157-22	GTBDXE	42
LPHTD1158-22	GTBDXE	41
LPHTD1159-22	GTBDXE	35
LPHTD1160-22	GTBDXE	37
LPHTD1161-22	GTBDXE	52
LPHTD1162-22	GTBDXE	53
LPHTD1164-22	GTBDXE	50
LPHTD1165-22	GTBDXE	6
LPHTD1166-22	GTBDXE	44
LPHTD1167-22	GTBDXE	48
LPHTD1169-22	GTBDXE	37
LPHTD1170-22	GTBDXE	5
LPHTD1171-22	GTBDXE	27
LPHTD1173-22	GTBDXE	31
LPHTD1174-22	GTBDXE	55
LPHTD1175-22	GTBDXE	49
LPHTD1176-22	GTBDXE	71
LPHTD1177-22	GTBDXE	41
LPHTD1178-22	GTBDXE	29
LPHTD1179-22	GTBDXE	73
LPHTD1180-22	GTBDXE	61
LPHTD1181-22	GTBDXE	80
LPHTD1182-22	GTBDXE	54
LPHTD1183-22	GTBDXE	43
LPHTD1184-22	GTBDXE	29
LPHTD1185-22	GTBDXE	64
LPHTD1186-22	GTBDXE	40
LPHTD1187-22	GTBDXE	53
LPHTD1188-22	GTBDXE	38
LPHTD1189-22	GTBDXE	44
LPHTD1190-22	GTBDXE	45
LPHTD1191-22	GTBDXE	51
LPHTD1192-22	GTBDXE	49
LPHTD1193-22	GTBDXE	53
LPHTD1194-22	GTBDXE	54
LPHTD1195-22	GTBDXE	43
LPHTD1196-22	GTBDXE	60
LPHTD1197-22	GTBDXE	45
LPHTD1198-22	GTBDXE	42
LPHTD1199-22	GTBDXE	62
LPHTD1200-22	GTBDXE	71
LPHTD1201-22	GTBDXE	48
LPHTD1202-22	GTBDXE	26
LPHTD1203-22	GTBDXE	64
LPHTD1204-22	GTBDXE	28
LPHTD1205-22	GTBDXE	16
LPHTD1206-22	GTBDXE	46
LPHTD1207-22	GTBDXE	46
LPHTD1208-22	GTBDXE	21
LPHTD1209-22	GTBDXE	41
LPHTD1210-22	GTBDXE	50
LPHTD1211-22	GTBDXE	52
LPHTD1213-22	GTBDXE	40
LPHTD1214-22	GTBDXE	54
LPHTD1215-22	GTBDXE	70
LPHTD1216-22	GTBDXE	56
LPHTD1217-22	GTBDXE	39
LPHTD1218-22	GTBDXE	42
LPHTD1219-22	GTBDXE	47
LPHTD1220-22	GTBDXE	57
LPHTD1221-22	GTBDXE	45
LPHTD1222-22	GTBDXE	44
LPHTD1223-22	GTBDXE	41
LPHTD1224-22	GTBDXE	43
LPHTD1225-22	GTBDXE	38
LPHTD1226-22	GTBDXE	25
LPHTD1227-22	GTBDXE	38
LPHTD1228-22	GTBDXE	42
LPHTD1229-22	GTBDXE	44
LPHTD1230-22	GTBDXE	57
LPHTD1231-22	GTBDXE	47
LPHTD1232-22	GTBDXE	49
LPHTD1233-22	GTBDXE	35
LPHTD1234-22	GTBDXE	57
LPHTD1235-22	GTBDXE	39
LPHTD1236-22	GTBDXE	46
LPHTD1237-22	GTBDXE	39
LPHTD1238-22	GTBDXE	49
LPHTD1239-22	GTBDXE	46
LPHTD1240-22	GTBDXE	48
LPHTD1241-22	GTBDXE	46
LPHTD1242-22	GTBDXE	58
LPHTD1243-22	GTBDXE	2
LPHTD1244-22	GTBDXE	37
LPHTD1245-22	GTBDXE	55
LPHTD1246-22	GTBDXE	27
LPHTD1247-22	GTBDXE	46
LPHTD1248-22	GTBDXE	48
LPHTD1249-22	GTBDXE	34
LPHTD1250-22	GTBDXE	27
LPHTD1251-22	GTBDXE	64
LPHTD1252-22	GTBDXE	2
LPHTD1253-22	GTBDXE	34
LPHTD1254-22	GTBDXE	46
LPHTD1255-22	GTBDXE	36
LPHTD1256-22	GTBDXE	47
LPHTD1257-22	GTBDXE	1
LPHTD1258-22	GTBDXE	64
LPHTD1259-22	GTBDXE	57
LPHTD1260-22	GTBDXE	54
LPHTD1261-22	GTBDXE	39
LPHTD1262-22	GTBDXE	45
LPHTD1263-22	GTBDXE	44
LPHTD1264-22	GTBDXE	72
LPHTD1265-22	GTBDXE	52
LPHTD1266-22	GTBDXE	39
LPHTD1267-22	GTBDXE	42
LPHTD1268-22	GTBDXE	57
LPHTD1269-22	GTBDXE	37
LPHTD1270-22	GTBDXE	55
LPHTD1271-22	GTBDXE	40
LPHTD1272-22	GTBDXE	31
LPHTD1273-22	GTBDXE	56
LPHTD1274-22	GTBDXE	47
LPHTD1275-22	GTBDXE	52
LPHTD1276-22	GTBDXE	47
LPHTD1277-22	GTBDXE	52
LPHTD1278-22	GTBDXE	7
LPHTD1279-22	GTBDXE	46
LPHTD1280-22	GTBDXE	55
LPHTD1281-22	GTBDXE	49
LPHTD1282-22	GTBDXE	35
LPHTD1283-22	GTBDXE	49
LPHTD1284-22	GTBDXE	33
LPHTD1285-22	GTBDXE	47
LPHTD1286-22	GTBDXE	58
LPHTD1287-22	GTBDXE	40
LPHTD1288-22	GTBDXE	37
LPHTD1289-22	GTBDXE	43
LPHTD1290-22	GTBDXE	36
LPHTD1291-22	GTBDXE	28
LPHTD1292-22	GTBDXE	27
LPHTD1293-22	GTBDXE	41
LPHTD1294-22	GTBDXE	45
LPHTD1295-22	GTBDXE	39
LPHTD1296-22	GTBDXE	46
LPHTD1297-22	GTBDXE	37
LPHTD1298-22	GTBDXE	56
LPHTD1299-22	GTBDXE	50
LPHTD1300-22	GTBDXE	49
LPHTD1301-22	GTBDXE	45
LPHTD1302-22	GTBDXE	48
LPHTD1303-22	GTBDXE	3
LPHTD1304-22	GTBDXE	45
LPHTD1305-22	GTBDXE	52
LPHTD1306-22	GTBDXE	42
LPHTD1307-22	GTBDXE	54
LPHTD1308-22	GTBDXE	2
LPHTD1309-22	GTBDXE	24
LPHTD1310-22	GTBDXE	42
LPHTD1311-22	GTBDXE	62
LPHTD1312-22	GTBDXE	8
LPHTD1313-22	GTBDXE	35
LPHTD1314-22	GTBDXE	40
LPHTD1315-22	GTBDXE	48
LPHTD1316-22	GTBDXE	63
LPHTD1317-22	GTBDXE	5
LPHTD1318-22	GTBDXE	21
LPHTD1319-22	GTBDXE	34
LPHTD1320-22	GTBDXE	5
LPHTD1321-22	GTBDXE	39
LPHTD1322-22	GTBDXE	46
LPHTD1323-22	GTBDXE	50
LPHTD1324-22	GTBDXE	40
LPHTD1325-22	GTBDXE	38
LPHTD1326-22	GTBDXE	9
LPHTD1327-22	GTBDXE	20
LPHTD1328-22	GTBDXE	47
LPHTD1329-22	GTBDXE	34
LPHTD1330-22	GTBDXE	23
LPHTD1331-22	GTBDXE	42
LPHTD1332-22	GTBDXE	49
LPHTD1333-22	GTBDXE	36
LPHTD1334-22	GTBDXE	44
LPHTD1335-22	GTBDXE	25
LPHTD1336-22	GTBDXE	47
LPHTD1337-22	GTBDXE	44
LPHTD1338-22	GTBDXE	33
LPHTD1339-22	GTBDXE	45
LPHTD1340-22	GTBDXE	33
LPHTD1341-22	GTBDXE	52
LPHTD1342-22	GTBDXE	30
LPHTD1343-22	GTBDXE	32
LPHTD1344-22	GTBDXE	50
LPHTD1345-22	GTBDXE	36
LPHTD1346-22	GTBDXE	42
LPHTD1347-22	GTBDXE	51
LPHTD1348-22	GTBDXE	41
LPHTD1349-22	GTBDXE	30
LPHTD1350-22	GTBDXE	60
LPHTD1351-22	GTBDXE	57
LPHTD1352-22	GTBDXE	45
LPHTD1353-22	GTBDXE	56
LPHTD1354-22	GTBDXE	41
LPHTD1355-22	GTBDXE	44
LPHTD1356-22	GTBDXE	51
LPHTD1357-22	GTBDXE	33
LPHTD1358-22	GTBDXE	52
LPHTD1359-22	GTBDXE	65
LPHTD1360-22	GTBDXE	46
LPHTD1361-22	GTBDXE	37
LPHTD1362-22	GTBDXE	32
LPHTD1363-22	GTBDXE	36
LPHTD1364-22	GTBDXE	61
LPHTD1365-22	GTBDXE	37
LPHTD1366-22	GTBDXE	43
LPHTD1367-22	GTBDXE	28
LPHTD1368-22	GTBDXE	60
LPHTD1369-22	GTBDXE	46
LPHTD1370-22	GTBDXE	12
LPHTD1371-22	GTBDXE	31
LPHTD1372-22	GTBDXE	47
LPHTD1373-22	GTBDXE	28
LPHTD1374-22	GTBDXE	36
LPHTD1375-22	GTBDXE	48
LPHTD1376-22	GTBDXE	31
LPHTD1377-22	GTBDXE	57
LPHTD1378-22	GTBDXE	33
LPHTD1379-22	GTBDXE	5
LPHTD1380-22	GTBDXE	45
LPHTD1381-22	GTBDXE	37
LPHTD1382-22	GTBDXE	47
LPHTD1383-22	GTBDXE	47
LPHTD1384-22	GTBDXE	39
LPHTD1385-22	GTBDXE	31
LPHTD1386-22	GTBDXE	37
LPHTD1387-22	GTBDXE	30
LPHTD1388-22	GTBDXE	35
LPHTD1390-22	GTBDXE	32
LPHTD1391-22	GTBDXE	37
LPHTD1392-22	GTBDXE	38
LPHTD1393-22	GTBDXE	45
LPHTD1394-22	GTBDXE	36
LPHTD1395-22	GTBDXE	12
LPHTD1396-22	GTBDXE	46
LPHTD1397-22	GTBDXE	9
LPHTD1398-22	GTBDXE	2
LPHTD1399-22	GTBDXE	50
LPHTD1400-22	GTBDXE	2
LPHTD1401-22	GTBDXE	3
LPHTD1402-22	GTBDXE	11
LPHTD1403-22	GTBDXE	29
LPHTD1404-22	GTBDXE	38
LPHTD1405-22	GTBDXE	23
LPHTD1406-22	GTBDXE	46
LPHTD1407-22	GTBDXE	55
LPHTD1408-22	GTBDXE	42
LPHTD1409-22	GTBDXE	54
LPHTD1410-22	GTBDXE	29
LPHTD1411-22	GTBDXE	71
LPHTD1412-22	GTBDXE	20
LPHTD1413-22	GTBDXE	24
LPHTD1414-22	GTBDXE	29
LPHTD1415-22	GTBDXE	39
LPHTD1416-22	GTBDXE	34
LPHTD1417-22	GTBDXE	53
LPHTD1418-22	GTBDXE	65
LPHTD1419-22	GTBDXE	33
LPHTD1420-22	GTBDXE	35
LPHTD1421-22	GTBDXE	13
LPHTD1423-22	GTBDXE	50
LPHTD1424-22	GTBDXE	30
LPHTD1425-22	GTBDXE	5
LPHTD1426-22	GTBDXE	35
LPHTD1427-22	GTBDXE	42
LPHTD1428-22	GTBDXE	17
LPHTD1429-22	GTBDXE	49
LPHTD1430-22	GTBDXE	53
LPHTD1432-22	GTBDXE	4
LPHTD1433-22	GTBDXE	37
LPHTD1434-22	GTBDXE	57
LPHTD1435-22	GTBDXE	46
LPHTD1436-22	GTBDXE	61
LPHTD1437-22	GTBDXE	37
LPHTD1439-22	GTBDXE	11
LPHTD1440-22	GTBDXE	52
LPHTD1441-22	GTBDXE	47
LPHTD1442-22	GTBDXE	56
LPHTD1443-22	GTBDXE	7
LPHTD1444-22	GTBDXE	27
LPHTD1445-22	GTBDXE	16
LPHTD1446-22	GTBDXE	37
LPHTD1447-22	GTBDXE	38
LPHTD1448-22	GTBDXE	40
LPHTD1449-22	GTBDXE	23
LPHTD1450-22	GTBDXE	40
LPHTD1451-22	GTBDXE	53
LPHTD1452-22	GTBDXE	13
LPHTD1454-22	GTBDXE	31
LPHTD1455-22	GTBDXE	46
LPHTD1456-22	GTBDXE	35
LPHTD1457-22	GTBDXE	50
LPHTD1458-22	GTBDXE	29
LPHTD1459-22	GTBDXE	46
LPHTD1460-22	GTBDXE	50
LPHTD1461-22	GTBDXE	58
LPHTD1462-22	GTBDXE	43
LPHTD1463-22	GTBDXE	43
LPHTD1464-22	GTBDXE	37
LPHTD1465-22	GTBDXE	57
LPHTD1466-22	GTBDXE	40
LPHTD1467-22	GTBDXE	47
LPHTD1468-22	GTBDXE	34
LPHTD1469-22	GTBDXE	30
LPHTD1470-22	GTBDXE	71
LPHTD1471-22	GTBDXE	30
LPHTD1472-22	GTBDXE	43
LPHTD1473-22	GTBDXE	20
LPHTD1474-22	GTBDXE	32
LPHTD1475-22	GTBDXE	43
LPHTD1476-22	GTBDXE	7
LPHTD1477-22	GTBDXE	53
LPHTD1478-22	GTBDXE	62
LPHTD1480-22	GTBDXE	47
LPHTD1481-22	GTBDXE	27
LPHTD1482-22	GTBDXE	50
LPHTD1483-22	GTBDXE	49
LPHTD1484-22	GTBDXE	47
LPHTD1485-22	GTBDXE	64
LPHTD1486-22	GTBDXE	32
LPHTD1487-22	GTBDXE	71
LPHTD1488-22	GTBDXE	42
LPHTD1489-22	GTBDXE	55
LPHTD1490-22	GTBDXE	4
LPHTD1491-22	GTBDXE	43
LPHTD1492-22	GTBDXE	44
LPHTD1494-22	GTBDXE	54
LPHTD1495-22	GTBDXE	39
LPHTD1496-22	GTBDXE	35
LPHTD1497-22	GTBDXE	39
LPHTD1498-22	GTBDXE	40
LPHTD1499-22	GTBDXE	47
LPHTD1500-22	GTBDXE	49
LPHTD1501-22	GTBDXE	49
LPHTD1502-22	GTBDXE	45
LPHTD1503-22	GTBDXE	46
LPHTD1504-22	GTBDXE	9
LPHTD1505-22	GTBDXE	35
LPHTD1506-22	GTBDXE	56
LPHTD1507-22	GTBDXE	41
LPHTD1508-22	GTBDXE	49
LPHTD1509-22	GTBDXE	8
LPHTD1510-22	GTBDXE	25
LPHTD1511-22	GTBDXE	9
LPHTD1512-22	GTBDXE	30
LPHTD1513-22	GTBDXE	42
LPHTD1514-22	GTBDXE	40
LPHTD1515-22	GTBDXE	52
LPHTD1516-22	GTBDXE	45
LPHTD1517-22	GTBDXE	45
LPHTD1518-22	GTBDXE	26
LPHTD1519-22	GTBDXE	50
LPHTD1520-22	GTBDXE	36
LPHTD1521-22	GTBDXE	27
LPHTD1522-22	GTBDXE	4
LPHTD1523-22	GTBDXE	5
LPHTD1524-22	GTBDXE	68
LPHTD1525-22	GTBDXE	51
LPHTD1526-22	GTBDXE	42
LPHTD1527-22	GTBDXE	6
LPHTD1528-22	GTBDXE	29
LPHTD1529-22	GTBDXE	22
LPHTD1530-22	GTBDXE	38
LPHTD1531-22	GTBDXE	43
LPHTD1532-22	GTBDXE	36
LPHTD1533-22	GTBDXE	38
LPHTD1534-22	GTBDXE	34
LPHTD1535-22	GTBDXE	45
LPHTD1536-22	GTBDXE	56
LPHTD1537-22	GTBDXE	46
LPHTD1538-22	GTBDXE	40
LPHTD1539-22	GTBDXE	49
LPHTD1540-22	GTBDXE	53
LPHTD1541-22	GTBDXE	56
LPHTD1542-22	GTBDXE	44
LPHTD1543-22	GTBDXE	55
LPHTD1544-22	GTBDXE	29
LPHTD1545-22	GTBDXE	39
LPHTD1546-22	GTBDXE	37
LPHTD1547-22	GTBDXE	57
LPHTD1548-22	GTBDXE	58
LPHTD1549-22	GTBDXE	44
LPHTD1550-22	GTBDXE	36
LPHTD1551-22	GTBDXE	42
LPHTD1552-22	GTBDXE	41
LPHTD1553-22	GTBDXE	23
LPHTD1554-22	GTBDXE	24
LPHTD1555-22	GTBDXE	50
LPHTD1556-22	GTBDXE	48
LPHTD1557-22	GTBDXE	59
LPHTD1558-22	GTBDXE	5
LPHTD1559-22	GTBDXE	36
LPHTD1560-22	GTBDXE	38
LPHTD1561-22	GTBDXE	38
LPHTD1562-22	GTBDXE	41
LPHTD1563-22	GTBDXE	48
LPHTD1564-22	GTBDXE	47
LPHTD1565-22	GTBDXE	18
LPHTD1566-22	GTBDXE	51
LPHTD1567-22	GTBDXE	37
LPHTD1568-22	GTBDXE	31
LPHTD1569-22	GTBDXE	46
LPHTD1570-22	GTBDXE	51
LPHTD1571-22	GTBDXE	44
LPHTD1572-22	GTBDXE	61
LPHTD1573-22	GTBDXE	57
LPHTD1574-22	GTBDXE	77
LPHTD1575-22	GTBDXE	51
LPHTD1576-22	GTBDXE	48
LPHTD1577-22	GTBDXE	38
LPHTD1578-22	GTBDXE	46
LPHTD1579-22	GTBDXE	55
LPHTD1580-22	GTBDXE	56
LPHTD1581-22	GTBDXE	55
LPHTD1582-22	GTBDXE	41
LPHTD1583-22	GTBDXE	67
LPHTD1584-22	GTBDXE	14
LPHTD1585-22	GTBDXE	50
LPHTD1586-22	GTBDXE	13
LPHTD1587-22	GTBDXE	38
LPHTD1588-22	GTBDXE	13
LPHTD1589-22	GTBDXE	9
LPHTD1591-22	GTBDXE	12
LPHTD1592-22	GTBDXE	42
LPHTD1593-22	GTBDXE	16
LPHTD1595-22	GTBDXE	59
LPHTD1596-22	GTBDXE	33
LPHTD1597-22	GTBDXE	52
LPHTD1598-22	GTBDXE	2
LPHTD1599-22	GTBDXE	59
LPHTD1600-22	GTBDXE	41
LPHTD1601-22	GTBDXE	52
LPHTD1602-22	GTBDXE	44
LPHTD1603-22	GTBDXE	23
LPHTD1604-22	GTBDXE	30
LPHTD1605-22	GTBDXE	34
LPHTD1606-22	GTBDXE	50
LPHTD1607-22	GTBDXE	54
LPHTD1608-22	GTBDXE	51
LPHTD1609-22	GTBDXE	39
LPHTD1610-22	GTBDXE	50
LPHTD1611-22	GTBDXE	61
LPHTD1612-22	GTBDXE	57
LPHTD1613-22	GTBDXE	46
LPHTD1614-22	GTBDXE	7
LPHTD1615-22	GTBDXE	48
LPHTD1616-22	GTBDXE	26
LPHTD1617-22	GTBDXE	17
LPHTD1618-22	GTBDXE	28
LPHTD1619-22	GTBDXE	58
LPHTD1620-22	GTBDXE	54
LPHTD1621-22	GTBDXE	42
LPHTD1622-22	GTBDXE	53
LPHTD1623-22	GTBDXE	47
LPHTD1624-22	GTBDXE	3
LPHTD1625-22	GTBDXE	58
LPHTD1626-22	GTBDXE	6
LPHTD1627-22	GTBDXE	62
LPHTD1628-22	GTBDXE	69
LPHTD1629-22	GTBDXE	4
LPHTD1630-22	GTBDXE	62
LPHTD1631-22	GTBDXE	52
LPHTD1632-22	GTBDXE	15
LPHTD1633-22	GTBDXE	58
LPHTD1634-22	GTBDXE	56
LPHTD1635-22	GTBDXE	4
LPHTD1637-22	GTBDXE	13
LPHTD1638-22	GTBDXE	55
LPHTD1639-22	GTBDXE	57
LPHTD1640-22	GTBDXE	21
LPHTD1641-22	GTBDXE	68
LPHTD1642-22	GTBDXE	5
LPHTD1643-22	GTBDXE	76
LPHTD1644-22	GTBDXE	58
LPHTD1645-22	GTBDXE	21
LPHTD1646-22	GTBDXE	50
LPHTD1647-22	GTBDXE	56
LPHTD1648-22	GTBDXE	68
LPHTD1649-22	GTBDXE	48
LPHTD1650-22	GTBDXE	54
LPHTD1651-22	GTBDXE	40
LPHTD1652-22	GTBDXE	11
LPHTD1653-22	GTBDXE	46
LPHTD1654-22	GTBDXE	24
LPHTD1655-22	GTBDXE	66
LPHTD1656-22	GTBDXE	2
LPHTD1657-22	GTBDXE	58
LPHTD1658-22	GTBDXE	48
LPHTD1659-22	GTBDXE	59
LPHTD1660-22	GTBDXE	55
LPHTD1661-22	GTBDXE	76
LPHTD1662-22	GTBDXE	10
LPHTD1663-22	GTBDXE	47
LPHTD1664-22	GTBDXE	65
LPHTD1665-22	GTBDXE	55
LPHTD1666-22	GTBDXE	54
LPHTD1667-22	GTBDXE	29
LPHTD1668-22	GTBDXE	39
LPHTD1669-22	GTBDXE	4
LPHTD1670-22	GTBDXE	36
LPHTD1671-22	GTBDXE	49
LPHTD1672-22	GTBDXE	4
LPHTD1673-22	GTBDXE	70
LPHTD1674-22	GTBDXE	35
LPHTD1675-22	GTBDXE	62
LPHTD1676-22	GTBDXE	50
LPHTD1677-22	GTBDXE	76
LPHTD1678-22	GTBDXE	4
LPHTD1679-22	GTBDXE	74
LPHTD1680-22	GTBDXE	97
LPHTD1681-22	GTBDXE	72
LPHTD1682-22	GTBDXE	57
LPHTD1683-22	GTBDXE	63
LPHTD1684-22	GTBDXE	65
LPHTD1685-22	GTBDXE	78
LPHTD1686-22	GTBDXE	46
LPHTD1687-22	GTBDXE	72
LPHTD1688-22	GTBDXE	57
LPHTD1689-22	GTBDXE	72
LPHTD1690-22	GTBDXE	94
LPHTD1691-22	GTBDXE	76
LPHTD1692-22	GTBDXE	50
LPHTD1693-22	GTBDXE	85
LPHTD1694-22	GTBDXE	76
LPHTD1695-22	GTBDXE	74
LPHTD1696-22	GTBDXE	80
LPHTD1697-22	GTBDXE	83
LPHTD1698-22	GTBDXE	71
LPHTD1699-22	GTBDXE	58
LPHTD1700-22	GTBDXE	83
LPHTD1701-22	GTBDXE	58
LPHTD1702-22	GTBDXE	78
LPHTD1703-22	GTBDXE	65
LPHTD1704-22	GTBDXE	68
LPHTD1705-22	GTBDXE	67
LPHTD1706-22	GTBDXE	62
LPHTD1707-22	GTBDXE	56
LPHTD1708-22	GTBDXE	59
LPHTD1709-22	GTBDXE	78
LPHTD1710-22	GTBDXE	64
LPHTD1711-22	GTBDXE	76
LPHTD1712-22	GTBDXE	79
LPHTD1713-22	GTBDXE	82
LPHTD1714-22	GTBDXE	67
LPHTD1715-22	GTBDXE	90
LPHTD1716-22	GTBDXE	58
LPHTD1717-22	GTBDXE	64
LPHTD1718-22	GTBDXE	63
LPHTD1719-22	GTBDXE	79
LPHTD1720-22	GTBDXE	58
LPHTD1721-22	GTBDXE	73
LPHTD1722-22	GTBDXE	60
LPHTD1723-22	GTBDXE	62
LPHTD1724-22	GTBDXE	79
LPHTD1725-22	GTBDXE	80
LPHTD1726-22	GTBDXE	81
LPHTD1727-22	GTBDXE	75
LPHTD1728-22	GTBDXE	73
LPHTD1729-22	GTBDXE	84
LPHTD1730-22	GTBDXE	70
LPHTD1731-22	GTBDXE	73
LPHTD1732-22	GTBDXE	55
LPHTD1733-22	GTBDXE	63
LPHTD1734-22	GTBDXE	81
LPHTD1735-22	GTBDXE	68
LPHTD1736-22	GTBDXE	82
LPHTD1737-22	GTBDXE	83
LPHTD1738-22	GTBDXE	85
LPHTD1739-22	GTBDXE	86
LPHTD1740-22	GTBDXE	64
LPHTD1741-22	GTBDXE	68
LPHTD1742-22	GTBDXE	66
LPHTD1743-22	GTBDXE	69
LPHTD1744-22	GTBDXE	70
LPHTD1745-22	GTBDXE	63
LPHTD1746-22	GTBDXE	5
LPHTD1747-22	GTBDXE	75
LPHTD1748-22	GTBDXE	75
LPHTD1749-22	GTBDXE	64
LPHTD1750-22	GTBDXE	75
LPHTD1751-22	GTBDXE	81
LPHTD1752-22	GTBDXE	88
LPHTD1753-22	GTBDXE	74
LPHTD1754-22	GTBDXE	69
LPHTD1755-22	GTBDXE	68
LPHTD1756-22	GTBDXE	71
LPHTD1757-22	GTBDXE	78
LPHTD1758-22	GTBDXE	59
LPHTD1759-22	GTBDXE	73
LPHTD1760-22	GTBDXE	76
LPHTD1761-22	GTBDXE	79
LPHTD1762-22	GTBDXE	79
LPHTD1763-22	GTBDXE	96
LPHTD1764-22	GTBDXE	62
LPHTD1765-22	GTBDXE	99
LPHTD1766-22	GTBDXE	88
LPHTD1767-22	GTBDXE	70
LPHTD1768-22	GTBDXE	72
LPHTD1769-22	GTBDXE	87
LPHTD1770-22	GTBDXE	54
LPHTD1771-22	GTBDXE	82
LPHTD1772-22	GTBDXE	70
LPHTD1773-22	GTBDXE	72
LPHTD1774-22	GTBDXE	52
LPHTD1775-22	GTBDXE	2
LPHTD1776-22	GTBDXE	3
LPHTD1777-22	GTBDXE	24
LPHTD1778-22	GTBDXE	37
LPHTD1779-22	GTBDXE	40
LPHTD1780-22	GTBDXE	41
LPHTD1781-22	GTBDXE	4
LPHTD1783-22	GTBDXE	2
LPHTD1784-22	GTBDXE	17
LPHTD1785-22	GTBDXE	23
LPHTD1786-22	GTBDXE	3
LPHTD1787-22	GTBDXE	7
LPHTD1788-22	GTBDXE	18
LPHTD1789-22	GTBDXE	11
LPHTD1790-22	GTBDXE	35
LPHTD1791-22	GTBDXE	20
LPHTD1792-22	GTBDXE	3
LPHTD1793-22	GTBDXE	6
LPHTD1794-22	GTBDXE	18
LPHTD1795-22	GTBDXE	38
LPHTD1796-22	GTBDXE	36
LPHTD1797-22	GTBDXE	32
LPHTD1798-22	GTBDXE	30
LPHTD1799-22	GTBDXE	29
LPHTD1800-22	GTBDXE	27
LPHTD1801-22	GTBDXE	3
LPHTD1802-22	GTBDXE	2
LPHTD1803-22	GTBDXE	35
LPHTD1804-22	GTBDXE	11
LPHTD1805-22	GTBDXE	25
LPHTD1806-22	GTBDXE	2
LPHTD1807-22	GTBDXE	33
LPHTD1808-22	GTBDXE	38
LPHTD1809-22	GTBDXE	19
LPHTD1810-22	GTBDXE	45
LPHTD1811-22	GTBDXE	5
LPHTD1812-22	GTBDXE	36
LPHTD1813-22	GTBDXE	21
LPHTD1814-22	GTBDXE	27
LPHTD1815-22	GTBDXE	31
LPHTD1818-22	GTBDXE	31
LPHTD1819-22	GTBDXE	27
LPHTD1820-22	GTBDXE	35
LPHTD1821-22	GTBDXE	28
LPHTD1822-22	GTBDXE	32
LPHTD1823-22	GTBDXE	3
LPHTD1825-22	GTBDXE	47
LPHTD1826-22	GTBDXE	22
LPHTD1827-22	GTBDXE	41
LPHTD1829-22	GTBDXE	33
LPHTD1830-22	GTBDXE	6
LPHTD1831-22	GTBDXE	22
LPHTD1832-22	GTBDXE	33
LPHTD1833-22	GTBDXE	12
LPHTD1834-22	GTBDXE	46
LPHTD1835-22	GTBDXE	12
LPHTD1836-22	GTBDXE	3
LPHTD1837-22	GTBDXE	6
LPHTD1838-22	GTBDXE	28
LPHTD1839-22	GTBDXE	33
LPHTD1840-22	GTBDXE	4
LPHTD1841-22	GTBDXE	19
LPHTD1842-22	GTBDXE	2
LPHTD1843-22	GTBDXE	18
LPHTD1844-22	GTBDXE	28
LPHTD1845-22	GTBDXE	32
LPHTD1846-22	GTBDXE	34
LPHTD1847-22	GTBDXE	15
LPHTD1848-22	GTBDXE	26
LPHTD1849-22	GTBDXE	39
LPHTD1850-22	GTBDXE	35
LPHTD1851-22	GTBDXE	42
LPHTD1852-22	GTBDXE	21
LPHTD1853-22	GTBDXE	14
LPHTD1854-22	GTBDXE	30
LPHTD1855-22	GTBDXE	8
LPHTD1856-22	GTBDXE	27
LPHTD1857-22	GTBDXE	27
LPHTD1858-22	GTBDXE	29
LPHTD1859-22	GTBDXE	44
LPHTD1860-22	GTBDXE	49
LPHTD1861-22	GTBDXE	22
LPHTD1862-22	GTBDXE	14
LPHTD1863-22	GTBDXE	41
LPHTD1864-22	GTBDXE	35
LPHTD1865-22	GTBDXE	2
LPHTD1866-22	GTBDXE	38
LPHTD1867-22	GTBDXE	40
LPHTD1868-22	GTBDXE	33
LPHTD1870-22	GTBDXE	33
LPHTD1871-22	GTBDXE	38
LPHTD1872-22	GTBDXE	11
LPHTD1873-22	GTBDXE	43
LPHTD1874-22	GTBDXE	5
LPHTD1875-22	GTBDXE	28
LPHTD1876-22	GTBDXE	8
LPHTD1877-22	GTBDXE	8
LPHTD1878-22	GTBDXE	22
LPHTD1879-22	GTBDXE	13
LPHTD1880-22	GTBDXE	3
LPHTD1881-22	GTBDXE	3
LPHTD1882-22	GTBDXE	38
LPHTD1883-22	GTBDXE	21
LPHTD1884-22	GTBDXE	30
LPHTD1885-22	GTBDXE	26
LPHTD1886-22	GTBDXE	37
LPHTD1889-22	GTBDXE	30
LPHTD1890-22	GTBDXE	38
LPHTD1891-22	GTBDXE	15
LPHTD1892-22	GTBDXE	32
LPHTD1893-22	GTBDXE	2
LPHTD1894-22	GTBDXE	40
LPHTD1895-22	GTBDXE	12
LPHTD1896-22	GTBDXE	4
LPHTD1897-22	GTBDXE	30
LPHTD1898-22	GTBDXE	30
LPHTD1899-22	GTBDXE	38
LPHTD1900-22	GTBDXE	7
LPHTD1901-22	GTBDXE	40
LPHTD1902-22	GTBDXE	5
LPHTD1903-22	GTBDXE	6
LPHTD1904-22	GTBDXE	28
LPHTD1905-22	GTBDXE	31
LPHTD1906-22	GTBDXE	27
LPHTD1907-22	GTBDXE	31
LPHTD1908-22	GTBDXE	30
LPHTD1909-22	GTBDXE	11
LPHTD1910-22	GTBDXE	8
LPHTD1911-22	GTBDXE	44
LPHTD1912-22	GTBDXE	8
LPHTD1914-22	GTBDXE	10
LPHTD1915-22	GTBDXE	6
LPHTD1916-22	GTBDXE	34
LPHTD1917-22	GTBDXE	31
LPHTD1918-22	GTBDXE	21
LPHTD1920-22	GTBDXE	22
LPHTD1921-22	GTBDXE	4
LPHTD1922-22	GTBDXE	35
LPHTD1923-22	GTBDXE	19
LPHTD1925-22	GTBDXE	13
LPHTD1927-22	GTBDXE	8
LPHTD1928-22	GTBDXE	17
LPHTD1929-22	GTBDXE	39
LPHTD1930-22	GTBDXE	9
LPHTD1931-22	GTBDXE	42
LPHTD1932-22	GTBDXE	32
LPHTD1933-22	GTBDXE	20
LPHTD1934-22	GTBDXE	31
LPHTD1935-22	GTBDXE	35
LPHTD1936-22	GTBDXE	43
LPHTD1937-22	GTBDXE	37
LPHTD1938-22	GTBDXE	32
LPHTD1939-22	GTBDXE	5
LPHTD1940-22	GTBDXE	38
LPHTD1941-22	GTBDXE	8
LPHTD1942-22	GTBDXE	32
LPHTD1943-22	GTBDXE	15
LPHTD1944-22	GTBDXE	31
LPHTD1945-22	GTBDXE	12
LPHTD1946-22	GTBDXE	8
LPHTD1947-22	GTBDXE	2
LPHTD1949-22	GTBDXE	12
LPHTD1950-22	GTBDXE	37
LPHTD1951-22	GTBDXE	4
LPHTD1952-22	GTBDXE	17
LPHTD1953-22	GTBDXE	33
LPHTD1954-22	GTBDXE	9
LPHTD1955-22	GTBDXE	27
LPHTD1956-22	GTBDXE	22
LPHTD1957-22	GTBDXE	11
LPHTD1958-22	GTBDXE	33
LPHTD1959-22	GTBDXE	24
LPHTD1960-22	GTBDXE	20
LPHTD1961-22	GTBDXE	23
LPHTD1962-22	GTBDXE	26
LPHTD1963-22	GTBDXE	35
LPHTD1964-22	GTBDXE	49
LPHTD1965-22	GTBDXE	64
LPHTD1966-22	GTBDXE	56
LPHTD1967-22	GTBDXE	55
LPHTD1968-22	GTBDXE	46
LPHTD1969-22	GTBDXE	41
LPHTD1970-22	GTBDXE	34
LPHTD1974-22	GTBDXE	58
LPHTD1975-22	GTBDXE	66
LPHTD1976-22	GTBDXE	45
LPHTD1977-22	GTBDXE	49
LPHTD1978-22	GTBDXE	56
LPHTD1979-22	GTBDXE	61
LPHTD1980-22	GTBDXE	53
LPHTD1981-22	GTBDXE	65
LPHTD1982-22	GTBDXE	83
LPHTD1983-22	GTBDXE	60
LPHTD1984-22	GTBDXE	43
LPHTD1985-22	GTBDXE	81
LPHTD1986-22	GTBDXE	54
LPHTD1987-22	GTBDXE	57
LPHTD1988-22	GTBDXE	38
LPHTD1989-22	GTBDXE	65
LPHTD1990-22	GTBDXE	65
LPHTD1991-22	GTBDXE	8
LPHTD1992-22	GTBDXE	64
LPHTD1993-22	GTBDXE	56
LPHTD1994-22	GTBDXE	34
LPHTD1995-22	GTBDXE	2
LPHTD1996-22	GTBDXE	32
LPHTD1997-22	GTBDXE	69
LPHTD1998-22	GTBDXE	38
LPHTD1999-22	GTBDXE	66
LPHTD2000-22	GTBDXE	63
LPHTD2001-22	GTBDXE	52
LPHTD2002-22	GTBDXE	48
LPHTD2003-22	GTBDXE	19
LPHTD2004-22	GTBDXE	55
LPHTD2005-22	GTBDXE	61
LPHTD2006-22	GTBDXE	29
LPHTD2007-22	GTBDXE	4
LPHTD2008-22	GTBDXE	64
LPHTD2009-22	GTBDXE	56
LPHTD2010-22	GTBDXE	45
LPHTD2011-22	GTBDXE	44
LPHTD2012-22	GTBDXE	62
LPHTD2013-22	GTBDXE	58
LPHTD2014-22	GTBDXE	57
LPHTD2015-22	GTBDXE	59
LPHTD2016-22	GTBDXE	44
LPHTD2017-22	GTBDXE	52
LPHTD2018-22	GTBDXE	62
LPHTD2019-22	GTBDXE	41
LPHTD2020-22	GTBDXE	5
LPHTD2021-22	GTBDXE	59
LPHTD2022-22	GTBDXE	48
LPHTD2023-22	GTBDXE	46
LPHTD2024-22	GTBDXE	56
LPHTD2025-22	GTBDXE	44
LPHTD2026-22	GTBDXE	15
LPHTD2027-22	GTBDXE	39
LPHTD2028-22	GTBDXE	14
LPHTD2029-22	GTBDXE	30
LPHTD2030-22	GTBDXE	54
LPHTD2031-22	GTBDXE	44
LPHTD2032-22	GTBDXE	43
LPHTD2033-22	GTBDXE	61
LPHTD2034-22	GTBDXE	14
LPHTD2035-22	GTBDXE	28
LPHTD2036-22	GTBDXE	25
LPHTD2037-22	GTBDXE	57
LPHTD2038-22	GTBDXE	64
LPHTD2039-22	GTBDXE	55
LPHTD2040-22	GTBDXE	54
LPHTD2041-22	GTBDXE	29
LPHTD2042-22	GTBDXE	55
LPHTD2043-22	GTBDXE	33
LPHTD2044-22	GTBDXE	51
LPHTD2045-22	GTBDXE	9
LPHTD2046-22	GTBDXE	60
LPHTD2047-22	GTBDXE	60
LPHTD2048-22	GTBDXE	47
LPHTD2049-22	GTBDXE	35
LPHTD2050-22	GTBDXE	61
LPHTD2051-22	GTBDXE	24
LPHTD2052-22	GTBDXE	59
LPHTD2053-22	GTBDXE	14
LPHTD2054-22	GTBDXE	41
LPHTD2055-22	GTBDXE	6
LPHTD2056-22	GTBDXE	71
LPHTD2057-22	GTBDXE	53
LPHTD2058-22	GTBDXE	41
LPHTD2059-22	GTBDXE	46
LPHTD2060-22	GTBDXE	16
LPHTD2061-22	GTBDXE	25
LPHTD2062-22	GTBDXE	2
LPHTD2064-22	GTBDXE	31
LPHTD2065-22	GTBDXE	19
LPHTD2066-22	GTBDXE	21
LPHTD2067-22	GTBDXE	18
LPHTD2068-22	GTBDXE	8
LPHTD2069-22	GTBDXE	35
LPHTD2070-22	GTBDXE	37
LPHTD2071-22	GTBDXE	36
LPHTD2072-22	GTBDXE	16
LPHTD2073-22	GTBDXE	27
LPHTD2074-22	GTBDXE	3
LPHTD2075-22	GTBDXE	36
LPHTD2076-22	GTBDXE	40
LPHTD2078-22	GTBDXE	5
LPHTD2079-22	GTBDXE	18
LPHTD2080-22	GTBDXE	11
LPHTD2081-22	GTBDXE	18
LPHTD2082-22	GTBDXE	51
LPHTD2083-22	GTBDXE	9
LPHTD2084-22	GTBDXE	20
LPHTD2086-22	GTBDXE	13
LPHTD2087-22	GTBDXE	29
LPHTD2089-22	GTBDXE	35
LPHTD2090-22	GTBDXE	5
LPHTD2091-22	GTBDXE	44
LPHTD2092-22	GTBDXE	9
LPHTD2093-22	GTBDXE	5
LPHTD2094-22	GTBDXE	11
LPHTD2095-22	GTBDXE	31
LPHTD2096-22	GTBDXE	23
LPHTD2097-22	GTBDXE	5
LPHTD2098-22	GTBDXE	8
LPHTD2099-22	GTBDXE	22
LPHTD2100-22	GTBDXE	38
LPHTD2101-22	GTBDXE	2
LPHTD2102-22	GTBDXE	35
LPHTD2103-22	GTBDXE	18
LPHTD2104-22	GTBDXE	29
LPHTD2105-22	GTBDXE	22
LPHTD2106-22	GTBDXE	11
LPHTD2108-22	GTBDXE	39
LPHTD2109-22	GTBDXE	21
LPHTD2110-22	GTBDXE	29
LPHTD2111-22	GTBDXE	34
LPHTD2112-22	GTBDXE	33
LPHTD2113-22	GTBDXE	28
LPHTD2114-22	GTBDXE	22
LPHTD2115-22	GTBDXE	8
LPHTD2116-22	GTBDXE	2
LPHTD2117-22	GTBDXE	36
LPHTD2118-22	GTBDXE	26
LPHTD2119-22	GTBDXE	28
LPHTD2121-22	GTBDXE	4
LPHTD2122-22	GTBDXE	25
LPHTD2123-22	GTBDXE	20
LPHTD2124-22	GTBDXE	11
LPHTD2126-22	GTBDXE	10
LPHTD2127-22	GTBDXE	7
LPHTD2128-22	GTBDXE	33
LPHTD2129-22	GTBDXE	30
LPHTD2130-22	GTBDXE	35
LPHTD2131-22	GTBDXE	32
LPHTD2132-22	GTBDXE	30
LPHTD2133-22	GTBDXE	28
LPHTD2134-22	GTBDXE	13
LPHTD2136-22	GTBDXE	25
LPHTD2137-22	GTBDXE	31
LPHTD2138-22	GTBDXE	20
LPHTD2139-22	GTBDXE	2
LPHTD2140-22	GTBDXE	12
LPHTD2141-22	GTBDXE	33
LPHTD2142-22	GTBDXE	31
LPHTD2143-22	GTBDXE	38
LPHTD2144-22	GTBDXE	32
LPHTD2145-22	GTBDXE	5
LPHTD2146-22	GTBDXE	38
LPHTD2147-22	GTBDXE	40
LPHTD2148-22	GTBDXE	27
LPHTD2149-22	GTBDXE	37
LPHTD2150-22	GTBDXE	15
LPHTD2151-22	GTBDXE	21
LPHTD2152-22	GTBDXE	34
LPHTD2153-22	GTBDXE	40
LPHTD2154-22	GTBDXE	8
LPHTD2155-22	GTBDXE	37
LPHTD2156-22	GTBDXE	22
LPHTD2157-22	GTBDXE	26
LPHTD2158-22	GTBDXE	28
LPHTD2159-22	GTBDXE	25
LPHTD2160-22	GTBDXE	4
LPHTD2161-22	GTBDXE	21
LPHTD2162-22	GTBDXE	28
LPHTD2163-22	GTBDXE	20
LPHTD2164-22	GTBDXE	10
LPHTD2166-22	GTBDXE	15
LPHTD2167-22	GTBDXE	35
LPHTD2168-22	GTBDXE	26
LPHTD2169-22	GTBDXE	23
LPHTD2170-22	GTBDXE	30
LPHTD2171-22	GTBDXE	41
LPHTD2172-22	GTBDXE	18
LPHTD2173-22	GTBDXE	23
LPHTD2174-22	GTBDXE	19
LPHTD2175-22	GTBDXE	35
LPHTD2176-22	GTBDXE	20
LPHTD2177-22	GTBDXE	36
LPHTD2178-22	GTBDXE	33
LPHTD2179-22	GTBDXE	28
LPHTD2180-22	GTBDXE	22
LPHTD2181-22	GTBDXE	21
LPHTD2182-22	GTBDXE	36
LPHTD2183-22	GTBDXE	38
LPHTD2184-22	GTBDXE	33
LPHTD2185-22	GTBDXE	23
LPHTD2186-22	GTBDXE	29
LPHTD2187-22	GTBDXE	30
LPHTD2188-22	GTBDXE	46
LPHTD2189-22	GTBDXE	25
LPHTD2190-22	GTBDXE	30
LPHTD2192-22	GTBDXE	27
LPHTD2193-22	GTBDXE	37
LPHTD2194-22	GTBDXE	41
LPHTD2195-22	GTBDXE	30
LPHTD2196-22	GTBDXE	29
LPHTD2197-22	GTBDXE	10
LPHTD2198-22	GTBDXE	37
LPHTD2199-22	GTBDXE	31
LPHTD2200-22	GTBDXE	39
LPHTD2201-22	GTBDXE	44
LPHTD2202-22	GTBDXE	42
LPHTD2203-22	GTBDXE	36
LPHTD2204-22	GTBDXE	30
LPHTD2205-22	GTBDXE	8
LPHTD2206-22	GTBDXE	32
LPHTD2207-22	GTBDXE	21
LPHTD2208-22	GTBDXE	41
LPHTD2209-22	GTBDXE	22
LPHTD2210-22	GTBDXE	30
LPHTD2211-22	GTBDXE	34
LPHTD2212-22	GTBDXE	27
LPHTD2214-22	GTBDXE	32
LPHTD2215-22	GTBDXE	49
LPHTD2216-22	GTBDXE	29
LPHTD2217-22	GTBDXE	32
LPHTD2218-22	GTBDXE	18
LPHTD2219-22	GTBDXE	33
LPHTD2220-22	GTBDXE	38
LPHTD2221-22	GTBDXE	34
LPHTD2222-22	GTBDXE	20
LPHTD2223-22	GTBDXE	27
LPHTD2224-22	GTBDXE	21
LPHTD2225-22	GTBDXE	56
LPHTD2226-22	GTBDXE	22
LPHTD2227-22	GTBDXE	33
LPHTD2228-22	GTBDXE	9
LPHTD2229-22	GTBDXE	14
LPHTD2230-22	GTBDXE	34
LPHTD2231-22	GTBDXE	28
LPHTD2232-22	GTBDXE	53
LPHTD2233-22	GTBDXE	24
LPHTD2234-22	GTBDXE	39
LPHTD2235-22	GTBDXE	31
LPHTD2236-22	GTBDXE	47
LPHTD2237-22	GTBDXE	34
LPHTD2238-22	GTBDXE	41
LPHTD2239-22	GTBDXE	40
LPHTD2240-22	GTBDXE	36
LPHTD2241-22	GTBDXE	20
LPHTD2242-22	GTBDXE	23
LPHTD2243-22	GTBDXE	29
LPHTD2244-22	GTBDXE	43
LPHTD2245-22	GTBDXE	34
LPHTD2246-22	GTBDXE	31
LPHTD2247-22	GTBDXE	36
LPHTD2248-22	GTBDXE	46
LPHTD2249-22	GTBDXE	54
LPHTD2250-22	GTBDXE	25
LPHTD2251-22	GTBDXE	37
LPHTD2252-22	GTBDXE	15
LPHTD2253-22	GTBDXE	25
LPHTD2254-22	GTBDXE	65
LPHTD2255-22	GTBDXE	30
LPHTD2256-22	GTBDXE	42
LPHTD2257-22	GTBDXE	40
LPHTD2258-22	GTBDXE	40
LPHTD2259-22	GTBDXE	52
LPHTD2260-22	GTBDXE	5
LPHTD2261-22	GTBDXE	45
LPHTD2262-22	GTBDXE	20
LPHTD2263-22	GTBDXE	38
LPHTD2264-22	GTBDXE	42
LPHTD2265-22	GTBDXE	49
LPHTD2266-22	GTBDXE	24
LPHTD2267-22	GTBDXE	21
LPHTD2268-22	GTBDXE	27
LPHTD2269-22	GTBDXE	56
LPHTD2270-22	GTBDXE	47
LPHTD2271-22	GTBDXE	21
LPHTD2272-22	GTBDXE	53
LPHTD2274-22	GTBDXE	48
LPHTD2276-22	GTBDXE	33
LPHTD2277-22	GTBDXE	28
LPHTD2278-22	GTBDXE	24
LPHTD2279-22	GTBDXE	17
LPHTD2280-22	GTBDXE	28
LPHTD2281-22	GTBDXE	38
LPHTD2282-22	GTBDXE	19
LPHTD2283-22	GTBDXE	6
LPHTD2284-22	GTBDXE	30
LPHTD2285-22	GTBDXE	37
LPHTD2286-22	GTBDXE	17
LPHTD2287-22	GTBDXE	39
LPHTD2288-22	GTBDXE	18
LPHTD2289-22	GTBDXE	46
LPHTD2290-22	GTBDXE	42
LPHTD2291-22	GTBDXE	7
LPHTD2293-22	GTBDXE	39
LPHTD2294-22	GTBDXE	29
LPHTD2295-22	GTBDXE	28
LPHTD2296-22	GTBDXE	51
LPHTD2297-22	GTBDXE	45
LPHTD2298-22	GTBDXE	5
LPHTD2299-22	GTBDXE	11
LPHTD2300-22	GTBDXE	17
LPHTD2301-22	GTBDXE	46
LPHTD2302-22	GTBDXE	40
LPHTD2303-22	GTBDXE	9
LPHTD2304-22	GTBDXE	41
LPHTD2305-22	GTBDXE	5
LPHTD2307-22	GTBDXE	8
LPHTD2308-22	GTBDXE	15
LPHTD2309-22	GTBDXE	43
LPHTD2310-22	GTBDXE	3
LPHTD2311-22	GTBDXE	5
LPHTD2312-22	GTBDXE	2
LPHTD2313-22	GTBDXE	31
LPHTD2314-22	GTBDXE	38
LPHTD2315-22	GTBDXE	39
LPHTD2316-22	GTBDXE	28
LPHTD2317-22	GTBDXE	46
LPHTD2318-22	GTBDXE	41
LPHTD2319-22	GTBDXE	44
LPHTD2320-22	GTBDXE	53
LPHTD2321-22	GTBDXE	9
LPHTD2322-22	GTBDXE	16
LPHTD2323-22	GTBDXE	28
LPHTD2324-22	GTBDXE	32
LPHTD2325-22	GTBDXE	26
LPHTD2326-22	GTBDXE	42
LPHTD2327-22	GTBDXE	49
LPHTD2328-22	GTBDXE	44
LPHTD2329-22	GTBDXE	35
LPHTD2330-22	GTBDXE	15
LPHTD2331-22	GTBDXE	32
LPHTD2332-22	GTBDXE	81
LPHTD2333-22	GTBDXE	37
LPHTD2334-22	GTBDXE	45
LPHTD2335-22	GTBDXE	3
LPHTD2336-22	GTBDXE	40
LPHTD2337-22	GTBDXE	23
LPHTD2338-22	GTBDXE	31
LPHTD2339-22	GTBDXE	33
LPHTD2340-22	GTBDXE	53
LPHTD2341-22	GTBDXE	6
LPHTD2342-22	GTBDXE	51
LPHTD2343-22	GTBDXE	66
LPHTD2344-22	GTBDXE	50
LPHTD2345-22	GTBDXE	62
LPHTD2346-22	GTBDXE	25
LPHTD2347-22	GTBDXE	44
LPHTD2348-22	GTBDXE	57
LPHTD2349-22	GTBDXE	6
LPHTD2350-22	GTBDXE	46
LPHTD2351-22	GTBDXE	45
LPHTD2352-22	GTBDXE	54
LPHTD2353-22	GTBDXE	36
LPHTD2354-22	GTBDXE	30
LPHTD2355-22	GTBDXE	62
LPHTD2356-22	GTBDXE	52
LPHTD2357-22	GTBDXE	44
LPHTD2358-22	GTBDXE	52
LPHTD2359-22	GTBDXE	45
LPHTD2360-22	GTBDXE	70
LPHTD2361-22	GTBDXE	53
LPHTD2362-22	GTBDXE	51
LPHTD2363-22	GTBDXE	61
LPHTD2364-22	GTBDXE	48
LPHTD2365-22	GTBDXE	44
LPHTD2366-22	GTBDXE	25
LPHTD2367-22	GTBDXE	58
LPHTD2368-22	GTBDXE	87
LPHTD2369-22	GTBDXE	63
LPHTD2370-22	GTBDXE	39
LPHTD2371-22	GTBDXE	21
LPHTD2372-22	GTBDXE	69
LPHTD2373-22	GTBDXE	56
LPHTD2374-22	GTBDXE	40
LPHTD2375-22	GTBDXE	46
LPHTD2376-22	GTBDXE	56
LPHTD2377-22	GTBDXE	33
LPHTD2378-22	GTBDXE	3
LPHTD2379-22	GTBDXE	26
LPHTD2380-22	GTBDXE	48
LPHTD2381-22	GTBDXE	51
LPHTD2382-22	GTBDXE	51
LPHTD2383-22	GTBDXE	51
LPHTD2384-22	GTBDXE	48
LPHTD2385-22	GTBDXE	50
LPHTD2386-22	GTBDXE	38
LPHTD2387-22	GTBDXE	22
LPHTD2388-22	GTBDXE	42
LPHTD2389-22	GTBDXE	46
LPHTD2390-22	GTBDXE	55
LPHTD2391-22	GTBDXE	66
LPHTD2392-22	GTBDXE	71
LPHTD2393-22	GTBDXE	50
LPHTD2394-22	GTBDXE	40
LPHTD2395-22	GTBDXE	38
LPHTD2396-22	GTBDXE	32
LPHTD2397-22	GTBDXE	46
LPHTD2398-22	GTBDXE	29
LPHTD2399-22	GTBDXE	63
LPHTD2400-22	GTBDXE	61
LPHTD2401-22	GTBDXE	59
LPHTD2402-22	GTBDXE	54
LPHTD2403-22	GTBDXE	28
LPHTD2404-22	GTBDXE	60
LPHTD2405-22	GTBDXE	44
LPHTD2406-22	GTBDXE	45
LPHTD2407-22	GTBDXE	37
LPHTD2408-22	GTBDXE	43
LPHTD2409-22	GTBDXE	45
LPHTD2410-22	GTBDXE	29
LPHTD2411-22	GTBDXE	51
LPHTD2412-22	GTBDXE	31
LPHTD2413-22	GTBDXE	43
LPHTD2414-22	GTBDXE	49
LPHTD2415-22	GTBDXE	53
LPHTD2416-22	GTBDXE	58
LPHTD2417-22	GTBDXE	52
LPHTD2418-22	GTBDXE	4
LPHTD2419-22	GTBDXE	59
LPHTD2420-22	GTBDXE	45
LPHTD2421-22	GTBDXE	22
LPHTD2422-22	GTBDXE	35
LPHTD2423-22	GTBDXE	42
LPHTD2424-22	GTBDXE	63
LPHTD2425-22	GTBDXE	71
LPHTD2426-22	GTBDXE	58
LPHTD2427-22	GTBDXE	20
LPHTD2428-22	GTBDXE	6
LPHTD2431-22	GTBDXE	45
LPHTD2432-22	GTBDXE	44
LPHTD2433-22	GTBDXE	13
LPHTD2434-22	GTBDXE	4
LPHTD2435-22	GTBDXE	14
LPHTD2436-22	GTBDXE	68
LPHTD2437-22	GTBDXE	70
LPHTD2438-22	GTBDXE	52
LPHTD2439-22	GTBDXE	63
LPHTD2440-22	GTBDXE	54
LPHTD2441-22	GTBDXE	48
LPHTD2442-22	GTBDXE	77
LPHTD2443-22	GTBDXE	56
LPHTD2444-22	GTBDXE	40
LPHTD2445-22	GTBDXE	50
LPHTD2446-22	GTBDXE	67
LPHTD2447-22	GTBDXE	35
LPHTD2448-22	GTBDXE	50
LPHTD2449-22	GTBDXE	48
LPHTD2450-22	GTBDXE	54
LPHTD2451-22	GTBDXE	45
LPHTD2452-22	GTBDXE	53
LPHTD2453-22	GTBDXE	62
LPHTD2454-22	GTBDXE	67
LPHTD2455-22	GTBDXE	56
LPHTD2456-22	GTBDXE	65
LPHTD2457-22	GTBDXE	55
LPHTD2458-22	GTBDXE	59
LPHTD2459-22	GTBDXE	73
LPHTD2460-22	GTBDXE	60
LPHTD2461-22	GTBDXE	63
LPHTD2462-22	GTBDXE	55
LPHTD2463-22	GTBDXE	60
LPHTD2464-22	GTBDXE	46
LPHTD2465-22	GTBDXE	75
LPHTD2466-22	GTBDXE	41
LPHTD2467-22	GTBDXE	52
LPHTD2468-22	GTBDXE	51
LPHTD2469-22	GTBDXE	51
LPHTD2470-22	GTBDXE	56
LPHTD2471-22	GTBDXE	47
LPHTD2472-22	GTBDXE	59
LPHTD2473-22	GTBDXE	60
LPHTD2474-22	GTBDXE	57
LPHTD2475-22	GTBDXE	8
LPHTD2476-22	GTBDXE	64
LPHTD2477-22	GTBDXE	47
LPHTD2478-22	GTBDXE	57
LPHTD2479-22	GTBDXE	40
LPHTD2480-22	GTBDXE	34
LPHTD2481-22	GTBDXE	49
LPHTD2482-22	GTBDXE	45
LPHTD2483-22	GTBDXE	70
LPHTD2484-22	GTBDXE	52
LPHTD2485-22	GTBDXE	58
LPHTD2486-22	GTBDXE	48
LPHTD2487-22	GTBDXE	68
LPHTD2488-22	GTBDXE	66
LPHTD2489-22	GTBDXE	56
LPHTD2490-22	GTBDXE	55
LPHTD2491-22	GTBDXE	46
LPHTD2492-22	GTBDXE	36
LPHTD2494-22	GTBDXE	49
LPHTD2495-22	GTBDXE	51
LPHTD2496-22	GTBDXE	42
LPHTD2497-22	GTBDXE	47
LPHTD2498-22	GTBDXE	12
LPHTD2499-22	GTBDXE	52
LPHTD2500-22	GTBDXE	53
LPHTD2501-22	GTBDXE	51
LPHTD2502-22	GTBDXE	55
LPHTD2503-22	GTBDXE	60
LPHTD2504-22	GTBDXE	48
LPHTD2505-22	GTBDXE	51
LPHTD2506-22	GTBDXE	41
LPHTD2507-22	GTBDXE	54
LPHTD2508-22	GTBDXE	57
LPHTD2509-22	GTBDXE	67
LPHTD2510-22	GTBDXE	47
LPHTD2511-22	GTBDXE	62
LPHTD2512-22	GTBDXE	56
LPHTD2513-22	GTBDXE	48
LPHTD2514-22	GTBDXE	44
LPHTD2515-22	GTBDXE	77
LPHTD2516-22	GTBDXE	47
LPHTD2517-22	GTBDXE	44
LPHTD2518-22	GTBDXE	54
LPHTD2519-22	GTBDXE	57
LPHTD2520-22	GTBDXE	52
LPHTD2521-22	GTBDXE	33
LPHTD2522-22	GTBDXE	52
LPHTD2523-22	GTBDXE	80
LPHTD2524-22	GTBDXE	49
LPHTD2525-22	GTBDXE	48
LPHTD2526-22	GTBDXE	24
LPHTD2527-22	GTBDXE	75
LPHTD2528-22	GTBDXE	50
LPHTD2529-22	GTBDXE	22
LPHTD2530-22	GTBDXE	14
LPHTD2531-22	GTBDXE	39
LPHTD2532-22	GTBDXE	64
LPHTD2533-22	GTBDXE	44
LPHTD2534-22	GTBDXE	28
LPHTD2535-22	GTBDXE	22
LPHTD2536-22	GTBDXE	10
LPHTD2537-22	GTBDXE	39
LPHTD2538-22	GTBDXE	38
LPHTD2539-22	GTBDXE	50
LPHTD2540-22	GTBDXE	25
LPHTD2541-22	GTBDXE	23
LPHTD2542-22	GTBDXE	67
LPHTD2543-22	GTBDXE	4
LPHTD2544-22	GTBDXE	56
LPHTD2545-22	GTBDXE	6
LPHTD2546-22	GTBDXE	47
LPHTD2547-22	GTBDXE	41
LPHTD2548-22	GTBDXE	5
LPHTD2549-22	GTBDXE	48
LPHTD2550-22	GTBDXE	45
LPHTD2551-22	GTBDXE	52
LPHTD2552-22	GTBDXE	17
LPHTD2553-22	GTBDXE	26
LPHTD2554-22	GTBDXE	21
LPHTD2555-22	GTBDXE	6
LPHTD2556-22	GTBDXE	48
LPHTD2558-22	GTBDXE	70
LPHTD2559-22	GTBDXE	26
LPHTD2561-22	GTBDXE	34
LPHTD2562-22	GTBDXE	54
LPHTD2563-22	GTBDXE	8
LPHTD2564-22	GTBDXE	12
LPHTD2565-22	GTBDXE	56
LPHTD2566-22	GTBDXE	27
LPHTD2567-22	GTBDXE	39
LPHTD2568-22	GTBDXE	48
LPHTD2570-22	GTBDXE	52
LPHTD2571-22	GTBDXE	61
LPHTD2572-22	GTBDXE	46
LPHTD2573-22	GTBDXE	49
LPHTD2574-22	GTBDXE	43
LPHTD2575-22	GTBDXE	32
LPHTD2576-22	GTBDXE	47
LPHTD2577-22	GTBDXE	61
LPHTD2578-22	GTBDXE	43
LPHTD2579-22	GTBDXE	45
LPHTD2580-22	GTBDXE	45
LPHTD2581-22	GTBDXE	33
LPHTD2582-22	GTBDXE	50
LPHTD2583-22	GTBDXE	17
LPHTD2584-22	GTBDXE	16
LPHTD2585-22	GTBDXE	54
LPHTD2586-22	GTBDXE	54
LPHTD2587-22	GTBDXE	46
LPHTD2588-22	GTBDXE	68
LPHTD2589-22	GTBDXE	65
LPHTD2590-22	GTBDXE	32
LPHTD2592-22	GTBDXE	10
LPHTD2593-22	GTBDXE	52
LPHTD2594-22	GTBDXE	34
LPHTD2595-22	GTBDXE	61
LPHTD2596-22	GTBDXE	44
LPHTD2597-22	GTBDXE	63
LPHTD2598-22	GTBDXE	4
LPHTD2599-22	GTBDXE	39
LPHTD2600-22	GTBDXE	43
LPHTD2601-22	GTBDXE	27
LPHTD2602-22	GTBDXE	22
LPHTD2603-22	GTBDXE	32
LPHTD2604-22	GTBDXE	32
LPHTD2605-22	GTBDXE	36
LPHTD2607-22	GTBDXE	52
LPHTD2608-22	GTBDXE	32
LPHTD2609-22	GTBDXE	32
LPHTD2610-22	GTBDXE	14
LPHTD2611-22	GTBDXE	23
LPHTD2612-22	GTBDXE	13
LPHTD2613-22	GTBDXE	51
LPHTD2614-22	GTBDXE	69
LPHTD2615-22	GTBDXE	47
LPHTD2616-22	GTBDXE	45
LPHTD2617-22	GTBDXE	48
LPHTD2618-22	GTBDXE	70
LPHTD2619-22	GTBDXE	20
LPHTD2620-22	GTBDXE	73
LPHTD2621-22	GTBDXE	62
LPHTD2622-22	GTBDXE	13
LPHTD2623-22	GTBDXE	52
LPHTD2624-22	GTBDXE	26
LPHTD2625-22	GTBDXE	33
LPHTD2626-22	GTBDXE	13
LPHTD2627-22	GTBDXE	32
LPHTD2628-22	GTBDXE	66
LPHTD2629-22	GTBDXE	46
LPHTD2630-22	GTBDXE	44
LPHTD2631-22	GTBDXE	16
LPHTD2632-22	GTBDXE	7
LPHTD2633-22	GTBDXE	11
LPHTD2634-22	GTBDXE	36
LPHTD2635-22	GTBDXE	17
LPHTD2636-22	GTBDXE	40
LPHTD2637-22	GTBDXE	11
LPHTD2638-22	GTBDXE	14
LPHTD2639-22	GTBDXE	16
LPHTD2640-22	GTBDXE	16
LPHTD2641-22	GTBDXE	9
LPHTD2642-22	GTBDXE	59
LPHTD2643-22	GTBDXE	52
LPHTD2644-22	GTBDXE	31
LPHTD2645-22	GTBDXE	17
LPHTD2646-22	GTBDXE	65
LPHTD2647-22	GTBDXE	5
LPHTD2648-22	GTBDXE	58
LPHTD2649-22	GTBDXE	20
LPHTD2650-22	GTBDXE	5
LPHTD2651-22	GTBDXE	7
LPHTD2652-22	GTBDXE	69
LPHTD2653-22	GTBDXE	76
LPHTD2654-22	GTBDXE	37
LPHTD2655-22	GTBDXE	5
LPHTD2656-22	GTBDXE	7
LPHTD2657-22	GTBDXE	6
LPHTD2658-22	GTBDXE	62
LPHTD2659-22	GTBDXE	31
LPHTD2660-22	GTBDXE	9
LPHTD2661-22	GTBDXE	6
LPHTD2662-22	GTBDXE	3
LPHTD2663-22	GTBDXE	28
LPHTD2664-22	GTBDXE	74
LPHTD2665-22	GTBDXE	79
LPHTD2666-22	GTBDXE	22
LPHTD2667-22	GTBDXE	25
LPHTD2668-22	GTBDXE	65
LPHTD2670-22	GTBDXE	13
LPHTD2671-22	GTBDXE	7
LPHTD2672-22	GTBDXE	16
LPHTD2673-22	GTBDXE	47
LPHTD2674-22	GTBDXE	48
LPHTD2675-22	GTBDXE	27
LPHTD2676-22	GTBDXE	17
LPHTD2677-22	GTBDXE	17
LPHTD2678-22	GTBDXE	18
LPHTD2679-22	GTBDXE	19
LPHTD2680-22	GTBDXE	12
LPHTD2681-22	GTBDXE	12
LPHTD2682-22	GTBDXE	14
LPHTD2683-22	GTBDXE	53
LPHTD2684-22	GTBDXE	8
LPHTD2685-22	GTBDXE	58
LPHTD2686-22	GTBDXE	10
LPHTD2687-22	GTBDXE	63
LPHTD2688-22	GTBDXE	6
LPHTD2689-22	GTBDXE	15
LPHTD2690-22	GTBDXE	71
LPHTD2691-22	GTBDXE	10
LPHTD2692-22	GTBDXE	12
LPHTD2693-22	GTBDXE	3
LPHTD2694-22	GTBDXE	14
LPHTD2695-22	GTBDXE	33
LPHTD2696-22	GTBDXE	4
LPHTD2697-22	GTBDXE	55
LPHTD2698-22	GTBDXE	2
LPHTD2699-22	GTBDXE	5
LPHTD2701-22	GTBDXE	38
LPHTD2702-22	GTBDXE	41
LPHTD2703-22	GTBDXE	24
LPHTD2704-22	GTBDXE	5
LPHTD2705-22	GTBDXE	40
LPHTD2706-22	GTBDXE	72
LPHTD2707-22	GTBDXE	23
LPHTD2708-22	GTBDXE	29
LPHTD2709-22	GTBDXE	10
LPHTD2710-22	GTBDXE	57
LPHTD2711-22	GTBDXE	6
LPHTD2712-22	GTBDXE	67
LPHTD2713-22	GTBDXE	14
LPHTD2714-22	GTBDXE	10
LPHTD2715-22	GTBDXE	25
LPHTD2716-22	GTBDXE	13
LPHTD2717-22	GTBDXE	16
LPHTD2718-22	GTBDXE	12
LPHTD2719-22	GTBDXE	16
LPHTD2720-22	GTBDXE	30
LPHTD2721-22	GTBDXE	20
LPHTD2722-22	GTBDXE	18
LPHTD2723-22	GTBDXE	66
LPHTD2724-22	GTBDXE	66
LPHTD2725-22	GTBDXE	48
LPHTD2726-22	GTBDXE	49
LPHTD2727-22	GTBDXE	34
LPHTD2728-22	GTBDXE	28
LPHTD2729-22	GTBDXE	66
LPHTD2730-22	GTBDXE	61
LPHTD2731-22	GTBDXE	45
LPHTD2732-22	GTBDXE	73
LPHTD2733-22	GTBDXE	27
LPHTD2734-22	GTBDXE	52
LPHTD2735-22	GTBDXE	64
LPHTD2736-22	GTBDXE	73
LPHTD2737-22	GTBDXE	64
LPHTD2738-22	GTBDXE	52
LPHTD2739-22	GTBDXE	48
LPHTD2740-22	GTBDXE	32
LPHTD2741-22	GTBDXE	69
LPHTD2742-22	GTBDXE	48
LPHTD2743-22	GTBDXE	22
LPHTD2744-22	GTBDXE	32
LPHTD2745-22	GTBDXE	65
LPHTD2746-22	GTBDXE	50
LPHTD2747-22	GTBDXE	61
LPHTD2748-22	GTBDXE	52
LPHTD2749-22	GTBDXE	46
LPHTD2750-22	GTBDXE	45
LPHTD2751-22	GTBDXE	58
LPHTD2752-22	GTBDXE	60
LPHTD2753-22	GTBDXE	24
LPHTD2754-22	GTBDXE	16
LPHTD2755-22	GTBDXE	42
LPHTD2756-22	GTBDXE	6
LPHTD2757-22	GTBDXE	30
LPHTD2758-22	GTBDXE	43
LPHTD2759-22	GTBDXE	53
LPHTD2760-22	GTBDXE	54
LPHTD2761-22	GTBDXE	15
LPHTD2762-22	GTBDXE	44
LPHTD2763-22	GTBDXE	50
LPHTD2764-22	GTBDXE	7
LPHTD2765-22	GTBDXE	57
LPHTD2766-22	GTBDXE	64
LPHTD2767-22	GTBDXE	43
LPHTD2768-22	GTBDXE	60
LPHTD2769-22	GTBDXE	58
LPHTD2771-22	GTBDXE	62
LPHTD2772-22	GTBDXE	41
LPHTD2773-22	GTBDXE	45
LPHTD2774-22	GTBDXE	69
LPHTD2775-22	GTBDXE	66
LPHTD2776-22	GTBDXE	44
LPHTD2777-22	GTBDXE	54
LPHTD2778-22	GTBDXE	42
LPHTD2779-22	GTBDXE	52
LPHTD2780-22	GTBDXE	52
LPHTD2781-22	GTBDXE	70
LPHTD2782-22	GTBDXE	62
LPHTD2783-22	GTBDXE	46
LPHTD2784-22	GTBDXE	19
LPHTD2785-22	GTBDXE	60
LPHTD2786-22	GTBDXE	43
LPHTD2787-22	GTBDXE	65
LPHTD2788-22	GTBDXE	71
LPHTD2789-22	GTBDXE	7
LPHTD2790-22	GTBDXE	39
LPHTD2791-22	GTBDXE	53
LPHTD2792-22	GTBDXE	12
LPHTD2793-22	GTBDXE	59
LPHTD2794-22	GTBDXE	43
LPHTD2795-22	GTBDXE	41
LPHTD2796-22	GTBDXE	68
LPHTD2797-22	GTBDXE	5
LPHTD2798-22	GTBDXE	40
LPHTD2799-22	GTBDXE	47
LPHTD2800-22	GTBDXE	58
LPHTD2801-22	GTBDXE	18
LPHTD2802-22	GTBDXE	30
LPHTD2803-22	GTBDXE	59
LPHTD2804-22	GTBDXE	67
LPHTD2805-22	GTBDXE	60
LPHTD2806-22	GTBDXE	54
LPHTD2807-22	GTBDXE	74
LPHTD2808-22	GTBDXE	79
LPHTD2809-22	GTBDXE	51
LPHTD2810-22	GTBDXE	47
LPHTD2811-22	GTBDXE	52
LPHTD2812-22	GTBDXE	51
LPHTD2813-22	GTBDXE	35
LPHTD2814-22	GTBDXE	49
LPHTD2815-22	GTBDXE	6
LPHTD2816-22	GTBDXE	56
LPHTD2817-22	GTBDXE	71
LPHTD2818-22	GTBDXE	75
LPHTD2819-22	GTBDXE	39
LPHTD2820-22	GTBDXE	27
LPHTD2821-22	GTBDXE	39
LPHTD2822-22	GTBDXE	17
LPHTD2824-22	GTBDXE	11
LPHTD2825-22	GTBDXE	37
LPHTD2826-22	GTBDXE	41
LPHTD2827-22	GTBDXE	43
LPHTD2828-22	GTBDXE	41
LPHTD2829-22	GTBDXE	13
LPHTD2830-22	GTBDXE	7
LPHTD2831-22	GTBDXE	29
LPHTD2832-22	GTBDXE	3
LPHTD2833-22	GTBDXE	33
LPHTD2834-22	GTBDXE	28
LPHTD2835-22	GTBDXE	2
LPHTD2836-22	GTBDXE	14
LPHTD2837-22	GTBDXE	33
LPHTD2838-22	GTBDXE	26
LPHTD2839-22	GTBDXE	16
LPHTD2840-22	GTBDXE	40
LPHTD2841-22	GTBDXE	2
LPHTD2842-22	GTBDXE	73
LPHTD2843-22	GTBDXE	35
LPHTD2844-22	GTBDXE	32
LPHTD2845-22	GTBDXE	24
LPHTD2846-22	GTBDXE	4
LPHTD2847-22	GTBDXE	52
LPHTD2848-22	GTBDXE	32
LPHTD2849-22	GTBDXE	47
LPHTD2850-22	GTBDXE	17
LPHTD2851-22	GTBDXE	45
LPHTD2852-22	GTBDXE	38
LPHTD2853-22	GTBDXE	43
LPHTD2854-22	GTBDXE	22
LPHTD2855-22	GTBDXE	29
LPHTD2856-22	GTBDXE	24
LPHTD2857-22	GTBDXE	27
LPHTD2858-22	GTBDXE	29
LPHTD2859-22	GTBDXE	38
LPHTD2860-22	GTBDXE	20
LPHTD2861-22	GTBDXE	23
LPHTD2862-22	GTBDXE	33
LPHTD2863-22	GTBDXE	52
LPHTD2864-22	GTBDXE	37
LPHTD2865-22	GTBDXE	37
LPHTD2866-22	GTBDXE	42
LPHTD2867-22	GTBDXE	41
LPHTD2868-22	GTBDXE	5
LPHTD2869-22	GTBDXE	28
LPHTD2870-22	GTBDXE	19
LPHTD2871-22	GTBDXE	11
LPHTD2872-22	GTBDXE	21
LPHTD2874-22	GTBDXE	53
LPHTD2875-22	GTBDXE	29
LPHTD2876-22	GTBDXE	68
LPHTD2877-22	GTBDXE	55
LPHTD2878-22	GTBDXE	49
LPHTD2879-22	GTBDXE	11
LPHTD2880-22	GTBDXE	37
LPHTD2881-22	GTBDXE	39
LPHTD2882-22	GTBDXE	30
LPHTD2884-22	GTBDXE	45
LPHTD2885-22	GTBDXE	17
LPHTD2886-22	GTBDXE	9
LPHTD2887-22	GTBDXE	38
LPHTD2888-22	GTBDXE	45
LPHTD2889-22	GTBDXE	19
LPHTD2890-22	GTBDXE	14
LPHTD2891-22	GTBDXE	34
LPHTD2892-22	GTBDXE	25
LPHTD2893-22	GTBDXE	16
LPHTD2894-22	GTBDXE	26
LPHTD2895-22	GTBDXE	54
LPHTD2896-22	GTBDXE	32
LPHTD2897-22	GTBDXE	8
LPHTD2898-22	GTBDXE	27
LPHTD2899-22	GTBDXE	40
LPHTD2900-22	GTBDXE	42
LPHTD2901-22	GTBDXE	22
LPHTD2902-22	GTBDXE	54
LPHTD2903-22	GTBDXE	5
LPHTD2904-22	GTBDXE	38
LPHTD2905-22	GTBDXE	15
LPHTD2906-22	GTBDXE	33
LPHTD2907-22	GTBDXE	23
LPHTD2908-22	GTBDXE	38
LPHTD2909-22	GTBDXE	21
LPHTD2910-22	GTBDXE	53
LPHTD2911-22	GTBDXE	32
LPHTD2912-22	GTBDXE	47
LPHTD2913-22	GTBDXE	49
LPHTD2914-22	GTBDXE	50
LPHTD2915-22	GTBDXE	30
LPHTD2916-22	GTBDXE	36
LPHTD2917-22	GTBDXE	48
LPHTD2918-22	GTBDXE	32
LPHTD2919-22	GTBDXE	46
LPHTD2920-22	GTBDXE	41
LPHTD2921-22	GTBDXE	46
LPHTD2922-22	GTBDXE	53
LPHTD2923-22	GTBDXE	55
LPHTD2924-22	GTBDXE	45
LPHTD2925-22	GTBDXE	55
LPHTD2926-22	GTBDXE	65
LPHTD2927-22	GTBDXE	13
LPHTD2928-22	GTBDXE	38
LPHTD2929-22	GTBDXE	50
LPHTD2930-22	GTBDXE	39
LPHTD2931-22	GTBDXE	39
LPHTD2932-22	GTBDXE	20
LPHTD2933-22	GTBDXE	30
LPHTD2934-22	GTBDXE	46
LPHTD2935-22	GTBDXE	45
LPHTD2936-22	GTBDXE	40
LPHTD2937-22	GTBDXE	71
LPHTD2938-22	GTBDXE	23
LPHTD2939-22	GTBDXE	32
LPHTD2940-22	GTBDXE	35
LPHTD2941-22	GTBDXE	47
LPHTD2942-22	GTBDXE	41
LPHTD2943-22	GTBDXE	37
LPHTD2944-22	GTBDXE	9
LPHTD2945-22	GTBDXE	54
LPHTD2946-22	GTBDXE	37
LPHTD2947-22	GTBDXE	44
LPHTD2948-22	GTBDXE	52
LPHTD2949-22	GTBDXE	58
LPHTD2950-22	GTBDXE	36
LPHTD2952-22	GTBDXE	34
LPHTD2953-22	GTBDXE	37
LPHTD2954-22	GTBDXE	2
LPHTD2955-22	GTBDXE	36
LPHTD2956-22	GTBDXE	24
LPHTD2957-22	GTBDXE	26
LPHTD2958-22	GTBDXE	20
LPHTD2959-22	GTBDXE	7
LPHTD2960-22	GTBDXE	39
LPHTD2961-22	GTBDXE	6
LPHTD2962-22	GTBDXE	49
LPHTD2963-22	GTBDXE	46
LPHTD2964-22	GTBDXE	53
LPHTD2965-22	GTBDXE	37
LPHTD2966-22	GTBDXE	10
LPHTD2967-22	GTBDXE	41
LPHTD2968-22	GTBDXE	55
LPHTD2969-22	GTBDXE	60
LPHTD2970-22	GTBDXE	61
LPHTD2971-22	GTBDXE	37
LPHTD2972-22	GTBDXE	72
LPHTD2973-22	GTBDXE	52
LPHTD2974-22	GTBDXE	2
LPHTD2975-22	GTBDXE	6
LPHTD2976-22	GTBDXE	20
LPHTD2977-22	GTBDXE	35
LPHTD2978-22	GTBDXE	15
LPHTD2979-22	GTBDXE	49
LPHTD2980-22	GTBDXE	31
LPHTD2982-22	GTBDXE	31
LPHTD2983-22	GTBDXE	13
LPHTD2984-22	GTBDXE	50
LPHTD2985-22	GTBDXE	11
LPHTD2986-22	GTBDXE	36
LPHTD2987-22	GTBDXE	34
LPHTD2988-22	GTBDXE	34
LPHTD2989-22	GTBDXE	48
LPHTD2990-22	GTBDXE	42
LPHTD2991-22	GTBDXE	37
LPHTD2992-22	GTBDXE	24
LPHTD2993-22	GTBDXE	34
LPHTD2994-22	GTBDXE	34
LPHTD2995-22	GTBDXE	44
LPHTD2996-22	GTBDXE	32
LPHTD2997-22	GTBDXE	35
LPHTD2998-22	GTBDXE	30
LPHTD2999-22	GTBDXE	49
LPHTD3000-22	GTBDXE	25
LPHTD3001-22	GTBDXE	30
LPHTD3002-22	GTBDXE	33
LPHTD3003-22	GTBDXE	34
LPHTD3004-22	GTBDXE	22
LPHTD3005-22	GTBDXE	53
LPHTD3006-22	GTBDXE	56
LPHTD3007-22	GTBDXE	33
LPHTD3008-22	GTBDXE	53
LPHTD3009-22	GTBDXE	48
LPHTD3010-22	GTBDXE	55
LPHTD3011-22	GTBDXE	13
LPHTD3012-22	GTBDXE	65
LPHTD3013-22	GTBDXE	58
LPHTD3014-22	GTBDXE	64
LPHTD3015-22	GTBDXE	70
LPHTD3016-22	GTBDXE	59
LPHTD3017-22	GTBDXE	43
LPHTD3018-22	GTBDXE	47
LPHTD3019-22	GTBDXE	7
LPHTD3020-22	GTBDXE	80
LPHTD3021-22	GTBDXE	63
LPHTD3022-22	GTBDXE	65
LPHTD3023-22	GTBDXE	50
LPHTD3024-22	GTBDXE	59
LPHTD3025-22	GTBDXE	44
LPHTD3026-22	GTBDXE	48
LPHTD3027-22	GTBDXE	40
LPHTD3028-22	GTBDXE	50
LPHTD3029-22	GTBDXE	37
LPHTD3030-22	GTBDXE	60
LPHTD3031-22	GTBDXE	50
LPHTD3032-22	GTBDXE	81
LPHTD3033-22	GTBDXE	59
LPHTD3034-22	GTBDXE	65
LPHTD3035-22	GTBDXE	10
LPHTD3036-22	GTBDXE	56
LPHTD3037-22	GTBDXE	60
LPHTD3038-22	GTBDXE	74
LPHTD3039-22	GTBDXE	53
LPHTD3040-22	GTBDXE	71
LPHTD3041-22	GTBDXE	77
LPHTD3042-22	GTBDXE	72
LPHTD3044-22	GTBDXE	42
LPHTD3045-22	GTBDXE	47
LPHTD3046-22	GTBDXE	48
LPHTD3047-22	GTBDXE	31
LPHTD3048-22	GTBDXE	55
LPHTD3049-22	GTBDXE	39
LPHTD3050-22	GTBDXE	37
LPHTD3051-22	GTBDXE	40
LPHTD3052-22	GTBDXE	50
LPHTD3053-22	GTBDXE	36
LPHTD3054-22	GTBDXE	52
LPHTD3055-22	GTBDXE	59
LPHTD3056-22	GTBDXE	5
LPHTD3057-22	GTBDXE	71
LPHTD3058-22	GTBDXE	39
LPHTD3059-22	GTBDXE	29
LPHTD3060-22	GTBDXE	38
LPHTD3061-22	GTBDXE	9
LPHTD3062-22	GTBDXE	52
LPHTD3063-22	GTBDXE	62
LPHTD3064-22	GTBDXE	80
LPHTD3065-22	GTBDXE	68
LPHTD3066-22	GTBDXE	87
LPHTD3067-22	GTBDXE	64
LPHTD3068-22	GTBDXE	47
LPHTD3069-22	GTBDXE	55
LPHTD3070-22	GTBDXE	34
LPHTD3071-22	GTBDXE	54
LPHTD3073-22	GTBDXE	44
LPHTD3074-22	GTBDXE	68
LPHTD3075-22	GTBDXE	50
LPHTD3076-22	GTBDXE	70
LPHTD3077-22	GTBDXE	62
LPHTD3078-22	GTBDXE	60
LPHTD3079-22	GTBDXE	10
LPHTD3081-22	GTBDXE	24
LPHTD3082-22	GTBDXE	5
LPHTD3083-22	GTBDXE	16
LPHTD3084-22	GTBDXE	17
LPHTD3085-22	GTBDXE	27
LPHTD3086-22	GTBDXE	10
LPHTD3087-22	GTBDXE	12
LPHTD3088-22	GTBDXE	26
LPHTD3089-22	GTBDXE	31
LPHTD3090-22	GTBDXE	4
LPHTD3091-22	GTBDXE	5
LPHTD3092-22	GTBDXE	26
LPHTD3094-22	GTBDXE	44
LPHTD3095-22	GTBDXE	43
LPHTD3096-22	GTBDXE	14
LPHTD3097-22	GTBDXE	10
LPHTD3098-22	GTBDXE	12
LPHTD3099-22	GTBDXE	40
LPHTD3100-22	GTBDXE	8
LPHTD3101-22	GTBDXE	4
LPHTD3102-22	GTBDXE	37
LPHTD3103-22	GTBDXE	24
LPHTD3104-22	GTBDXE	19
LPHTD3105-22	GTBDXE	52
LPHTD3106-22	GTBDXE	53
LPHTD3107-22	GTBDXE	39
LPHTD3108-22	GTBDXE	52
LPHTD3109-22	GTBDXE	17
LPHTD3110-22	GTBDXE	47
LPHTD3111-22	GTBDXE	6
LPHTD3112-22	GTBDXE	2
LPHTD3113-22	GTBDXE	58
LPHTD3114-22	GTBDXE	44
LPHTD3115-22	GTBDXE	56
LPHTD3116-22	GTBDXE	41
LPHTD3117-22	GTBDXE	28
LPHTD3118-22	GTBDXE	38
LPHTD3119-22	GTBDXE	46
LPHTD3120-22	GTBDXE	47
LPHTD3121-22	GTBDXE	64
LPHTD3122-22	GTBDXE	29
LPHTD3123-22	GTBDXE	38
LPHTD3124-22	GTBDXE	40
LPHTD3125-22	GTBDXE	38
LPHTD3126-22	GTBDXE	40
LPHTD3127-22	GTBDXE	60
LPHTD3128-22	GTBDXE	54
LPHTD3129-22	GTBDXE	56
LPHTD3130-22	GTBDXE	55
LPHTD3131-22	GTBDXE	43
LPHTD3132-22	GTBDXE	45
LPHTD3133-22	GTBDXE	42
LPHTD3134-22	GTBDXE	46
LPHTD3135-22	GTBDXE	43
LPHTD3136-22	GTBDXE	38
LPHTD3137-22	GTBDXE	52
LPHTD3138-22	GTBDXE	37
LPHTD3139-22	GTBDXE	38
LPHTD3140-22	GTBDXE	66
LPHTD3141-22	GTBDXE	39
LPHTD3142-22	GTBDXE	3
LPHTD3143-22	GTBDXE	40
LPHTD3144-22	GTBDXE	38
LPHTD3145-22	GTBDXE	33
LPHTD3146-22	GTBDXE	42
LPHTD3147-22	GTBDXE	28
LPHTD3148-22	GTBDXE	9
LPHTD3149-22	GTBDXE	10
LPHTD3150-22	GTBDXE	49
LPHTD3151-22	GTBDXE	47
LPHTD3152-22	GTBDXE	50
LPHTD3153-22	GTBDXE	43
LPHTD3155-22	GTBDXE	2
LPHTD3156-22	GTBDXE	45
LPHTD3157-22	GTBDXE	34
LPHTD3158-22	GTBDXE	14
LPHTD3159-22	GTBDXE	41
LPHTD3160-22	GTBDXE	12
LPHTD3161-22	GTBDXE	45
LPHTD3162-22	GTBDXE	44
LPHTD3163-22	GTBDXE	43
LPHTD3164-22	GTBDXE	76
LPHTD3165-22	GTBDXE	38
LPHTD3166-22	GTBDXE	20
LPHTD3167-22	GTBDXE	7
LPHTD3168-22	GTBDXE	41
LPHTD3169-22	GTBDXE	61
LPHTD3170-22	GTBDXE	3
LPHTD3171-22	GTBDXE	54
LPHTD3172-22	GTBDXE	42
LPHTD3173-22	GTBDXE	7
LPHTD3174-22	GTBDXE	69
LPHTD3175-22	GTBDXE	55
LPHTD3176-22	GTBDXE	47
LPHTD3177-22	GTBDXE	6
LPHTD3178-22	GTBDXE	13
LPHTD3179-22	GTBDXE	29
LPHTD3180-22	GTBDXE	23
LPHTD3181-22	GTBDXE	52
LPHTD3182-22	GTBDXE	42
LPHTD3183-22	GTBDXE	41
LPHTD3184-22	GTBDXE	40
LPHTD3185-22	GTBDXE	54
LPHTD3186-22	GTBDXE	39
LPHTD3187-22	GTBDXE	42
LPHTD3188-22	GTBDXE	52
LPHTD3189-22	GTBDXE	37
LPHTD3190-22	GTBDXE	78
LPHTD3191-22	GTBDXE	32
LPHTD3192-22	GTBDXE	50
LPHTD3193-22	GTBDXE	47
LPHTD3194-22	GTBDXE	18
LPHTD3195-22	GTBDXE	46
LPHTD3196-22	GTBDXE	51
LPHTD3197-22	GTBDXE	21
LPHTD3198-22	GTBDXE	45
LPHTD3200-22	GTBDXE	15
LPHTD3201-22	GTBDXE	20
LPHTD3202-22	GTBDXE	10
LPHTD3203-22	GTBDXE	19
LPHTD3204-22	GTBDXE	53
LPHTD3205-22	GTBDXE	37
LPHTD3206-22	GTBDXE	8
LPHTD3207-22	GTBDXE	10
LPHTD3208-22	GTBDXE	17
LPHTD3209-22	GTBDXE	14
LPHTD3210-22	GTBDXE	18
LPHTD3211-22	GTBDXE	30
LPHTD3212-22	GTBDXE	19
LPHTD3213-22	GTBDXE	4
LPHTD3214-22	GTBDXE	8
LPHTD3215-22	GTBDXE	15
LPHTD3216-22	GTBDXE	8
LPHTD3217-22	GTBDXE	46
LPHTD3218-22	GTBDXE	59
LPHTD3219-22	GTBDXE	45
LPHTD3220-22	GTBDXE	44
LPHTD3221-22	GTBDXE	43
LPHTD3222-22	GTBDXE	29
LPHTD3223-22	GTBDXE	84
LPHTD3224-22	GTBDXE	60
LPHTD3225-22	GTBDXE	12
LPHTD3226-22	GTBDXE	5
LPHTD3227-22	GTBDXE	4
LPHTD3228-22	GTBDXE	50
LPHTD3229-22	GTBDXE	9
LPHTD3230-22	GTBDXE	5
LPHTD3231-22	GTBDXE	9
LPHTD3232-22	GTBDXE	51
LPHTD3233-22	GTBDXE	20
LPHTD3234-22	GTBDXE	32
LPHTD3235-22	GTBDXE	33
LPHTD3236-22	GTBDXE	4
LPHTD3237-22	GTBDXE	7
LPHTD3238-22	GTBDXE	5
LPHTD3239-22	GTBDXE	27
LPHTD3240-22	GTBDXE	20
LPHTD3242-22	GTBDXE	50
LPHTD3243-22	GTBDXE	3
LPHTD3244-22	GTBDXE	13
LPHTD3245-22	GTBDXE	9
LPHTD3246-22	GTBDXE	12
LPHTD3247-22	GTBDXE	65
LPHTD3248-22	GTBDXE	5
LPHTD3252-22	GTBDXE	3
LPHTD3253-22	GTBDXE	3
LPHTD3256-22	GTBDXE	1
LPHTD3257-22	GTBDXE	4
LPHTD3258-22	GTBDXE	7
LPHTD3259-22	GTBDXE	8
LPHTD3260-22	GTBDXE	33
LPHTD3261-22	GTBDXE	5
LPHTD3263-22	GTBDXE	13
LPHTD3264-22	GTBDXE	81
LPHTD3265-22	GTBDXE	7
LPHTD3266-22	GTBDXE	18
LPHTD3268-22	GTBDXE	12
LPHTD3270-22	GTBDXE	26
LPHTD3271-22	GTBDXE	11
LPHTD3272-22	GTBDXE	3
LPHTD3273-22	GTBDXE	14
LPHTD3274-22	GTBDXE	13
LPHTD3275-22	GTBDXE	11
LPHTD3276-22	GTBDXE	38
LPHTD3277-22	GTBDXE	7
LPHTD3278-22	GTBDXE	6
LPHTD3279-22	GTBDXE	2
LPHTD3280-22	GTBDXE	58
LPHTD3281-22	GTBDXE	12
LPHTD3282-22	GTBDXE	49
LPHTD3283-22	GTBDXE	5
LPHTD3284-22	GTBDXE	4
LPHTD3285-22	GTBDXE	9
LPHTD3286-22	GTBDXE	12
LPHTD3287-22	GTBDXE	38
LPHTD3288-22	GTBDXE	21
LPHTD3289-22	GTBDXE	2
LPHTD3291-22	GTBDXE	10
LPHTD3293-22	GTBDXE	4
LPHTD3294-22	GTBDXE	63
LPHTD3295-22	GTBDXE	80
LPHTD3296-22	GTBDXE	46
LPHTD3297-22	GTBDXE	67
LPHTD3298-22	GTBDXE	70
LPHTD3299-22	GTBDXE	69
LPHTD3300-22	GTBDXE	55
LPHTD3301-22	GTBDXE	75
LPHTD3302-22	GTBDXE	66
LPHTD3303-22	GTBDXE	45
LPHTD3304-22	GTBDXE	83
LPHTD3305-22	GTBDXE	66
LPHTD3306-22	GTBDXE	71
LPHTD3307-22	GTBDXE	52
LPHTD3308-22	GTBDXE	66
LPHTD3309-22	GTBDXE	58
LPHTD3310-22	GTBDXE	69
LPHTD3311-22	GTBDXE	44
LPHTD3312-22	GTBDXE	48
LPHTD3313-22	GTBDXE	23
LPHTD3314-22	GTBDXE	49
LPHTD3315-22	GTBDXE	72
LPHTD3316-22	GTBDXE	59
LPHTD3317-22	GTBDXE	54
LPHTD3318-22	GTBDXE	67
LPHTD3319-22	GTBDXE	45
LPHTD3320-22	GTBDXE	4
LPHTD3321-22	GTBDXE	36
LPHTD3322-22	GTBDXE	56
LPHTD3323-22	GTBDXE	46
LPHTD3324-22	GTBDXE	46
LPHTD3325-22	GTBDXE	45
LPHTD3326-22	GTBDXE	41
LPHTD3327-22	GTBDXE	52
LPHTD3328-22	GTBDXE	76
LPHTD3329-22	GTBDXE	39
LPHTD3330-22	GTBDXE	67
LPHTD3331-22	GTBDXE	70
LPHTD3332-22	GTBDXE	35
LPHTD3333-22	GTBDXE	29
LPHTD3334-22	GTBDXE	54
LPHTD3335-22	GTBDXE	50
LPHTD3336-22	GTBDXE	56
LPHTD3337-22	GTBDXE	40
LPHTD3338-22	GTBDXE	47
LPHTD3339-22	GTBDXE	61
LPHTD3340-22	GTBDXE	61
LPHTD3341-22	GTBDXE	44
LPHTD3342-22	GTBDXE	66
LPHTD3343-22	GTBDXE	46
LPHTD3344-22	GTBDXE	62
LPHTD3345-22	GTBDXE	52
LPHTD3346-22	GTBDXE	47
LPHTD3347-22	GTBDXE	56
LPHTD3348-22	GTBDXE	5
LPHTD3349-22	GTBDXE	47
LPHTD3350-22	GTBDXE	46
LPHTD3351-22	GTBDXE	42
LPHTD3352-22	GTBDXE	42
LPHTD3353-22	GTBDXE	57
LPHTD3354-22	GTBDXE	69
LPHTD3355-22	GTBDXE	47
LPHTD3356-22	GTBDXE	39
LPHTD3357-22	GTBDXE	60
LPHTD3358-22	GTBDXE	34
LPHTD3359-22	GTBDXE	77
LPHTD3360-22	GTBDXE	56
LPHTD3361-22	GTBDXE	43
LPHTD3362-22	GTBDXE	64
LPHTD3363-22	GTBDXE	50
LPHTD3364-22	GTBDXE	70
LPHTD3365-22	GTBDXE	80
LPHTD3366-22	GTBDXE	8
LPHTD3367-22	GTBDXE	67
LPHTD3368-22	GTBDXE	57
LPHTD3369-22	GTBDXE	53
LPHTD3370-22	GTBDXE	58
LPHTD3371-22	GTBDXE	40
LPHTD3372-22	GTBDXE	74
LPHTD3373-22	GTBDXE	57
LPHTD3374-22	GTBDXE	50
LPHTD3375-22	GTBDXE	55
LPHTD3376-22	GTBDXE	54
LPHTD3377-22	GTBDXE	76
LPHTD3378-22	GTBDXE	77
LPHTD3379-22	GTBDXE	59
LPHTD3380-22	GTBDXE	48
LPHTD3381-22	GTBDXE	69
LPHTD3382-22	GTBDXE	45
LPHTD3383-22	GTBDXE	62
LPHTD3384-22	GTBDXE	71
LPHTD3385-22	GTBDXE	72
LPHTD3386-22	GTBDXE	59
LPHTD3387-22	GTBDXE	80
LPHTD3388-22	GTBDXE	4
LPHTD3389-22	GTBDXE	9
LPHTD3391-22	GTBDXE	4
LPHTD3392-22	GTBDXE	3
LPHTD3394-22	GTBDXE	15
LPHTD3395-22	GTBDXE	5
LPHTD3396-22	GTBDXE	7
LPHTD3397-22	GTBDXE	16
LPHTD3398-22	GTBDXE	64
LPHTD3399-22	GTBDXE	40
LPHTD3400-22	GTBDXE	3
LPHTD3401-22	GTBDXE	7
LPHTD3402-22	GTBDXE	4
LPHTD3403-22	GTBDXE	4
LPHTD3404-22	GTBDXE	7
LPHTD3405-22	GTBDXE	4
LPHTD3406-22	GTBDXE	55
LPHTD3407-22	GTBDXE	9
LPHTD3408-22	GTBDXE	17
LPHTD3409-22	GTBDXE	7
LPHTD3410-22	GTBDXE	7
LPHTD3411-22	GTBDXE	10
LPHTD3412-22	GTBDXE	8
LPHTD3413-22	GTBDXE	5
LPHTD3414-22	GTBDXE	4
LPHTD3415-22	GTBDXE	3
LPHTD3417-22	GTBDXE	2
LPHTD3418-22	GTBDXE	4
LPHTD3420-22	GTBDXE	4
LPHTD3421-22	GTBDXE	3
LPHTD3422-22	GTBDXE	1
LPHTD3423-22	GTBDXE	5
LPHTD3424-22	GTBDXE	6
LPHTD3425-22	GTBDXE	55
LPHTD3426-22	GTBDXE	15
LPHTD3427-22	GTBDXE	9
LPHTD3428-22	GTBDXE	12
LPHTD3429-22	GTBDXE	11
LPHTD3430-22	GTBDXE	7
LPHTD3431-22	GTBDXE	14
LPHTD3433-22	GTBDXE	8
LPHTD3434-22	GTBDXE	12
LPHTD3435-22	GTBDXE	7
LPHTD3436-22	GTBDXE	6
LPHTD3437-22	GTBDXE	61
LPHTD3439-22	GTBDXE	25
LPHTD3440-22	GTBDXE	3
LPHTD3441-22	GTBDXE	53
LPHTD3442-22	GTBDXE	3
LPHTD3444-22	GTBDXE	53
LPHTD3445-22	GTBDXE	6
LPHTD3446-22	GTBDXE	10
LPHTD3448-22	GTBDXE	9
LPHTD3449-22	GTBDXE	70
LPHTD3450-22	GTBDXE	11
LPHTD3451-22	GTBDXE	13
LPHTD3452-22	GTBDXE	3
LPHTD3453-22	GTBDXE	52
LPHTD3454-22	GTBDXE	3
LPHTD3455-22	GTBDXE	14
LPHTD3456-22	GTBDXE	1
LPHTD3457-22	GTBDXE	9
LPHTD3458-22	GTBDXE	10
LPHTD3459-22	GTBDXE	12
LPHTD3460-22	GTBDXE	3
LPHTD3461-22	GTBDXE	9
LPHTD3462-22	GTBDXE	9
LPHTD3463-22	GTBDXE	14
LPHTD3464-22	GTBDXE	39
LPHTD3465-22	GTBDXE	10
LPHTD3466-22	GTBDXE	38
LPHTD3468-22	GTBDXE	16
LPHTD3469-22	GTBDXE	5
LPHTD3470-22	GTBDXE	8
LPHTD3471-22	GTBDXE	68
LPHTD3472-22	GTBDXE	28
LPHTD3473-22	GTBDXE	5
LPHTD3474-22	GTBDXE	5
LPHTD3475-22	GTBDXE	6
LPHTD3476-22	GTBDXE	4
LPHTD3477-22	GTBDXE	50
LPHTD3478-22	GTBDXE	39
LPHTD3479-22	GTBDXE	3
LPHTD3480-22	GTBDXE	18
LPHTD3481-22	GTBDXE	9
LPHTD3482-22	GTBDXE	6
LPHTD3483-22	GTBDXE	32
LPHTD3484-22	GTBDXE	9
LPHTD3485-22	GTBDXE	8
LPHTD3486-22	GTBDXE	10
LPHTD3487-22	GTBDXE	17
LPHTD3488-22	GTBDXE	5
LPHTD3489-22	GTBDXE	4
LPHTD3490-22	GTBDXE	8
LPHTD3491-22	GTBDXE	5
LPHTD3493-22	GTBDXE	4
LPHTD3494-22	GTBDXE	2
LPHTD3495-22	GTBDXE	7
LPHTD3496-22	GTBDXE	7
LPHTD3499-22	GTBDXE	5
LPHTD3500-22	GTBDXE	40
LPHTD3501-22	GTBDXE	10
LPHTD3502-22	GTBDXE	6
LPHTD3503-22	GTBDXE	5
LPHTD3504-22	GTBDXE	8
LPHTD3505-22	GTBDXE	7
LPHTD3506-22	GTBDXE	4
LPHTD3507-22	GTBDXE	15
LPHTD3509-22	GTBDXE	2
LPHTD3510-22	GTBDXE	1
LPHTD3513-22	GTBDXE	3
LPHTD3514-22	GTBDXE	1
LPHTD3517-22	GTBDXE	8
LPHTD3518-22	GTBDXE	2
LPHTD3520-22	GTBDXE	2
LPHTD3521-22	GTBDXE	1
LPHTD3522-22	GTBDXE	2
LPHTD3523-22	GTBDXE	5
LPHTD3525-22	GTBDXE	5
LPHTD3526-22	GTBDXE	5
LPHTD3527-22	GTBDXE	5
LPHTD3529-22	GTBDXE	3
LPHTD3531-22	GTBDXE	31
LPHTD3532-22	GTBDXE	3
LPHTD3533-22	GTBDXE	3
LPHTD3534-22	GTBDXE	3
LPHTD3535-22	GTBDXE	1
LPHTD3536-22	GTBDXE	1
LPHTD3538-22	GTBDXE	5
LPHTD3539-22	GTBDXE	5
LPHTD3541-22	GTBDXE	8
LPHTD3543-22	GTBDXE	7
LPHTD3544-22	GTBDXE	5
LPHTD3545-22	GTBDXE	6
LPHTD3546-22	GTBDXE	2
LPHTD3547-22	GTBDXE	2
LPHTD3548-22	GTBDXE	36
LPHTD3549-22	GTBDXE	6
LPHTD3550-22	GTBDXE	3
LPHTD3551-22	GTBDXE	4
LPHTD3552-22	GTBDXE	2
LPHTD3554-22	GTBDXE	2
LPHTD3556-22	GTBDXE	4
LPHTD3557-22	GTBDXE	8
LPHTD3558-22	GTBDXE	1
LPHTD3559-22	GTBDXE	43
LPHTD3560-22	GTBDXE	10
LPHTD3562-22	GTBDXE	8
LPHTD3563-22	GTBDXE	2
LPHTD3564-22	GTBDXE	6
LPHTD3565-22	GTBDXE	9
LPHTD3567-22	GTBDXE	6
LPHTD3568-22	GTBDXE	1
LPHTD3569-22	GTBDXE	2
LPHTD3570-22	GTBDXE	48
LPHTD3571-22	GTBDXE	3
LPHTD3572-22	GTBDXE	4
LPHTD3575-22	GTBDXE	2
LPHTD3576-22	GTBDXE	3
LPHTD3577-22	GTBDXE	2
LPHTD3578-22	GTBDXE	40
LPHTD3579-22	GTBDXE	46
LPHTD3580-22	GTBDXE	4
LPHTD3581-22	GTBDXE	71
LPHTD3582-22	GTBDXE	50
LPHTD3583-22	GTBDXE	1
LPHTD3584-22	GTBDXE	4
LPHTD3585-22	GTBDXE	2
LPHTD3586-22	GTBDXE	4
LPHTD3587-22	GTBDXE	2
LPHTD3588-22	GTBDXE	4
LPHTD3589-22	GTBDXE	4
LPHTD3590-22	GTBDXE	44
LPHTD3591-22	GTBDXE	10
LPHTD3593-22	GTBDXE	4
LPHTD3594-22	GTBDXE	10
LPHTD3596-22	GTBDXE	5
LPHTD3597-22	GTBDXE	7
LPHTD3598-22	GTBDXE	6
LPHTD3600-22	GTBDXE	12
LPHTD3601-22	GTBDXE	13
LPHTD3602-22	GTBDXE	8
LPHTD3603-22	GTBDXE	6
LPHTD3605-22	GTBDXE	33
LPHTD3606-22	GTBDXE	5
LPHTD3607-22	GTBDXE	4
LPHTD3609-22	GTBDXE	3
LPHTD3610-22	GTBDXE	2
LPHTD3611-22	GTBDXE	1
LPHTD3612-22	GTBDXE	44
LPHTD3614-22	GTBDXE	2
LPHTD3615-22	GTBDXE	10
LPHTD3616-22	GTBDXE	4
LPHTD3617-22	GTBDXE	1
LPHTD3620-22	GTBDXE	3
LPHTD3621-22	GTBDXE	7
LPHTD3622-22	GTBDXE	2
LPHTD3623-22	GTBDXE	5
LPHTD3624-22	GTBDXE	2
LPHTD3626-22	GTBDXE	5
LPHTD3628-22	GTBDXE	3
LPHTD3630-22	GTBDXE	3
LPHTD3631-22	GTBDXE	2
LPHTD3632-22	GTBDXE	2
LPHTD3634-22	GTBDXE	2
LPHTD3637-22	GTBDXE	2
LPHTD3638-22	GTBDXE	23
LPHTD3639-22	GTBDXE	7
LPHTD3641-22	GTBDXE	7
LPHTD3642-22	GTBDXE	6
LPHTD3643-22	GTBDXE	7
LPHTD3644-22	GTBDXE	5
LPHTD3645-22	GTBDXE	7
LPHTD3646-22	GTBDXE	6
LPHTD3648-22	GTBDXE	84
LPHTD3649-22	GTBDXE	40
LPHTD3650-22	GTBDXE	71
LPHTD3651-22	GTBDXE	5
LPHTD3652-22	GTBDXE	40
LPHTD3654-22	GTBDXE	11
LPHTD3655-22	GTBDXE	3
LPHTD3656-22	GTBDXE	4
LPHTD3658-22	GTBDXE	7
LPHTD3659-22	GTBDXE	13
LPHTD3660-22	GTBDXE	56
LPHTD3661-22	GTBDXE	5
LPHTD3662-22	GTBDXE	35
LPHTD3663-22	GTBDXE	74
LPHTD3664-22	GTBDXE	11
LPHTD3665-22	GTBDXE	4
LPHTD3666-22	GTBDXE	3
LPHTD3668-22	GTBDXE	60
LPHTD3669-22	GTBDXE	4
LPHTD3670-22	GTBDXE	8
LPHTD3671-22	GTBDXE	5
LPHTD3672-22	GTBDXE	4
LPHTD3673-22	GTBDXE	46
LPHTD3674-22	GTBDXE	25
LPHTD3675-22	GTBDXE	51
LPHTD3676-22	GTBDXE	3
LPHTD3677-22	GTBDXE	6
LPHTD3678-22	GTBDXE	6
LPHTD3679-22	GTBDXE	5
LPHTD3680-22	GTBDXE	5
LPHTD3681-22	GTBDXE	1
LPHTD3682-22	GTBDXE	4
LPHTD3683-22	GTBDXE	7
LPHTD3684-22	GTBDXE	12
LPHTD3685-22	GTBDXE	4
LPHTD3686-22	GTBDXE	4
LPHTD3687-22	GTBDXE	1
LPHTD3688-22	GTBDXE	2
LPHTD3689-22	GTBDXE	47
LPHTD3690-22	GTBDXE	3
LPHTD3691-22	GTBDXE	2
LPHTD3692-22	GTBDXE	4
LPHTD3693-22	GTBDXE	4
LPHTD3694-22	GTBDXE	3
LPHTD3696-22	GTBDXE	4
LPHTD3698-22	GTBDXE	3
LPHTD3699-22	GTBDXE	5
LPHTD3700-22	GTBDXE	2
LPHTD3701-22	GTBDXE	49
LPHTD3706-22	GTBDXE	1
LPHTD3707-22	GTBDXE	8
LPHTD3708-22	GTBDXE	50
LPHTD3709-22	GTBDXE	5
LPHTD3710-22	GTBDXE	14
LPHTD3711-22	GTBDXE	4
LPHTD3712-22	GTBDXE	6
LPHTD3714-22	GTBDXE	3
LPHTD3715-22	GTBDXE	2
LPHTD3716-22	GTBDXE	9
LPHTD3718-22	GTBDXE	2
LPHTD3719-22	GTBDXE	11
LPHTD3720-22	GTBDXE	2
LPHTD3721-22	GTBDXE	2
LPHTD3722-22	GTBDXE	9
LPHTD3723-22	GTBDXE	6
LPHTD3724-22	GTBDXE	8
LPHTD3727-22	GTBDXE	2
LPHTD3728-22	GTBDXE	14
LPHTD3729-22	GTBDXE	7
LPHTD3730-22	GTBDXE	3
LPHTD3732-22	GTBDXE	2
LPHTD3733-22	GTBDXE	52
LPHTD3735-22	GTBDXE	5
LPHTD3736-22	GTBDXE	3
LPHTD3737-22	GTBDXE	5
LPHTD3738-22	GTBDXE	2
LPHTD3739-22	GTBDXE	5
LPHTD3741-22	GTBDXE	3
LPHTD3742-22	GTBDXE	4
LPHTD3743-22	GTBDXE	2
LPHTD3744-22	GTBDXE	3
LPHTD3746-22	GTBDXE	7
LPHTD3748-22	GTBDXE	13
LPHTD3749-22	GTBDXE	40
LPHTD3750-22	GTBDXE	6
LPHTD3753-22	GTBDXE	3
LPHTD3754-22	GTBDXE	6
LPHTD3756-22	GTBDXE	2
LPHTD3758-22	GTBDXE	3
LPHTD3759-22	GTBDXE	5
LPHTD3760-22	GTBDXE	3
LPHTD3761-22	GTBDXE	1
LPHTD3762-22	GTBDXE	3
LPHTD3763-22	GTBDXE	5
LPHTD3764-22	GTBDXE	2
LPHTD3766-22	GTBDXE	1
LPHTD3767-22	GTBDXE	33
LPHTD3768-22	GTBDXE	34
LPHTD3769-22	GTBDXE	4
LPHTD3770-22	GTBDXE	33
LPHTD3772-22	GTBDXE	12
LPHTD3773-22	GTBDXE	3
LPHTD3775-22	GTBDXE	4
LPHTD3776-22	GTBDXE	1
LPHTD3777-22	GTBDXE	6
LPHTD3778-22	GTBDXE	4
LPHTD3780-22	GTBDXE	1
LPHTD3781-22	GTBDXE	18
LPHTD3782-22	GTBDXE	23
LPHTD3783-22	GTBDXE	4
LPHTD3784-22	GTBDXE	2
LPHTD3785-22	GTBDXE	6
LPHTD3786-22	GTBDXE	8
LPHTD3787-22	GTBDXE	2
LPHTD3788-22	GTBDXE	5
LPHTD3789-22	GTBDXE	3
LPHTD3791-22	GTBDXE	6
LPHTD3792-22	GTBDXE	12
LPHTD3793-22	GTBDXE	1
LPHTD3794-22	GTBDXE	2
LPHTD3795-22	GTBDXE	4
LPHTD3796-22	GTBDXE	6
LPHTD3797-22	GTBDXE	4
LPHTD3798-22	GTBDXE	40
LPHTD3799-22	GTBDXE	5
LPHTD3800-22	GTBDXE	2
LPHTD3801-22	GTBDXE	4
LPHTD3802-22	GTBDXE	6
LPHTD3803-22	GTBDXE	4
LPHTD3804-22	GTBDXE	28
LPHTD3805-22	GTBDXE	1
LPHTD3806-22	GTBDXE	4
LPHTD3807-22	GTBDXE	5
LPHTD3808-22	GTBDXE	5
LPHTD3809-22	GTBDXE	7
LPHTD3810-22	GTBDXE	6
LPHTD3811-22	GTBDXE	8
LPHTD3812-22	GTBDXE	12
LPHTD3813-22	GTBDXE	3
LPHTD3814-22	GTBDXE	3
LPHTD3815-22	GTBDXE	52
LPHTD3816-22	GTBDXE	70
LPHTD3817-22	GTBDXE	1
LPHTD3818-22	GTBDXE	3
LPHTD3819-22	GTBDXE	3
LPHTD3820-22	GTBDXE	2
LPHTD3826-22	GTBDXE	1
LPHTD3827-22	GTBDXE	1
LPHTD3828-22	GTBDXE	4
LPHTD3830-22	GTBDXE	8
LPHTD3832-22	GTBDXE	3
LPHTD3833-22	GTBDXE	3
LPHTD3834-22	GTBDXE	8
LPHTD3835-22	GTBDXE	6
LPHTD3837-22	GTBDXE	7
LPHTD3838-22	GTBDXE	12
LPHTD3839-22	GTBDXE	5
LPHTD3840-22	GTBDXE	6
LPHTD3844-22	GTBDXE	4
LPHTD3845-22	GTBDXE	5
LPHTD3847-22	GTBDXE	7
LPHTD3849-22	GTBDXE	17
LPHTD3850-22	GTBDXE	7
LPHTD3851-22	GTBDXE	8
LPHTD3852-22	GTBDXE	9
LPHTD3853-22	GTBDXE	4
LPHTD3854-22	GTBDXE	3
LPHTD3855-22	GTBDXE	6
LPHTD3856-22	GTBDXE	5
LPHTD3857-22	GTBDXE	8
LPHTD3858-22	GTBDXE	4
LPHTD3859-22	GTBDXE	3
LPHTD3860-22	GTBDXE	1
LPHTD3861-22	GTBDXE	5
LPHTD3862-22	GTBDXE	3
LPHTD3863-22	GTBDXE	4
LPHTD3864-22	GTBDXE	6
LPHTD3865-22	GTBDXE	10
LPHTD3867-22	GTBDXE	14
LPHTD3868-22	GTBDXE	9
LPHTD3869-22	GTBDXE	2
LPHTD3870-22	GTBDXE	4
LPHTD3872-22	GTBDXE	10
LPHTD3873-22	GTBDXE	3
LPHTD3875-22	GTBDXE	6
LPHTD3876-22	GTBDXE	14
LPHTD3877-22	GTBDXE	5
LPHTD3878-22	GTBDXE	7
LPHTD3879-22	GTBDXE	9
LPHTD3880-22	GTBDXE	5
LPHTD3882-22	GTBDXE	15
LPHTD3883-22	GTBDXE	6
LPHTD3884-22	GTBDXE	8
LPHTD3885-22	GTBDXE	9
LPHTD3886-22	GTBDXE	2
LPHTD3887-22	GTBDXE	1
LPHTD3888-22	GTBDXE	4
LPHTD3889-22	GTBDXE	11
LPHTD3890-22	GTBDXE	3
LPHTD3891-22	GTBDXE	10
LPHTD3892-22	GTBDXE	6
LPHTD3893-22	GTBDXE	4
LPHTD3894-22	GTBDXE	3
LPHTD3896-22	GTBDXE	5
LPHTD3898-22	GTBDXE	6
LPHTD3899-22	GTBDXE	6
LPHTD3900-22	GTBDXE	10
LPHTD3901-22	GTBDXE	6
LPHTD3902-22	GTBDXE	64
LPHTD3906-22	GTBDXE	11
LPHTD3907-22	GTBDXE	7
LPHTD3908-22	GTBDXE	6
LPHTD3909-22	GTBDXE	73
LPHTD3910-22	GTBDXE	7
LPHTD3911-22	GTBDXE	9
LPHTD3912-22	GTBDXE	4
LPHTD3913-22	GTBDXE	10
LPHTD3914-22	GTBDXE	7
LPHTD3915-22	GTBDXE	4
LPHTD3916-22	GTBDXE	3
LPHTD3917-22	GTBDXE	3
LPHTD3918-22	GTBDXE	7
LPHTD3919-22	GTBDXE	5
LPHTD3921-22	GTBDXE	5
LPHTD3922-22	GTBDXE	13
LPHTD3923-22	GTBDXE	13
LPHTD3925-22	GTBDXE	14
LPHTD3926-22	GTBDXE	3
LPHTD3927-22	GTBDXE	3
LPHTD3928-22	GTBDXE	5
LPHTD3930-22	GTBDXE	5
LPHTD3931-22	GTBDXE	6
LPHTD3932-22	GTBDXE	6
LPHTD3933-22	GTBDXE	7
LPHTD3935-22	GTBDXE	15
LPHTD3936-22	GTBDXE	12
LPHTD3937-22	GTBDXE	6
LPHTD3938-22	GTBDXE	12
LPHTD3939-22	GTBDXE	12
LPHTD3940-22	GTBDXE	4
LPHTD3941-22	GTBDXE	5
LPHTD3943-22	GTBDXE	8
LPHTD3946-22	GTBDXE	4
LPHTD3947-22	GTBDXE	5
LPHTD3948-22	GTBDXE	7
LPHTD3949-22	GTBDXE	19
LPHTD3950-22	GTBDXE	6
LPHTD3952-22	GTBDXE	5
LPHTD3953-22	GTBDXE	5
LPHTD3955-22	GTBDXE	1
LPHTD3957-22	GTBDXE	5
LPHTD3958-22	GTBDXE	12
LPHTD3959-22	GTBDXE	61
LPHTD3960-22	GTBDXE	9
LPHTD3961-22	GTBDXE	74
LPHTD3962-22	GTBDXE	75
LPHTD3963-22	GTBDXE	66
LPHTD3964-22	GTBDXE	48
LPHTD3965-22	GTBDXE	61
LPHTD3966-22	GTBDXE	63
LPHTD3967-22	GTBDXE	67
LPHTD3968-22	GTBDXE	62
LPHTD3969-22	GTBDXE	67
LPHTD3970-22	GTBDXE	55
LPHTD3971-22	GTBDXE	13
LPHTD3972-22	GTBDXE	30
LPHTD3973-22	GTBDXE	26
LPHTD3974-22	GTBDXE	8
LPHTD3975-22	GTBDXE	48
LPHTD3976-22	GTBDXE	60
LPHTD3977-22	GTBDXE	26
LPHTD3978-22	GTBDXE	58
LPHTD3979-22	GTBDXE	7
LPHTD3980-22	GTBDXE	40
LPHTD3981-22	GTBDXE	3
LPHTD3982-22	GTBDXE	23
LPHTD3983-22	GTBDXE	54
LPHTD3984-22	GTBDXE	11
LPHTD3985-22	GTBDXE	24
LPHTD3986-22	GTBDXE	55
LPHTD3987-22	GTBDXE	16
LPHTD3988-22	GTBDXE	2
LPHTD3989-22	GTBDXE	51
LPHTD3990-22	GTBDXE	8
LPHTD902-22	GTBDXE	62
LPHTD903-22	GTBDXE	60
LPHTD904-22	GTBDXE	49
LPHTD905-22	GTBDXE	60
LPHTD906-22	GTBDXE	59
LPHTD907-22	GTBDXE	53
LPHTD909-22	GTBDXE	48
LPHTD910-22	GTBDXE	44
LPHTD911-22	GTBDXE	54
LPHTD912-22	GTBDXE	26
LPHTD913-22	GTBDXE	45
LPHTD914-22	GTBDXE	39
LPHTD916-22	GTBDXE	67
LPHTD917-22	GTBDXE	38
LPHTD918-22	GTBDXE	45
LPHTD919-22	GTBDXE	54
LPHTD920-22	GTBDXE	36
LPHTD921-22	GTBDXE	49
LPHTD922-22	GTBDXE	9
LPHTD923-22	GTBDXE	12
LPHTD924-22	GTBDXE	64
LPHTD925-22	GTBDXE	4
LPHTD927-22	GTBDXE	39
LPHTD928-22	GTBDXE	35
LPHTD931-22	GTBDXE	3
LPHTD932-22	GTBDXE	50
LPHTD933-22	GTBDXE	48
LPHTD934-22	GTBDXE	7
LPHTD935-22	GTBDXE	41
LPHTD936-22	GTBDXE	51
LPHTD937-22	GTBDXE	69
LPHTD938-22	GTBDXE	24
LPHTD939-22	GTBDXE	44
LPHTD940-22	GTBDXE	30
LPHTD941-22	GTBDXE	21
LPHTD942-22	GTBDXE	57
LPHTD943-22	GTBDXE	53
LPHTD944-22	GTBDXE	36
LPHTD945-22	GTBDXE	40
LPHTD946-22	GTBDXE	6
LPHTD947-22	GTBDXE	62
LPHTD948-22	GTBDXE	53
LPHTD949-22	GTBDXE	46
LPHTD950-22	GTBDXE	24
LPHTD952-22	GTBDXE	35
LPHTD953-22	GTBDXE	32
LPHTD954-22	GTBDXE	74
LPHTD955-22	GTBDXE	58
LPHTD956-22	GTBDXE	69
LPHTD957-22	GTBDXE	34
LPHTD958-22	GTBDXE	62
LPHTD959-22	GTBDXE	52
LPHTD960-22	GTBDXE	46
LPHTD961-22	GTBDXE	51
LPHTD962-22	GTBDXE	18
LPHTD963-22	GTBDXE	38
LPHTD964-22	GTBDXE	35
LPHTD965-22	GTBDXE	45
LPHTD966-22	GTBDXE	59
LPHTD967-22	GTBDXE	68
LPHTD968-22	GTBDXE	42
LPHTD969-22	GTBDXE	11
LPHTD970-22	GTBDXE	54
LPHTD971-22	GTBDXE	35
LPHTD972-22	GTBDXE	62
LPHTD973-22	GTBDXE	20
LPHTD975-22	GTBDXE	5
LPHTD976-22	GTBDXE	48
LPHTD977-22	GTBDXE	39
LPHTD978-22	GTBDXE	55
LPHTD979-22	GTBDXE	65
LPHTD981-22	GTBDXE	56
LPHTD982-22	GTBDXE	15
LPHTD983-22	GTBDXE	69
LPHTD984-22	GTBDXE	69
LPHTD985-22	GTBDXE	60
LPHTD986-22	GTBDXE	19
LPHTD987-22	GTBDXE	34
LPHTD988-22	GTBDXE	2
LPHTD989-22	GTBDXE	10
LPHTD990-22	GTBDXE	63
LPHTD991-22	GTBDXE	56
LPHTD992-22	GTBDXE	50
LPHTD994-22	GTBDXE	50
LPHTD995-22	GTBDXE	4
LPHTD996-22	GTBDXE	70
LPHTD997-22	GTBDXE	54
LPHTD998-22	GTBDXE	34
LPHTD999-22	GTBDXE	41
LPKIL1324-22	G9M8L4	61
LPKIL1325-22	G9M8L4	47
LPKIL1326-22	G9M8L4	54
LPKIL1327-22	G9M8L4	42
LPKIL1328-22	G9M8L4	53
LPKIL1329-22	G9M8L4	39
LPKIL1330-22	G9M8L4	39
LPKIL1331-22	G9M8L4	49
LPKIL1332-22	G9M8L4	3
LPKIL1333-22	G9M8L4	41
LPKIL1334-22	G9M8L4	57
LPKIL1335-22	G9M8L4	55
LPKIL1336-22	G9M8L4	65
LPKIL1337-22	G9M8L4	38
LPKIL1338-22	G9M8L4	54
LPKIL1339-22	G9M8L4	56
LPKIL1340-22	G9M8L4	38
LPKIL1341-22	G9M8L4	43
LPKIL1342-22	G9M8L4	41
LPKIL1343-22	G9M8L4	39
LPKIL1344-22	G9M8L4	51
LPKIL1345-22	G9M8L4	29
LPKIL1346-22	G9M8L4	59
LPKIL1347-22	G9M8L4	53
LPKIL1348-22	G9M8L4	49
LPKIL1349-22	G9M8L4	61
LPKIL1350-22	G9M8L4	36
LPKIL1351-22	G9M8L4	50
LPKIL1352-22	G9M8L4	32
LPKIL1353-22	G9M8L4	42
LPKIL1354-22	G9M8L4	47
LPKIL1355-22	G9M8L4	50
LPKIL1356-22	G9M8L4	40
LPKIL1357-22	G9M8L4	24
LPKIL1358-22	G9M8L4	51
LPKIL1359-22	G9M8L4	49
LPKIL1360-22	G9M8L4	54
LPKIL1361-22	G9M8L4	7
LPKIL1362-22	G9M8L4	37
LPKIL1363-22	G9M8L4	49
LPKIL1364-22	G9M8L4	52
LPKIL1365-22	G9M8L4	43
LPKIL1366-22	G9M8L4	50
LPKIL1367-22	G9M8L4	40
LPKIL1368-22	G9M8L4	54
LPKIL1369-22	G9M8L4	47
LPKIL1370-22	G9M8L4	42
LPKIL1371-22	G9M8L4	47
LPKIL1372-22	G9M8L4	20
LPKIL1373-22	G9M8L4	68
LPKIL1374-22	G9M8L4	47
LPKIL1375-22	G9M8L4	53
LPKIL1376-22	G9M8L4	51
LPKIL1377-22	G9M8L4	59
LPKIL1378-22	G9M8L4	45
LPKIL1379-22	G9M8L4	62
LPKIL1380-22	G9M8L4	71
LPKIL1381-22	G9M8L4	25
LPKIL1382-22	G9M8L4	3
LPKIL1383-22	G9M8L4	70
LPKIL1384-22	G9M8L4	46
LPKIL1385-22	G9M8L4	67
LPKIL1386-22	G9M8L4	42
LPKIL1387-22	G9M8L4	46
LPKIL1388-22	G9M8L4	47
LPKIL1389-22	G9M8L4	55
LPKIL1390-22	G9M8L4	38
LPKIL1391-22	G9M8L4	28
LPKIL1392-22	G9M8L4	43
LPKIL1393-22	G9M8L4	51
LPKIL1394-22	G9M8L4	40
LPKIL1395-22	G9M8L4	46
LPKIL1396-22	G9M8L4	53
LPKIL1397-22	G9M8L4	54
LPKIL1398-22	G9M8L4	47
LPKIL1399-22	G9M8L4	43
LPKIL1400-22	G9M8L4	49
LPKIL1401-22	G9M8L4	54
LPKIL1402-22	G9M8L4	39
LPKIL1403-22	G9M8L4	50
LPKIL1404-22	G9M8L4	44
LPKIL1405-22	G9M8L4	56
LPKIL1406-22	G9M8L4	44
LPKIL1407-22	G9M8L4	56
LPKIL1408-22	G9M8L4	60
LPKIL1409-22	G9M8L4	61
LPKIL1410-22	G9M8L4	62
LPKIL1411-22	G9M8L4	35
LPKIL1412-22	G9M8L4	48
LPKIL1413-22	G9M8L4	49
LPKIL1414-22	G9M8L4	44
LPKIL1415-22	G9M8L4	58
LPKIL1416-22	G9M8L4	51
LPKIL1417-22	G9M8L4	64
LPKIL1418-22	G9M8L4	50
LPKIL1419-22	G9M8L4	55
LPKIL1420-22	G9M8L4	52
LPKIL1421-22	G9M8L4	52
LPKIL1422-22	G9M8L4	50
LPKIL1423-22	G9M8L4	29
LPKIL1424-22	G9M8L4	48
LPKIL1425-22	G9M8L4	26
LPKIL1426-22	G9M8L4	38
LPKIL1427-22	G9M8L4	44
LPKIL1428-22	G9M8L4	45
LPKIL1429-22	G9M8L4	48
LPKIL1430-22	G9M8L4	48
LPKIL1431-22	G9M8L4	47
LPKIL1432-22	G9M8L4	42
LPKIL1433-22	G9M8L4	47
LPKIL1434-22	G9M8L4	37
LPKIL1435-22	G9M8L4	45
LPKIL1436-22	G9M8L4	54
LPKIL1437-22	G9M8L4	45
LPKIL1438-22	G9M8L4	41
LPKIL1439-22	G9M8L4	56
LPKIL1440-22	G9M8L4	40
LPKIL1441-22	G9M8L4	44
LPKIL1442-22	G9M8L4	45
LPKIL1443-22	G9M8L4	58
LPKIL1444-22	G9M8L4	68
LPKIL1445-22	G9M8L4	46
LPKIL1446-22	G9M8L4	76
LPKIL1447-22	G9M8L4	47
LPKIL1448-22	G9M8L4	19
LPKIL1449-22	G9M8L4	55
LPKIL1450-22	G9M8L4	51
LPKIL1451-22	G9M8L4	45
LPKIL1452-22	G9M8L4	62
LPKIL1453-22	G9M8L4	45
LPKIL1454-22	G9M8L4	49
LPKIL1455-22	G9M8L4	46
LPKIL1456-22	G9M8L4	63
LPKIL1457-22	G9M8L4	49
LPKIL1458-22	G9M8L4	57
LPKIL1459-22	G9M8L4	56
LPKIL1460-22	G9M8L4	55
LPKIL1461-22	G9M8L4	52
LPKIL1462-22	G9M8L4	36
LPKIL1463-22	G9M8L4	55
LPKIL1464-22	G9M8L4	52
LPKIL1465-22	G9M8L4	23
LPKIL1466-22	G9M8L4	18
LPKIL1467-22	G9M8L4	64
LPKIL1468-22	G9M8L4	43
LPKIL1469-22	G9M8L4	70
LPKIL1470-22	G9M8L4	32
LPKIL1471-22	G9M8L4	52
LPKIL1472-22	G9M8L4	54
LPKIL1473-22	G9M8L4	55
LPKIL1474-22	G9M8L4	57
LPKIL1475-22	G9M8L4	42
LPKIL1476-22	G9M8L4	48
LPKIL1477-22	G9M8L4	53
LPKIL1478-22	G9M8L4	63
LPKIL1479-22	G9M8L4	70
LPKIL1480-22	G9M8L4	65
LPKIL1481-22	G9M8L4	55
LPKIL1482-22	G9M8L4	42
LPKIL1483-22	G9M8L4	51
LPKIL1484-22	G9M8L4	51
LPKIL1486-22	G9M8L4	48
LPKIL1487-22	G9M8L4	2
LPKIL1488-22	G9M8L4	63
LPKIL1489-22	G9M8L4	60
LPKIL1490-22	G9M8L4	57
LPKIL1491-22	G9M8L4	40
LPKIL1492-22	G9M8L4	42
LPKIL1493-22	G9M8L4	53
LPKIL1494-22	G9M8L4	51
LPKIL1495-22	G9M8L4	40
LPKIL1496-22	G9M8L4	62
LPKIL1497-22	G9M8L4	34
LPKIL1498-22	G9M8L4	51
LPKIL1499-22	G9M8L4	39
LPKIL1500-22	G9M8L4	38
LPKIL1501-22	G9M8L4	54
LPKIL1502-22	G9M8L4	50
LPKIL1503-22	G9M8L4	47
LPKIL1504-22	G9M8L4	56
LPKIL1505-22	G9M8L4	50
LPKIL1506-22	G9M8L4	48
LPKIL1507-22	G9M8L4	37
LPKIL1508-22	G9M8L4	48
LPKIL1509-22	G9M8L4	45
LPKIL1510-22	G9M8L4	58
LPKIL1511-22	G9M8L4	63
LPKIL1512-22	G9M8L4	52
LPKIL1513-22	G9M8L4	58
LPKIL1514-22	G9M8L4	70
LPKIL1515-22	G9M8L4	50
LPKIL1516-22	G9M8L4	51
LPKIL1517-22	G9M8L4	44
LPKIL1518-22	G9M8L4	32
LPKIL1519-22	G9M8L4	32
LPKIL1520-22	G9M8L4	41
LPKIL1521-22	G9M8L4	67
LPKIL1522-22	G9M8L4	54
LPKIL1523-22	G9M8L4	54
LPKIL1524-22	G9M8L4	53
LPKIL1525-22	G9M8L4	71
LPKIL1526-22	G9M8L4	49
LPKIL1527-22	G9M8L4	64
LPKIL1528-22	G9M8L4	66
LPKIL1529-22	G9M8L4	36
LPKIL1530-22	G9M8L4	52
LPKIL1531-22	G9M8L4	43
LPKIL1532-22	G9M8L4	51
LPKIL1533-22	G9M8L4	67
LPKIL1534-22	G9M8L4	56
LPKIL1535-22	G9M8L4	49
LPKIL1536-22	G9M8L4	46
LPKIL1537-22	G9M8L4	62
LPKIL1538-22	G9M8L4	53
LPKIL1539-22	G9M8L4	71
LPKIL1540-22	G9M8L4	56
LPKIL1541-22	G9M8L4	63
LPKIL1542-22	G9M8L4	43
LPKIL1543-22	G9M8L4	60
LPKIL1544-22	G9M8L4	24
LPKIL1545-22	G9M8L4	48
LPKIL1546-22	G9M8L4	46
LPKIL1547-22	G9M8L4	41
LPKIL1548-22	G9M8L4	53
LPKIL1549-22	G9M8L4	44
LPKIL1550-22	G9M8L4	51
LPKIL1551-22	G9M8L4	58
LPKIL1552-22	G9M8L4	42
LPKIL1553-22	G9M8L4	26
LPKIL1554-22	G9M8L4	63
LPKIL1555-22	G9M8L4	56
LPKIL1556-22	G9M8L4	41
LPKIL1557-22	G9M8L4	50
LPKIL1558-22	G9M8L4	32
LPKIL1559-22	G9M8L4	52
LPKIL1560-22	G9M8L4	6
LPKIL1561-22	G9M8L4	56
LPKIL1562-22	G9M8L4	64
LPKIL1563-22	G9M8L4	51
LPKIL1564-22	G9M8L4	59
LPKIL1565-22	G9M8L4	42
LPKIL1566-22	G9M8L4	52
LPKIL1567-22	G9M8L4	43
LPKIL1568-22	G9M8L4	51
LPKIL1569-22	G9M8L4	44
LPKIL1570-22	G9M8L4	48
LPKIL1572-22	G9M8L4	34
LPKIL1573-22	G9M8L4	72
LPKIL1574-22	G9M8L4	73
LPKIL1575-22	G9M8L4	42
LPKIL1576-22	G9M8L4	47
LPKIL1577-22	G9M8L4	55
LPKIL1578-22	G9M8L4	60
LPKIL1579-22	G9M8L4	48
LPKIL1580-22	G9M8L4	65
LPKIL1581-22	G9M8L4	44
LPKIL1582-22	G9M8L4	64
LPKIL1583-22	G9M8L4	55
LPKIL1584-22	G9M8L4	61
LPKIL1585-22	G9M8L4	56
LPKIL1586-22	G9M8L4	53
LPKIL1587-22	G9M8L4	47
LPKIL1588-22	G9M8L4	49
LPKIL1589-22	G9M8L4	46
LPKIL1590-22	G9M8L4	52
LPKIL1591-22	G9M8L4	53
LPKIL1592-22	G9M8L4	56
LPKIL1593-22	G9M8L4	49
LPKIL1594-22	G9M8L4	36
LPKIL1595-22	G9M8L4	39
LPKIL1596-22	G9M8L4	57
LPKIL1597-22	G9M8L4	58
LPKIL1598-22	G9M8L4	61
LPKIL1599-22	G9M8L4	40
LPKIL1600-22	G9M8L4	42
LPKIL1601-22	G9M8L4	43
LPKIL1602-22	G9M8L4	53
LPKIL1603-22	G9M8L4	44
LPKIL1604-22	G9M8L4	31
LPKIL1605-22	G9M8L4	42
LPKIL1606-22	G9M8L4	36
LPKIL1607-22	G9M8L4	56
LPKIL1608-22	G9M8L4	43
LPKIL1609-22	G9M8L4	60
LPKIL1610-22	G9M8L4	60
LPKIL1611-22	G9M8L4	56
LPKIL1612-22	G9M8L4	38
LPKIL1613-22	G9M8L4	52
LPKIL1614-22	G9M8L4	33
LPKIL1615-22	G9M8L4	60
LPKIL1616-22	G9M8L4	60
LPKIL1617-22	G9M8L4	83
LPKIL1618-22	G9M8L4	43
LPKIL1619-22	G9M8L4	37
LPKIL1620-22	G9M8L4	59
LPKIL1621-22	G9M8L4	45
LPKIL1622-22	G9M8L4	53
LPKIL1623-22	G9M8L4	56
LPKIL1624-22	G9M8L4	59
LPKIL1625-22	G9M8L4	49
LPKIL1626-22	G9M8L4	50
LPKIL1627-22	G9M8L4	62
LPKIL1628-22	G9M8L4	59
LPKIL1629-22	G9M8L4	66
LPKIL1630-22	G9M8L4	58
LPKIL1631-22	G9M8L4	52
LPKIL1632-22	G9M8L4	43
LPKIL1633-22	G9M8L4	51
LPKIL1634-22	G9M8L4	69
LPKIL1635-22	G9M8L4	53
LPKIL1636-22	G9M8L4	43
LPKIL1637-22	G9M8L4	53
LPKIL1638-22	G9M8L4	61
LPKIL1639-22	G9M8L4	48
LPKIL1640-22	G9M8L4	52
LPKIL1641-22	G9M8L4	53
LPKIL1642-22	G9M8L4	64
LPKIL1643-22	G9M8L4	54
LPKIL1644-22	G9M8L4	61
LPKIL1645-22	G9M8L4	68
LPKIL1646-22	G9M8L4	44
LPKIL1647-22	G9M8L4	47
LPKIL1648-22	G9M8L4	53
LPKIL1649-22	G9M8L4	46
LPKIL1650-22	G9M8L4	57
LPKIL1651-22	G9M8L4	49
LPKIL1652-22	G9M8L4	40
LPKIL1653-22	G9M8L4	64
LPKIL1654-22	G9M8L4	50
LPKIL1655-22	G9M8L4	48
LPKIL1656-22	G9M8L4	19
LPKIL1657-22	G9M8L4	67
LPKIL1658-22	G9M8L4	75
LPKIL1659-22	G9M8L4	56
LPKIL1660-22	G9M8L4	52
LPKIL1661-22	G9M8L4	48
LPKIL1662-22	G9M8L4	54
LPKIL1663-22	G9M8L4	50
LPKIL1664-22	G9M8L4	44
LPKIL1665-22	G9M8L4	57
LPKIL1666-22	G9M8L4	46
LPKIL1667-22	G9M8L4	59
LPKIL1668-22	G9M8L4	59
LPKIL1711-22	G9M8L4	67
LPKIL1712-22	G9M8L4	60
LPKIL1713-22	G9M8L4	47
LPKIL1714-22	G9M8L4	27
LPKIL1715-22	G9M8L4	59
LPKIL1716-22	G9M8L4	57
LPKIL1717-22	G9M8L4	45
LPKIL1718-22	G9M8L4	40
LPKIL1719-22	G9M8L4	49
LPKIL1720-22	G9M8L4	45
LPKIL1721-22	G9M8L4	56
LPKIL1722-22	G9M8L4	61
LPKIL1723-22	G9M8L4	60
LPKIL1724-22	G9M8L4	53
LPKIL1725-22	G9M8L4	45
LPKIL1726-22	G9M8L4	43
LPKIL1727-22	G9M8L4	54
LPKIL1728-22	G9M8L4	54
LPKIL1730-22	G9M8L4	67
LPKIL1731-22	G9M8L4	54
LPKIL1732-22	G9M8L4	51
LPKIL1733-22	G9M8L4	34
LPKIL1734-22	G9M8L4	62
LPKIL1735-22	G9M8L4	10
LPKIL1736-22	G9M8L4	65
LPKIL1737-22	G9M8L4	55
LPKIL1738-22	G9M8L4	62
LPKIL1739-22	G9M8L4	44
LPKIL1740-22	G9M8L4	56
LPKIL1741-22	G9M8L4	53
LPKIL1742-22	G9M8L4	56
LPKIL1743-22	G9M8L4	52
LPKIL1744-22	G9M8L4	49
LPKIL1745-22	G9M8L4	1
LPKIL1746-22	G9M8L4	60
LPKIL1747-22	G9M8L4	65
LPKIL1748-22	G9M8L4	48
LPKIL1749-22	G9M8L4	29
LPKIL1750-22	G9M8L4	43
LPKIL1751-22	G9M8L4	41
LPKIL1752-22	G9M8L4	43
LPKIL1753-22	G9M8L4	50
LPKIL1754-22	G9M8L4	53
LPKIL1755-22	G9M8L4	47
LPKIL1756-22	G9M8L4	75
LPKIL1757-22	G9M8L4	57
LPKIL1758-22	G9M8L4	62
LPKIL1759-22	G9M8L4	47
LPKIL1760-22	G9M8L4	47
LPKIL1761-22	G9M8L4	65
LPKIL1763-22	G9M8L4	51
LPKIL1764-22	G9M8L4	33
LPKIL1765-22	G9M8L4	50
LPKIL1766-22	G9M8L4	51
LPKIL1767-22	G9M8L4	46
LPKIL1768-22	G9M8L4	41
LPKIL1769-22	G9M8L4	42
LPKIL1770-22	G9M8L4	57
LPKIL1771-22	G9M8L4	51
LPKIL1772-22	G9M8L4	48
LPKIL1773-22	G9M8L4	46
LPKIL1774-22	G9M8L4	35
LPKIL1775-22	G9M8L4	47
LPKIL1776-22	G9M8L4	39
LPKIL1777-22	G9M8L4	42
LPKIL1778-22	G9M8L4	47
LPKIL1779-22	G9M8L4	46
LPKIL1780-22	G9M8L4	54
LPKIL1781-22	G9M8L4	49
LPKIL1782-22	G9M8L4	68
LPKIL1783-22	G9M8L4	84
LPKIL1784-22	G9M8L4	66
LPKIL1785-22	G9M8L4	58
LPKIL1786-22	G9M8L4	52
LPKIL1787-22	G9M8L4	60
LPKIL1788-22	G9M8L4	47
LPKIL1789-22	G9M8L4	41
LPKIL1790-22	G9M8L4	61
LPKIL1791-22	G9M8L4	39
LPKIL1792-22	G9M8L4	55
LPKIL1793-22	G9M8L4	48
LPKIL1794-22	G9M8L4	44
LPKIL1795-22	G9M8L4	70
LPKIL1796-22	G9M8L4	68
LPKIL1797-22	G9M8L4	39
LPKIL1798-22	G9M8L4	70
LPKIL1799-22	G9M8L4	67
LPKIL1800-22	G9M8L4	50
LPKIL1801-22	G9M8L4	58
LPKIL1802-22	G9M8L4	50
LPKIL1803-22	G9M8L4	51
LPKIL1804-22	G9M8L4	21
LPKIL1805-22	G9M8L4	21
LPKIL1806-22	G9M8L4	68
LPKIL1807-22	G9M8L4	56
LPKIL1808-22	G9M8L4	58
LPKIL1809-22	G9M8L4	64
LPKIL1810-22	G9M8L4	61
LPKIL1811-22	G9M8L4	62
LPKIL1812-22	G9M8L4	12
LPKIL1813-22	G9M8L4	46
LPKIL1814-22	G9M8L4	56
LPKIL1815-22	G9M8L4	59
LPKIL1816-22	G9M8L4	65
LPKIL1817-22	G9M8L4	62
LPKIL1818-22	G9M8L4	69
LPKIL1819-22	G9M8L4	50
LPKIL1820-22	G9M8L4	75
LPKIL1821-22	G9M8L4	52
LPKIL1822-22	G9M8L4	52
LPKIL1823-22	G9M8L4	51
LPKIL1824-22	G9M8L4	31
LPKIL1825-22	G9M8L4	56
LPKIL1826-22	G9M8L4	49
LPKIL1827-22	G9M8L4	60
LPKIL1828-22	G9M8L4	57
LPKIL1829-22	G9M8L4	67
LPKIL1830-22	G9M8L4	69
LPKIL1831-22	G9M8L4	49
LPKIL1832-22	G9M8L4	62
LPKIL1833-22	G9M8L4	39
LPKIL1834-22	G9M8L4	62
LPKIL1835-22	G9M8L4	69
LPKIL1836-22	G9M8L4	49
LPKIL1837-22	G9M8L4	39
LPKIL1838-22	G9M8L4	46
LPKIL1839-22	G9M8L4	47
LPKIL1840-22	G9M8L4	39
LPKIL1841-22	G9M8L4	51
LPKIL1842-22	G9M8L4	8
LPKIL1843-22	G9M8L4	58
LPKIL1844-22	G9M8L4	61
LPKIL1845-22	G9M8L4	60
LPKIL1846-22	G9M8L4	65
LPKIL1847-22	G9M8L4	56
LPKIL1848-22	G9M8L4	48
LPKIL1849-22	G9M8L4	63
LPKIL1850-22	G9M8L4	60
LPKIL1851-22	G9M8L4	61
LPKIL1852-22	G9M8L4	58
LPKIL1853-22	G9M8L4	65
LPKIL1854-22	G9M8L4	49
LPKIL1855-22	G9M8L4	64
LPKIL1856-22	G9M8L4	45
LPKIL1857-22	G9M8L4	33
LPKIL1858-22	G9M8L4	37
LPKIL1859-22	G9M8L4	44
LPKIL1860-22	G9M8L4	45
LPKIL1861-22	G9M8L4	46
LPKIL1862-22	G9M8L4	66
LPKIL1863-22	G9M8L4	40
LPKIL1864-22	G9M8L4	57
LPKIL1865-22	G9M8L4	54
LPKIL1866-22	G9M8L4	82
LPKIL1867-22	G9M8L4	56
LPKIL1868-22	G9M8L4	53
LPKIL1869-22	G9M8L4	5
LPKIL1870-22	G9M8L4	37
LPKIL1871-22	G9M8L4	36
LPKIL1872-22	G9M8L4	59
LPKIL1873-22	G9M8L4	42
LPKIL1874-22	G9M8L4	46
LPKIL1875-22	G9M8L4	41
LPKIL1876-22	G9M8L4	53
LPKIL1877-22	G9M8L4	53
LPKIL1878-22	G9M8L4	36
LPKIL1879-22	G9M8L4	63
LPKIL1880-22	G9M8L4	4
LPKIL1881-22	G9M8L4	26
LPKIL1882-22	G9M8L4	53
LPKIL1883-22	G9M8L4	27
LPKIL1884-22	G9M8L4	48
LPKIL1885-22	G9M8L4	59
LPKIL1886-22	G9M8L4	37
LPKIL1887-22	G9M8L4	65
LPKIL1888-22	G9M8L4	48
LPKIL1889-22	G9M8L4	60
LPKIL1890-22	G9M8L4	68
LPKIL1891-22	G9M8L4	52
LPKIL1892-22	G9M8L4	54
LPKIL1893-22	G9M8L4	46
LPKIL1894-22	G9M8L4	59
LPKIL1895-22	G9M8L4	59
LPKIL1896-22	G9M8L4	41
LPKIL1897-22	G9M8L4	53
LPKIL1898-22	G9M8L4	48
LPKIL1899-22	G9M8L4	61
LPKIL1900-22	G9M8L4	62
LPKIL1901-22	G9M8L4	28
LPKIL1902-22	G9M8L4	64
LPKIL1903-22	G9M8L4	64
LPKIL1904-22	G9M8L4	48
LPKIL1905-22	G9M8L4	51
LPKIL1906-22	G9M8L4	58
LPKIL1907-22	G9M8L4	50
LPKIL1908-22	G9M8L4	25
LPKIL1909-22	G9M8L4	46
LPKIL1910-22	G9M8L4	47
LPKIL1911-22	G9M8L4	5
LPKIL1912-22	G9M8L4	46
LPKIL1913-22	G9M8L4	50
LPKIL1914-22	G9M8L4	67
LPKIL1915-22	G9M8L4	32
LPKIL1916-22	G9M8L4	4
LPKIL1917-22	G9M8L4	52
LPKIL1918-22	G9M8L4	45
LPKIL1919-22	G9M8L4	18
LPKIL1920-22	G9M8L4	26
LPKIL1921-22	G9M8L4	31
LPKIL1922-22	G9M8L4	54
LPKIL1923-22	G9M8L4	37
LPKIL1924-22	G9M8L4	55
LPKIL1925-22	G9M8L4	50
LPKIL1927-22	G9M8L4	58
LPKIL1928-22	G9M8L4	72
LPKIL1929-22	G9M8L4	63
LPKIL1930-22	G9M8L4	4
LPKIL1931-22	G9M8L4	60
LPKIL1932-22	G9M8L4	51
LPKIL1933-22	G9M8L4	51
LPKIL1934-22	G9M8L4	63
LPKIL1935-22	G9M8L4	35
LPKIL1936-22	G9M8L4	65
LPKIL1937-22	G9M8L4	52
LPKIL1938-22	G9M8L4	40
LPKIL1939-22	G9M8L4	56
LPKIL1940-22	G9M8L4	63
LPKIL1941-22	G9M8L4	44
LPKIL1942-22	G9M8L4	46
LPKIL1943-22	G9M8L4	52
LPKIL1944-22	G9M8L4	48
LPKIL1945-22	G9M8L4	37
LPKIL1946-22	G9M8L4	62
LPKIL1947-22	G9M8L4	54
LPKIL1948-22	G9M8L4	48
LPKIL1949-22	G9M8L4	55
LPKIL1950-22	G9M8L4	57
LPKIL1951-22	G9M8L4	46
LPKIL1952-22	G9M8L4	31
LPKIL1953-22	G9M8L4	51
LPKIL1954-22	G9M8L4	42
LPKIL1955-22	G9M8L4	46
LPKIL1956-22	G9M8L4	52
LPKIL1957-22	G9M8L4	51
LPKIL1958-22	G9M8L4	53
LPKIL1959-22	G9M8L4	54
LPKIL1960-22	G9M8L4	25
LPKIL1961-22	G9M8L4	58
LPKIL1962-22	G9M8L4	54
LPKIL1963-22	G9M8L4	62
LPKIL1964-22	G9M8L4	38
LPKIL1965-22	G9M8L4	47
LPKIL1966-22	G9M8L4	45
LPKIL1967-22	G9M8L4	52
LPKIL1968-22	G9M8L4	38
LPKIL1969-22	G9M8L4	43
LPKIL1970-22	G9M8L4	60
LPKIL1971-22	G9M8L4	41
LPKIL1972-22	G9M8L4	55
LPKIL1973-22	G9M8L4	53
LPKIL1974-22	G9M8L4	41
LPKIL1975-22	G9M8L4	43
LPKIL1976-22	G9M8L4	47
LPKIL1977-22	G9M8L4	44
LPKIL1978-22	G9M8L4	51
LPKIL1979-22	G9M8L4	45
LPKIL1980-22	G9M8L4	46
LPKIL1981-22	G9M8L4	53
LPKIL1982-22	G9M8L4	62
LPKIL1983-22	G9M8L4	40
LPKIL1984-22	G9M8L4	63
LPKIL1985-22	G9M8L4	30
LPKIL1986-22	G9M8L4	48
LPKIL1987-22	G9M8L4	65
LPKIL1988-22	G9M8L4	51
LPKIL1989-22	G9M8L4	43
LPKIL1990-22	G9M8L4	2
LPKIL1991-22	G9M8L4	45
LPKIL1992-22	G9M8L4	40
LPKIL1993-22	G9M8L4	48
LPKIL1994-22	G9M8L4	48
LPKIL1995-22	G9M8L4	1
LPKIL1996-22	G9M8L4	78
LPKIL1997-22	G9M8L4	46
LPKIL1998-22	G9M8L4	52
LPKIL1999-22	G9M8L4	73
LPKIL2000-22	G9M8L4	56
LPKIL2001-22	G9M8L4	45
LPKIL2002-22	G9M8L4	44
LPKIL2003-22	G9M8L4	28
LPKIL2005-22	G9M8L4	58
LPKIL2007-22	G9M8L4	84
LPKIL2008-22	G9M8L4	59
LPKIL2009-22	G9M8L4	53
LPKIL2010-22	G9M8L4	51
LPKIL2011-22	G9M8L4	51
LPKIL2013-22	G9M8L4	10
LPKIL2015-22	G9M8L4	51
LPKIL2016-22	G9M8L4	59
LPKIL2017-22	G9M8L4	67
LPKIL2018-22	G9M8L4	57
LPKIL2019-22	G9M8L4	46
LPKIL2020-22	G9M8L4	57
LPKIL2021-22	G9M8L4	45
LPKIL2022-22	G9M8L4	50
LPKIL2023-22	G9M8L4	54
LPKIL2024-22	G9M8L4	52
LPKIL2025-22	G9M8L4	57
LPKIL2026-22	G9M8L4	61
LPKIL2027-22	G9M8L4	32
LPKIL2028-22	G9M8L4	54
LPKIL2029-22	G9M8L4	43
LPKIL2030-22	G9M8L4	51
LPKIL2031-22	G9M8L4	49
LPKIL2032-22	G9M8L4	57
LPKIL2033-22	G9M8L4	55
LPKIL2034-22	G9M8L4	63
LPKIL2035-22	G9M8L4	53
LPKIL2036-22	G9M8L4	51
LPKIL2037-22	G9M8L4	55
LPKIL2038-22	G9M8L4	50
LPKIL2039-22	G9M8L4	47
LPKIL2040-22	G9M8L4	45
LPKIL2041-22	G9M8L4	66
LPKIL2042-22	G9M8L4	38
LPKIL2043-22	G9M8L4	60
LPKIL2044-22	G9M8L4	34
LPKIL2045-22	G9M8L4	53
LPKIL2046-22	G9M8L4	59
LPKIL2047-22	G9M8L4	43
LPKIL2048-22	G9M8L4	52
LPKIL2049-22	G9M8L4	60
LPKIL2050-22	G9M8L4	58
LPKIL2051-22	G9M8L4	51
LPKIL2052-22	G9M8L4	45
LPKIL2053-22	G9M8L4	63
LPKIL2054-22	G9M8L4	46
LPKIL2055-22	G9M8L4	56
LPKIL2056-22	G9M8L4	84
LPKIL2057-22	G9M8L4	60
LPKIL2058-22	G9M8L4	38
LPKIL2059-22	G9M8L4	53
LPKIL2060-22	G9M8L4	41
LPKIL2061-22	G9M8L4	3
LPKIL2062-22	G9M8L4	52
LPKIL2063-22	G9M8L4	44
LPKIL2064-22	G9M8L4	51
LPKIL2065-22	G9M8L4	57
LPKIL2066-22	G9M8L4	51
LPKIL2067-22	G9M8L4	62
LPKIL2068-22	G9M8L4	55
LPKIL2069-22	G9M8L4	58
LPKIL2070-22	G9M8L4	68
LPKIL2071-22	G9M8L4	60
LPKIL2072-22	G9M8L4	60
LPKIL2073-22	G9M8L4	51
LPKIL2074-22	G9M8L4	69
LPKIL2075-22	G9M8L4	52
LPKIL2076-22	G9M8L4	53
LPKIL2077-22	G9M8L4	66
LPKIL2078-22	G9M8L4	64
LPKIL2079-22	G9M8L4	66
LPKIL2080-22	G9M8L4	59
LPKIL2081-22	G9M8L4	66
LPKIL2082-22	G9M8L4	61
LPKIL2083-22	G9M8L4	51
LPKIL2084-22	G9M8L4	61
LPKIL2085-22	G9M8L4	54
LPKIL2086-22	G9M8L4	52
LPKIL2087-22	G9M8L4	53
LPKIL2088-22	G9M8L4	55
LPKIL2089-22	G9M8L4	71
LPKIL2090-22	G9M8L4	64
LPKIL2186-22	GFHB52	54
LPKIL2187-22	GFHB52	8
LPKIL2188-22	GFHB52	62
LPKIL2189-22	GFHB52	47
LPKIL2190-22	GFHB52	45
LPKIL2191-22	GFHB52	41
LPKIL2192-22	GFHB52	30
LPKIL2193-22	GFHB52	31
LPKIL2194-22	GFHB52	59
LPKIL2196-22	GFHB52	32
LPKIL2197-22	GFHB52	50
LPKIL2198-22	GFHB52	38
LPKIL2199-22	GFHB52	45
LPKIL2200-22	GFHB52	12
LPKIL2202-22	GFHB52	24
LPKIL2203-22	GFHB52	41
LPKIL2204-22	GFHB52	5
LPKIL2205-22	GFHB52	29
LPKIL2206-22	GFHB52	19
LPKIL2207-22	GFHB52	8
LPKIL2208-22	GFHB52	31
LPKIL2209-22	GFHB52	24
LPKIL2211-22	GFHB52	18
LPKIL2212-22	GFHB52	36
LPKIL2213-22	GFHB52	41
LPKIL2214-22	GFHB52	35
LPKIL2215-22	GFHB52	39
LPKIL2216-22	GFHB52	21
LPKIL2218-22	GFHB52	10
LPKIL2219-22	GFHB52	17
LPKIL2220-22	GFHB52	51
LPKIL2221-22	GFHB52	34
LPKIL2223-22	GFHB52	34
LPKIL2224-22	GFHB52	64
LPKIL2225-22	GFHB52	23
LPKIL2226-22	GFHB52	34
LPKIL2227-22	GFHB52	50
LPKIL2228-22	GFHB52	43
LPKIL2229-22	GFHB52	24
LPKIL2230-22	GFHB52	38
LPKIL2232-22	GFHB52	4
LPKIL2233-22	GFHB52	14
LPKIL2234-22	GFHB52	6
LPKIL2235-22	GFHB52	5
LPKIL2236-22	GFHB52	34
LPKIL2237-22	GFHB52	2
LPKIL2238-22	GFHB52	5
LPKIL2239-22	GFHB52	9
LPKIL2240-22	GFHB52	3
LPKIL2241-22	GFHB52	16
LPKIL2242-22	GFHB52	35
LPKIL2243-22	GFHB52	4
LPKIL2244-22	GFHB52	26
LPKIL2245-22	GFHB52	3
LPKIL2246-22	GFHB52	8
LPKIL2247-22	GFHB52	10
LPKIL2248-22	GFHB52	19
LPKIL2249-22	GFHB52	62
LPKIL2250-22	GFHB52	59
LPKIL2251-22	GFHB52	67
LPKIL2252-22	GFHB52	51
LPKIL2253-22	GFHB52	56
LPKIL2254-22	GFHB52	55
LPKIL2255-22	GFHB52	80
LPKIL2256-22	GFHB52	65
LPKIL2257-22	GFHB52	68
LPKIL2258-22	GFHB52	41
LPKIL2259-22	GFHB52	69
LPKIL2260-22	GFHB52	54
LPKIL2261-22	GFHB52	72
LPKIL2262-22	GFHB52	71
LPKIL2263-22	GFHB52	74
LPKIL2264-22	GFHB52	75
LPKIL2265-22	GFHB52	60
LPKIL2266-22	GFHB52	54
LPKIL2267-22	GFHB52	58
LPKIL2268-22	GFHB52	73
LPKIL2269-22	GFHB52	37
LPKIL2270-22	GFHB52	68
LPKIL2271-22	GFHB52	65
LPKIL2272-22	GFHB52	52
LPKIL2273-22	GFHB52	38
LPKIL2274-22	GFHB52	65
LPKIL2275-22	GFHB52	38
LPKIL2276-22	GFHB52	28
LPKIL2277-22	GFHB52	49
LPKIL2278-22	GFHB52	79
LPKIL2279-22	GFHB52	60
LPKIL2280-22	GFHB52	36
LPKIL2281-22	GFHB52	42
LPKIL2282-22	GFHB52	40
LPKIL2283-22	GFHB52	46
LPKIL2284-22	GFHB52	50
LPKIL2285-22	GFHB52	50
LPKIL2286-22	GFHB52	75
LPKIL2287-22	GFHB52	50
LPKIL2288-22	GFHB52	56
LPKIL2289-22	GFHB52	41
LPKIL2290-22	GFHB52	56
LPKIL2291-22	GFHB52	46
LPKIL2292-22	GFHB52	64
LPKIL2293-22	GFHB52	61
LPKIL2294-22	GFHB52	69
LPKIL2295-22	GFHB52	62
LPKIL2296-22	GFHB52	60
LPKIL2297-22	GFHB52	65
LPKIL2298-22	GFHB52	57
LPKIL2299-22	GFHB52	69
LPKIL2300-22	GFHB52	60
LPKIL2301-22	GFHB52	62
LPKIL2302-22	GFHB52	36
LPKIL2303-22	GFHB52	40
LPKIL2304-22	GFHB52	65
LPKIL2305-22	GFHB52	77
LPKIL2306-22	GFHB52	63
LPKIL2307-22	GFHB52	67
LPKIL2308-22	GFHB52	57
LPKIL2309-22	GFHB52	48
LPKIL2310-22	GFHB52	64
LPKIL2311-22	GFHB52	83
LPKIL2312-22	GFHB52	69
LPKIL2313-22	GFHB52	26
LPKIL2314-22	GFHB52	60
LPKIL2315-22	GFHB52	51
LPKIL2316-22	GFHB52	71
LPKIL2317-22	GFHB52	35
LPKIL2318-22	GFHB52	66
LPKIL2319-22	GFHB52	52
LPKIL2320-22	GFHB52	48
LPKIL2321-22	GFHB52	79
LPKIL2322-22	GFHB52	83
LPKIL2323-22	GFHB52	49
LPKIL2324-22	GFHB52	69
LPKIL2325-22	GFHB52	51
LPKIL2326-22	GFHB52	41
LPKIL2327-22	GFHB52	57
LPKIL2328-22	GFHB52	74
LPKIL2329-22	GFHB52	82
LPKIL2330-22	GFHB52	43
LPKIL2331-22	GFHB52	65
LPKIL2332-22	GFHB52	50
LPKIL2333-22	GFHB52	56
LPKIL2334-22	GFHB52	66
LPKIL2335-22	GFHB52	48
LPKIL2336-22	GFHB52	59
LPKIL2337-22	GFHB52	92
LPKIL2338-22	GFHB52	66
LPKIL2339-22	GFHB52	44
LPKIL2340-22	GFHB52	47
LPKIL2341-22	GFHB52	49
LPKIL2342-22	GFHB52	79
LPKIL2343-22	GFHB52	65
LPKIL2344-22	GFHB52	59
LPKIL2345-22	GFHB52	93
LPKIL2346-22	GFHB52	61
LPKIL2347-22	GFHB52	44
LPKIL2348-22	GFHB52	47
LPKIL2349-22	GFHB52	57
LPKIL2350-22	GFHB52	72
LPKIL2351-22	GFHB52	40
LPKIL2352-22	GFHB52	64
LPKIL2353-22	GFHB52	62
LPKIL2354-22	GFHB52	68
LPKIL2355-22	GFHB52	62
LPKIL2356-22	GFHB52	53
LPKIL2357-22	GFHB52	63
LPKIL2358-22	GFHB52	51
LPKIL2359-22	GFHB52	42
LPKIL2360-22	GFHB52	58
LPKIL2361-22	GFHB52	42
LPKIL2362-22	GFHB52	63
LPKIL2363-22	GFHB52	2
LPKIL2364-22	GFHB52	57
LPKIL2365-22	GFHB52	77
LPKIL2366-22	GFHB52	62
LPKIL2367-22	GFHB52	49
LPKIL2368-22	GFHB52	47
LPKIL2370-22	GFHB52	51
LPKIL2371-22	GFHB52	61
LPKIL2372-22	GFHB52	29
LPKIL2373-22	GFHB52	74
LPKIL2374-22	GFHB52	54
LPKIL2375-22	GFHB52	62
LPKIL2376-22	GFHB52	84
LPKIL2377-22	GFHB52	33
LPKIL2378-22	GFHB52	67
LPKIL2379-22	GFHB52	60
LPKIL2380-22	GFHB52	64
LPKIL2381-22	GFHB52	50
LPKIL2382-22	GFHB52	62
LPKIL2383-22	GFHB52	38
LPKIL2384-22	GFHB52	57
LPKIL2385-22	GFHB52	61
LPKIL2386-22	GFHB52	64
LPKIL2387-22	GFHB52	36
LPKIL2388-22	GFHB52	14
LPKIL2389-22	GFHB52	86
LPKIL2390-22	GFHB52	70
LPKIL2391-22	GFHB52	59
LPKIL2392-22	GFHB52	85
LPKIL2393-22	GFHB52	82
LPKIL2394-22	GFHB52	54
LPKIL2395-22	GFHB52	45
LPKIL2396-22	GFHB52	39
LPKIL2397-22	GFHB52	52
LPKIL2398-22	GFHB52	64
LPKIL2399-22	GFHB52	77
LPKIL2400-22	GFHB52	77
LPKIL2401-22	GFHB52	61
LPKIL2402-22	GFHB52	65
LPKIL2403-22	GFHB52	72
LPKIL2404-22	GFHB52	66
LPKIL2405-22	GFHB52	56
LPKIL2406-22	GFHB52	59
LPKIL2407-22	GFHB52	7
LPKIL2408-22	GFHB52	43
LPKIL2409-22	GFHB52	54
LPKIL2410-22	GFHB52	54
LPKIL2411-22	GFHB52	41
LPKIL2412-22	GFHB52	49
LPKIL2413-22	GFHB52	50
LPKIL2414-22	GFHB52	61
LPKIL2415-22	GFHB52	23
LPKIL2416-22	GFHB52	65
LPKIL2417-22	GFHB52	70
LPKIL2418-22	GFHB52	45
LPKIL2419-22	GFHB52	56
LPKIL2420-22	GFHB52	62
LPKIL2421-22	GFHB52	52
LPKIL2422-22	GFHB52	69
LPKIL2423-22	GFHB52	75
LPKIL2424-22	GFHB52	65
LPKIL2425-22	GFHB52	18
LPKIL2426-22	GFHB52	69
LPKIL2427-22	GFHB52	78
LPKIL2428-22	GFHB52	43
LPKIL2429-22	GFHB52	68
LPKIL2430-22	GFHB52	74
LPKIL2431-22	GFHB52	88
LPKIL2432-22	GFHB52	26
LPKIL2433-22	GFHB52	46
LPKIL2434-22	GFHB52	49
LPKIL2435-22	GFHB52	37
LPKIL2436-22	GFHB52	98
LPKIL2437-22	GFHB52	72
LPKIL2438-22	GFHB52	62
LPKIL2439-22	GFHB52	40
LPKIL2440-22	GFHB52	59
LPKIL2441-22	GFHB52	9
LPKIL2442-22	GFHB52	32
LPKIL2443-22	GFHB52	35
LPKIL2444-22	GFHB52	54
LPKIL2445-22	GFHB52	59
LPKIL2446-22	GFHB52	27
LPKIL2447-22	GFHB52	61
LPKIL2448-22	GFHB52	53
LPKIL2449-22	GFHB52	18
LPKIL2450-22	GFHB52	58
LPKIL2451-22	GFHB52	47
LPKIL2452-22	GFHB52	19
LPKIL2453-22	GFHB52	49
LPKIL2454-22	GFHB52	4
LPKIL2455-22	GFHB52	6
LPKIL2456-22	GFHB52	52
LPKIL2457-22	GFHB52	63
LPKIL2458-22	GFHB52	45
LPKIL2459-22	GFHB52	57
LPKIL2460-22	GFHB52	25
LPKIL2461-22	GFHB52	36
LPKIL2462-22	GFHB52	43
LPKIL2463-22	GFHB52	52
LPKIL2464-22	GFHB52	37
LPKIL2465-22	GFHB52	25
LPKIL2466-22	GFHB52	35
LPKIL2467-22	GFHB52	51
LPKIL2468-22	GFHB52	9
LPKIL2469-22	GFHB52	24
LPKIL2470-22	GFHB52	31
LPKIL2471-22	GFHB52	55
LPKIL2472-22	GFHB52	47
LPKIL2473-22	GFHB52	48
LPKIL2474-22	GFHB52	35
LPKIL2475-22	GFHB52	28
LPKIL2476-22	GFHB52	55
LPKIL2477-22	GFHB52	40
LPKIL2478-22	GFHB52	16
LPKIL2479-22	GFHB52	45
LPKIL2480-22	GFHB52	20
LPKIL2481-22	GFHB52	39
LPKIL2482-22	GFHB52	44
LPKIL2483-22	GFHB52	25
LPKIL2484-22	GFHB52	44
LPKIL2485-22	GFHB52	59
LPKIL2486-22	GFHB52	54
LPKIL2487-22	GFHB52	37
LPKIL2488-22	GFHB52	14
LPKIL2489-22	GFHB52	11
LPKIL2490-22	GFHB52	51
LPKIL2491-22	GFHB52	8
LPKIL2492-22	GFHB52	49
LPKIL2493-22	GFHB52	49
LPKIL2494-22	GFHB52	64
LPKIL2495-22	GFHB52	57
LPKIL2496-22	GFHB52	32
LPKIL2498-22	GFHB52	60
LPKIL2499-22	GFHB52	50
LPKIL2500-22	GFHB52	17
LPKIL2501-22	GFHB52	42
LPKIL2502-22	GFHB52	47
LPKIL2503-22	GFHB52	37
LPKIL2504-22	GFHB52	56
LPKIL2505-22	GFHB52	59
LPKIL2506-22	GFHB52	46
LPKIL2507-22	GFHB52	11
LPKIL2508-22	GFHB52	66
LPKIL2509-22	GFHB52	17
LPKIL2510-22	GFHB52	63
LPKIL2511-22	GFHB52	42
LPKIL2512-22	GFHB52	50
LPKIL2513-22	GFHB52	46
LPKIL2514-22	GFHB52	4
LPKIL2515-22	GFHB52	51
LPKIL2516-22	GFHB52	45
LPKIL2518-22	GFHB52	39
LPKIL2519-22	GFHB52	37
LPKIL2520-22	GFHB52	58
LPKIL2521-22	GFHB52	36
LPKIL2522-22	GFHB52	50
LPKIL2523-22	GFHB52	32
LPKIL2524-22	GFHB52	37
LPKIL2525-22	GFHB52	57
LPKIL2526-22	GFHB52	57
LPKIL2527-22	GFHB52	66
LPKIL2528-22	GFHB52	48
LPKIL2529-22	GFHB52	29
LPKIL2530-22	GFHB52	49
LPKIL2531-22	GFHB52	48
LPKIL2532-22	GFHB52	55
LPKIL2533-22	GFHB52	47
LPKIL2534-22	GFHB52	64
LPKIL2535-22	GFHB52	48
LPKIL2536-22	GFHB52	58
LPKIL2537-22	GFHB52	43
LPKIL2538-22	GFHB52	45
LPKIL2539-22	GFHB52	38
LPKIL2540-22	GFHB52	57
LPKIL2541-22	GFHB52	25
LPKIL2542-22	GFHB52	50
LPKIL2543-22	GFHB52	64
LPKIL2544-22	GFHB52	10
LPKIL2545-22	GFHB52	75
LPKIL2546-22	GFHB52	77
LPKIL2547-22	GFHB52	46
LPKIL2548-22	GFHB52	44
LPKIL2549-22	GFHB52	45
LPKIL2550-22	GFHB52	55
LPKIL2551-22	GFHB52	25
LPKIL2552-22	GFHB52	59
LPKIL2553-22	GFHB52	50
LPKIL2554-22	GFHB52	84
LPKIL2555-22	GFHB52	64
LPKIL2556-22	GFHB52	66
LPKIL2557-22	GFHB52	40
LPKIL2558-22	GFHB52	9
LPKIL2559-22	GFHB52	69
LPKIL2560-22	GFHB52	28
LPKIL2561-22	GFHB52	43
LPKIL2562-22	GFHB52	48
LPKIL2563-22	GFHB52	49
LPKIL2564-22	GFHB52	40
LPKIL2565-22	GFHB52	48
LPKIL2566-22	GFHB52	56
LPKIL2567-22	GFHB52	55
LPKIL2568-22	GFHB52	1
LPKIL2569-22	GFHB52	59
LPKIL2570-22	GFHB52	56
LPKIL2571-22	GFHB52	74
LPKIL2572-22	GFHB52	54
LPKIL2573-22	GFHB52	66
LPKIL2574-22	GFHB52	54
LPKIL2575-22	GFHB52	52
LPKIL2576-22	GFHB52	65
LPKIL2577-22	GFHB52	73
LPKIL2578-22	GFHB52	69
LPKIL2579-22	GFHB52	55
LPKIL2580-22	GFHB52	46
LPKIL2581-22	GFHB52	58
LPKIL2582-22	GFHB52	100
LPKIL2583-22	GFHB52	64
LPKIL2584-22	GFHB52	45
LPKIL2585-22	GFHB52	47
LPKIL2586-22	GFHB52	60
LPKIL2587-22	GFHB52	40
LPKIL2588-22	GFHB52	71
LPKIL2589-22	GFHB52	53
LPKIL2590-22	GFHB52	62
LPKIL2591-22	GFHB52	46
LPKIL2592-22	GFHB52	57
LPKIL2593-22	GFHB52	72
LPKIL2594-22	GFHB52	69
LPKIL2595-22	GFHB52	52
LPKIL2596-22	GFHB52	29
LPKIL2597-22	GFHB52	58
LPKIL2598-22	GFHB52	59
LPKIL2599-22	GFHB52	43
LPKIL2600-22	GFHB52	58
LPKIL2601-22	GFHB52	53
LPKIL2602-22	GFHB52	59
LPKIL2603-22	GFHB52	56
LPKIL2604-22	GFHB52	68
LPKIL2605-22	GFHB52	40
LPKIL2606-22	GFHB52	105
LPKIL2607-22	GFHB52	71
LPKIL2608-22	GFHB52	56
LPKIL2609-22	GFHB52	59
LPKIL2610-22	GFHB52	86
LPKIL2611-22	GFHB52	70
LPKIL2612-22	GFHB52	51
LPKIL2613-22	GFHB52	69
LPKIL2614-22	GFHB52	49
LPKIL2615-22	GFHB52	30
LPKIL2616-22	GFHB52	63
LPKIL2617-22	GFHB52	44
LPKIL2618-22	GFHB52	75
LPKIL2619-22	GFHB52	59
LPKIL2620-22	GFHB52	66
LPKIL2621-22	GFHB52	57
LPKIL2622-22	GFHB52	50
LPKIL2623-22	GFHB52	54
LPKIL2624-22	GFHB52	16
LPKIL2625-22	GFHB52	48
LPKIL2626-22	GFHB52	54
LPKIL2627-22	GFHB52	63
LPKIL2628-22	GFHB52	67
LPKIL2629-22	GFHB52	59
LPKIL2630-22	GFHB52	32
LPKIL2631-22	GFHB52	32
LPKIL2632-22	GFHB52	55
LPKIL2633-22	GFHB52	54
LPKIL2634-22	GFHB52	50
LPKIL2635-22	GFHB52	58
LPKIL2636-22	GFHB52	47
LPKIL2637-22	GFHB52	59
LPKIL2638-22	GFHB52	48
LPKIL2639-22	GFHB52	59
LPKIL2640-22	GFHB52	58
LPKIL2641-22	GFHB52	63
LPKIL2642-22	GFHB52	40
LPKIL2643-22	GFHB52	17
LPKIL2644-22	GFHB52	43
LPKIL2645-22	GFHB52	52
LPKIL2646-22	GFHB52	41
LPKIL2647-22	GFHB52	46
LPKIL2648-22	GFHB52	50
LPKIL2649-22	GFHB52	21
LPKIL2650-22	GFHB52	52
LPKIL2651-22	GFHB52	68
LPKIL2652-22	GFHB52	55
LPKIL2653-22	GFHB52	73
LPKIL2654-22	GFHB52	49
LPKIL2655-22	GFHB52	57
LPKIL2656-22	GFHB52	51
LPKIL2657-22	GFHB52	54
LPKIL2658-22	GFHB52	39
LPKIL2659-22	GFHB52	63
LPKIL2660-22	GFHB52	37
LPKIL2661-22	GFHB52	62
LPKIL2662-22	GFHB52	32
LPKIL2663-22	GFHB52	35
LPKIL2664-22	GFHB52	85
LPKIL2665-22	GFHB52	44
LPKIL2666-22	GFHB52	66
LPKIL2667-22	GFHB52	58
LPKIL2668-22	GFHB52	13
LPKIL2669-22	GFHB52	46
LPKIL2670-22	GFHB52	45
LPKIL2671-22	GFHB52	58
LPKIL2672-22	GFHB52	64
LPKIL2673-22	GFHB52	59
LPKIL2674-22	GFHB52	50
LPKIL2675-22	GFHB52	58
LPKIL2676-22	GFHB52	52
LPKIL2677-22	GFHB52	48
LPKIL2678-22	GFHB52	80
LPKIL2679-22	GFHB52	52
LPKIL2680-22	GFHB52	47
LPKIL2681-22	GFHB52	46
LPKIL2682-22	GFHB52	54
LPKIL2683-22	GFHB52	68
LPKIL2684-22	GFHB52	62
LPKIL2685-22	GFHB52	59
LPKIL2686-22	GFHB52	57
LPKIL2687-22	GFHB52	59
LPKIL2688-22	GFHB52	94
LPKIL2689-22	GFHB52	69
LPKIL2690-22	GFHB52	75
LPKIL2691-22	GFHB52	15
LPKIL2692-22	GFHB52	12
LPKIL2693-22	GFHB52	52
LPKIL2694-22	GFHB52	20
LPKIL2695-22	GFHB52	44
LPKIL2696-22	GFHB52	50
LPKIL2697-22	GFHB52	23
LPKIL2698-22	GFHB52	71
LPKIL2699-22	GFHB52	53
LPKIL2700-22	GFHB52	60
LPKIL2701-22	GFHB52	25
LPKIL2702-22	GFHB52	41
LPKIL2703-22	GFHB52	66
LPKIL2704-22	GFHB52	47
LPKIL2705-22	GFHB52	60
LPKIL2706-22	GFHB52	60
LPKIL2707-22	GFHB52	57
LPKIL2708-22	GFHB52	59
LPKIL2709-22	GFHB52	42
LPKIL2710-22	GFHB52	59
LPKIL2711-22	GFHB52	43
LPKIL2712-22	GFHB52	64
LPKIL2713-22	GFHB52	66
LPKIL2714-22	GFHB52	41
LPKIL2715-22	GFHB52	70
LPKIL2716-22	GFHB52	47
LPKIL2717-22	GFHB52	59
LPKIL2718-22	GFHB52	61
LPKIL2719-22	GFHB52	53
LPKIL2720-22	GFHB52	44
LPKIL2721-22	GFHB52	41
LPKIL2722-22	GFHB52	68
LPKIL2723-22	GFHB52	78
LPKIL2724-22	GFHB52	57
LPKIL2725-22	GFHB52	54
LPKIL2726-22	GFHB52	49
LPKIL2727-22	GFHB52	52
LPKIL2728-22	GFHB52	38
LPKIL2729-22	GFHB52	37
LPKIL2730-22	GFHB52	49
LPKIL2731-22	GFHB52	53
LPKIL2732-22	GFHB52	49
LPKIL2733-22	GFHB52	47
LPKIL2734-22	GFHB52	57
LPKIL2735-22	GFHB52	35
LPKIL2736-22	GFHB52	73
LPKIL2737-22	GFHB52	56
LPKIL2738-22	GFHB52	43
LPKIL2739-22	GFHB52	67
LPKIL2740-22	GFHB52	45
LPKIL2741-22	GFHB52	40
LPKIL2742-22	GFHB52	59
LPKIL2743-22	GFHB52	40
LPKIL2744-22	GFHB52	28
LPKIL2745-22	GFHB52	47
LPKIL2746-22	GFHB52	54
LPKIL2747-22	GFHB52	65
LPKIL2748-22	GFHB52	80
LPKIL2749-22	GFHB52	59
LPKIL2750-22	GFHB52	60
LPKIL2751-22	GFHB52	34
LPKIL2752-22	GFHB52	50
LPKIL2753-22	GFHB52	53
LPKIL2754-22	GFHB52	63
LPKIL2755-22	GFHB52	35
LPKIL2756-22	GFHB52	42
LPKIL2757-22	GFHB52	17
LPKIL2758-22	GFHB52	63
LPKIL2759-22	GFHB52	46
LPKIL2760-22	GFHB52	73
LPKIL2761-22	GFHB52	44
LPKIL2762-22	GFHB52	43
LPKIL2763-22	GFHB52	55
LPKIL2764-22	GFHB52	40
LPKIL2765-22	GFHB52	62
LPKIL2766-22	GFHB52	59
LPKIL2767-22	GFHB52	57
LPKIL2768-22	GFHB52	54
LPKIL2769-22	GFHB52	55
LPKIL2770-22	GFHB52	46
LPKIL2771-22	GFHB52	64
LPKIL2772-22	GFHB52	64
LPKIL2773-22	GFHB52	64
LPKIL2774-22	GFHB52	39
LPKIL2775-22	GFHB52	49
LPKIL2777-22	GFHB52	52
LPKIL2778-22	GFHB52	68
LPKIL2779-22	GFHB52	61
LPKIL2780-22	GFHB52	54
LPKIL2781-22	GFHB52	52
LPKIL2782-22	GFHB52	57
LPKIL2783-22	GFHB52	41
LPKIL2784-22	GFHB52	66
LPKIL2785-22	GFHB52	53
LPKIL2786-22	GFHB52	56
LPKIL2787-22	GFHB52	58
LPKIL2788-22	GFHB52	25
LPKIL2789-22	GFHB52	58
LPKIL2790-22	GFHB52	47
LPKIL2791-22	GFHB52	28
LPKIL2792-22	GFHB52	59
LPKIL2793-22	GFHB52	40
LPKIL2794-22	GFHB52	71
LPKIL2795-22	GFHB52	27
LPKIL2796-22	GFHB52	64
LPKIL2797-22	GFHB52	52
LPKIL2798-22	GFHB52	47
LPKIL2799-22	GFHB52	67
LPKIL2800-22	GFHB52	46
LPKIL2801-22	GFHB52	66
LPKIL2802-22	GFHB52	34
LPKIL2803-22	GFHB52	51
LPKIL2804-22	GFHB52	71
LPKIL2805-22	GFHB52	47
LPKIL2806-22	GFHB52	62
LPKIL2807-22	GFHB52	57
LPKIL2808-22	GFHB52	45
LPKIL2809-22	GFHB52	88
LPKIL2810-22	GFHB52	13
LPKIL2811-22	GFHB52	47
LPKIL2812-22	GFHB52	40
LPKIL2813-22	GFHB52	61
LPKIL2814-22	GFHB52	52
LPKIL2815-22	GFHB52	73
LPKIL2816-22	GFHB52	54
LPKIL2817-22	GFHB52	66
LPKIL2818-22	GFHB52	55
LPKIL2819-22	GFHB52	84
LPKIL2820-22	GFHB52	62
LPKIL2821-22	GFHB52	22
LPKIL2822-22	GFHB52	41
LPKIL2823-22	GFHB52	64
LPKIL2824-22	GFHB52	47
LPKIL2825-22	GFHB52	45
LPKIL2826-22	GFHB52	47
LPKIL2827-22	GFHB52	41
LPKIL2828-22	GFHB52	72
LPKIL2829-22	GFHB52	21
LPKIL2830-22	GFHB52	75
LPKIL2831-22	GFHB52	69
LPKIL2832-22	GFHB52	58
LPKIL2833-22	GFHB52	44
LPKIL2834-22	GFHB52	51
LPKIL2835-22	GFHB52	33
LPKIL2836-22	GFHB52	57
LPKIL2837-22	GFHB52	52
LPKIL2838-22	GFHB52	34
LPKIL2839-22	GFHB52	68
LPKIL2840-22	GFHB52	65
LPKIL2841-22	GFHB52	57
LPKIL2842-22	GFHB52	66
LPKIL2843-22	GFHB52	64
LPKIL2844-22	GFHB52	61
LPKIL2845-22	GFHB52	79
LPKIL2846-22	GFHB52	40
LPKIL2847-22	GFHB52	50
LPKIL2848-22	GFHB52	39
LPKIL2849-22	GFHB52	67
LPKIL2850-22	GFHB52	63
LPKIL2851-22	GFHB52	43
LPKIL2852-22	GFHB52	54
LPKIL2853-22	GFHB52	63
LPKIL2854-22	GFHB52	66
LPKIL2855-22	GFHB52	57
LPKIL2856-22	GFHB52	50
LPKIL2857-22	GFHB52	62
LPKIL2858-22	GFHB52	63
LPKIL2859-22	GFHB52	71
LPKIL2860-22	GFHB52	59
LPKIL2861-22	GFHB52	31
LPKIL2862-22	GFHB52	46
LPKIL2863-22	GFHB52	60
LPKIL2864-22	GFHB52	54
LPKIL2865-22	GFHB52	66
LPKIL2866-22	GFHB52	73
LPKIL2867-22	GFHB52	43
LPKIL2868-22	GFHB52	58
LPKIL2869-22	GFHB52	61
LPKIL2870-22	GFHB52	63
LPKIL2871-22	GFHB52	37
LPKIL2872-22	GFHB52	57
LPKIL2873-22	GFHB52	41
LPKIL2874-22	GFHB52	63
LPKIL2875-22	GFHB52	56
LPKIL2876-22	GFHB52	67
LPKIL2877-22	GFHB52	62
LPKIL2878-22	GFHB52	62
LPKIL2879-22	GFHB52	61
LPKIL2880-22	GFHB52	64
LPKIL2881-22	GFHB52	54
LPKIL2882-22	GFHB52	47
LPKIL2883-22	GFHB52	19
LPKIL2884-22	GFHB52	67
LPKIL2885-22	GFHB52	56
LPKIL2886-22	GFHB52	78
LPKIL2887-22	GFHB52	25
LPKIL2888-22	GFHB52	52
LPKIL2889-22	GFHB52	71
LPKIL2890-22	GFHB52	77
LPKIL2891-22	GFHB52	88
LPKIL2892-22	GFHB52	43
LPKIL2893-22	GFHB52	48
LPKIL2894-22	GFHB52	44
LPKIL2895-22	GFHB52	45
LPKIL2896-22	GFHB52	51
LPKIL2897-22	GFHB52	68
LPKIL2898-22	GFHB52	50
LPKIL2899-22	GFHB52	60
LPKIL2900-22	GFHB52	32
LPKIL2901-22	GFHB52	53
LPKIL2902-22	GFHB52	62
LPKIL2904-22	GFHB52	45
LPKIL2905-22	GFHB52	53
LPKIL2906-22	GFHB52	54
LPKIL2907-22	GFHB52	31
LPKIL2908-22	GFHB52	71
LPKIL2909-22	GFHB52	54
LPKIL2910-22	GFHB52	70
LPKIL2911-22	GFHB52	66
LPKIL2912-22	GFHB52	66
LPKIL2913-22	GFHB52	65
LPKIL2914-22	GFHB52	49
LPKIL2915-22	GFHB52	54
LPKIL2916-22	GFHB52	83
LPKIL2917-22	GFHB52	34
LPKIL2918-22	GFHB52	50
LPKIL2919-22	GFHB52	33
LPKIL2920-22	GFHB52	56
LPKIL2921-22	GFHB52	43
LPKIL2922-22	GFHB52	48
LPKIL2923-22	GFHB52	54
LPKIL2924-22	GFHB52	66
LPKIL2925-22	GFHB52	45
LPKIL2926-22	GFHB52	58
LPKIL2927-22	GFHB52	56
LPKIL2928-22	GFHB52	59
LPKIL2929-22	GFHB52	5
LPKIL2930-22	GFHB52	49
LPKIL2931-22	GFHB52	24
LPKIL2932-22	GFHB52	51
LPKIL2933-22	GFHB52	42
LPKIL2934-22	GFHB52	48
LPKIL2935-22	GFHB52	8
LPKIL2936-22	GFHB52	53
LPKIL2937-22	GFHB52	5
LPKIL2938-22	GFHB52	62
LPKIL2939-22	GFHB52	46
LPKIL2940-22	GFHB52	3
LPKIL2941-22	GFHB52	43
LPKIL2942-22	GFHB52	59
LPKIL2943-22	GFHB52	31
LPKIL2944-22	GFHB52	12
LPKIL2945-22	GFHB52	50
LPKIL2946-22	GFHB52	37
LPKIL2947-22	GFHB52	13
LPKIL2948-22	GFHB52	44
LPKIL2949-22	GFHB52	52
LPKIL2950-22	GFHB52	35
LPKIL2952-22	GFHB52	51
LPKIL2953-22	GFHB52	28
LPKIL2954-22	GFHB52	41
LPKIL2955-22	GFHB52	52
LPKIL2956-22	GFHB52	43
LPKIL2957-22	GFHB52	32
LPKIL2958-22	GFHB52	36
LPKIL2959-22	GFHB52	6
LPKIL2960-22	GFHB52	6
LPKIL2961-22	GFHB52	12
LPKIL2962-22	GFHB52	44
LPKIL2963-22	GFHB52	34
LPKIL2964-22	GFHB52	29
LPKIL2965-22	GFHB52	4
LPKIL2966-22	GFHB52	31
LPKIL2967-22	GFHB52	41
LPKIL2968-22	GFHB52	6
LPKIL2969-22	GFHB52	31
LPKIL2970-22	GFHB52	31
LPKIL2971-22	GFHB52	24
LPKIL2973-22	GFHB52	64
LPKIL2974-22	GFHB52	41
LPKIL2975-22	GFHB52	49
LPKIL2976-22	GFHB52	42
LPKIL2977-22	GFHB52	15
LPKIL2978-22	GFHB52	29
LPKIL2979-22	GFHB52	6
LPKIL2980-22	GFHB52	18
LPKIL2981-22	GFHB52	39
LPKIL2982-22	GFHB52	32
LPKIL2983-22	GFHB52	31
LPKIL2984-22	GFHB52	59
LPKIL2985-22	GFHB52	57
LPKIL2986-22	GFHB52	75
LPKIL2987-22	GFHB52	51
LPKIL2988-22	GFHB52	5
LPKIL2989-22	GFHB52	49
LPKIL2990-22	GFHB52	52
LPKIL2991-22	GFHB52	53
LPKIL2992-22	GFHB52	35
LPKIL2993-22	GFHB52	51
LPKIL2994-22	GFHB52	46
LPKIL2995-22	GFHB52	16
LPKIL2996-22	GFHB52	35
LPKIL2997-22	GFHB52	4
LPKIL2998-22	GFHB52	41
LPKIL2999-22	GFHB52	50
LPKIL3000-22	GFHB52	42
LPKIL3001-22	GFHB52	45
LPKIL3003-22	GFHB52	51
LPKIL3004-22	GFHB52	27
LPKIL3005-22	GFHB52	37
LPKIL3006-22	GFHB52	9
LPKIL3007-22	GFHB52	38
LPKIL3008-22	GFHB52	48
LPKIL3009-22	GFHB52	73
LPKIL3010-22	GFHB52	41
LPKIL3011-22	GFHB52	47
LPKIL3012-22	GFHB52	52
LPKIL3013-22	GFHB52	58
LPKIL3014-22	GFHB52	61
LPKIL3015-22	GFHB52	41
LPKIL3016-22	GFHB52	35
LPKIL3017-22	GFHB52	51
LPKIL3018-22	GFHB52	64
LPKIL3019-22	GFHB52	52
LPKIL3020-22	GFHB52	58
LPKIL3021-22	GFHB52	51
LPKIL3022-22	GFHB52	53
LPKIL3023-22	GFHB52	48
LPKIL3024-22	GFHB52	40
LPKIL3025-22	GFHB52	52
LPKIL3026-22	GFHB52	51
LPKIL3027-22	GFHB52	39
LPKIL3028-22	GFHB52	60
LPKIL3029-22	GFHB52	52
LPKIL3030-22	GFHB52	31
LPKIL3031-22	GFHB52	39
LPKIL3032-22	GFHB52	18
LPKIL3033-22	GFHB52	39
LPKIL3034-22	GFHB52	43
LPKIL3035-22	GFHB52	43
LPKIL3036-22	GFHB52	62
LPKIL3037-22	GFHB52	65
LPKIL3038-22	GFHB52	51
LPKIL3039-22	GFHB52	62
LPKIL3040-22	GFHB52	58
LPKIL3041-22	GFHB52	62
LPKIL3042-22	GFHB52	44
LPKIL3043-22	GFHB52	60
LPKIL3044-22	GFHB52	58
LPKIL3045-22	GFHB52	20
LPKIL3046-22	GFHB52	55
LPKIL3047-22	GFHB52	57
LPKIL3048-22	GFHB52	60
LPKIL3049-22	GFHB52	52
LPKIL3050-22	GFHB52	41
LPKIL3051-22	GFHB52	42
LPKIL3052-22	GFHB52	57
LPKIL3053-22	GFHB52	45
LPKIL3054-22	GFHB52	44
LPKIL3055-22	GFHB52	41
LPKIL3056-22	GFHB52	51
LPKIL3057-22	GFHB52	66
LPKIL3058-22	GFHB52	46
LPKIL3059-22	GFHB52	53
LPKIL3060-22	GFHB52	43
LPKIL3061-22	GFHB52	44
LPKIL3062-22	GFHB52	50
LPKIL3063-22	GFHB52	59
LPKIL3064-22	GFHB52	62
LPKIL3065-22	GFHB52	48
LPKIL3066-22	GFHB52	58
LPKIL3067-22	GFHB52	57
LPKIL3068-22	GFHB52	63
LPKIL3069-22	GFHB52	42
LPKIL3070-22	GFHB52	45
LPKIL3071-22	GFHB52	49
LPKIL3072-22	GFHB52	64
LPKIL3073-22	GFHB52	66
LPKIL3074-22	GFHB52	50
LPKIL3075-22	GFHB52	48
LPKIL3076-22	GFHB52	15
LPKIL3077-22	GFHB52	53
LPKIL3078-22	GFHB52	49
LPKIL3079-22	GFHB52	66
LPKIL3080-22	GFHB52	47
LPKIL3081-22	GFHB52	50
LPKIL3082-22	GFHB52	48
LPKIL3083-22	GFHB52	60
LPKIL3084-22	GFHB52	52
LPKIL3085-22	GFHB52	38
LPKIL3086-22	GFHB52	84
LPKIL3087-22	GFHB52	53
LPKIL3088-22	GFHB52	80
LPKIL3089-22	GFHB52	6
LPKIL3090-22	GFHB52	57
LPKIL3091-22	GFHB52	38
LPKIL3092-22	GFHB52	52
LPKIL3093-22	GFHB52	79
LPKIL3094-22	GFHB52	66
LPKIL3095-22	GFHB52	62
LPKIL3096-22	GFHB52	52
LPKIL3097-22	GFHB52	51
LPKIL3098-22	GFHB52	55
LPKIL3099-22	GFHB52	50
LPKIL3100-22	GFHB52	58
LPKIL3101-22	GFHB52	55
LPKIL3102-22	GFHB52	51
LPKIL3103-22	GFHB52	85
LPKIL3104-22	GFHB52	41
LPKIL3105-22	GFHB52	23
LPKIL3107-22	GFHB52	43
LPKIL3108-22	GFHB52	21
LPKIL3109-22	GFHB52	50
LPKIL3110-22	GFHB52	45
LPKIL3111-22	GFHB52	24
LPKIL3112-22	GFHB52	37
LPKIL3113-22	GFHB52	33
LPKIL3114-22	GFHB52	62
LPKIL3115-22	GFHB52	43
LPKIL3116-22	GFHB52	52
LPKIL3117-22	GFHB52	9
LPKIL3118-22	GFHB52	19
LPKIL3119-22	GFHB52	34
LPKIL3120-22	GFHB52	36
LPKIL3121-22	GFHB52	39
LPKIL3122-22	GFHB52	33
LPKIL3123-22	GFHB52	27
LPKIL3124-22	GFHB52	37
LPKIL3125-22	GFHB52	43
LPKIL3126-22	GFHB52	4
LPKIL3127-22	GFHB52	32
LPKIL3128-22	GFHB52	53
LPKIL3129-22	GFHB52	23
LPKIL3130-22	GFHB52	16
LPKIL3131-22	GFHB52	13
LPKIL3132-22	GFHB52	39
LPKIL3133-22	GFHB52	53
LPKIL3134-22	GFHB52	47
LPKIL3135-22	GFHB52	4
LPKIL3136-22	GFHB52	29
LPKIL3137-22	GFHB52	14
LPKIL3138-22	GFHB52	56
LPKIL3139-22	GFHB52	30
LPKIL3140-22	GFHB52	48
LPKIL3141-22	GFHB52	6
LPKIL3142-22	GFHB52	42
LPKIL3143-22	GFHB52	32
LPKIL3144-22	GFHB52	3
LPKIL3145-22	GFHB52	24
LPKIL3146-22	GFHB52	45
LPKIL3147-22	GFHB52	52
LPKIL3148-22	GFHB52	3
LPKIL3149-22	GFHB52	32
LPKIL3150-22	GFHB52	8
LPKIL3151-22	GFHB52	55
LPKIL3152-22	GFHB52	44
LPKIL3153-22	GFHB52	42
LPKIL3154-22	GFHB52	47
LPKIL3155-22	GFHB52	10
LPKIL3156-22	GFHB52	46
LPKIL3157-22	GFHB52	6
LPKIL3158-22	GFHB52	50
LPKIL3159-22	GFHB52	31
LPKIL3160-22	GFHB52	34
LPKIL3161-22	GFHB52	38
LPKIL3162-22	GFHB52	48
LPKIL3163-22	GFHB52	40
LPKIL3164-22	GFHB52	45
LPKIL3165-22	GFHB52	35
LPKIL3166-22	GFHB52	40
LPKIL3167-22	GFHB52	34
LPKIL3168-22	GFHB52	31
LPKIL3169-22	GFHB52	24
LPKIL3170-22	GFHB52	40
LPKIL3171-22	GFHB52	22
LPKIL3172-22	GFHB52	41
LPKIL3173-22	GFHB52	5
LPKIL3174-22	GFHB52	6
LPKIL3175-22	GFHB52	45
LPKIL3176-22	GFHB52	63
LPKIL3177-22	GFHB52	64
LPKIL3178-22	GFHB52	25
LPKIL3179-22	GFHB52	4
LPKIL3180-22	GFHB52	38
LPKIL3181-22	GFHB52	50
LPKIL3182-22	GFHB52	45
LPKIL3183-22	GFHB52	59
LPKIL3184-22	GFHB52	35
LPKIL3185-22	GFHB52	42
LPKIL3186-22	GFHB52	50
LPKIL3187-22	GFHB52	32
LPKIL3189-22	GFHB52	47
LPKIL3190-22	GFHB52	6
LPKIL3191-22	GFHB52	52
LPKIL3192-22	GFHB52	28
LPKIL3193-22	GFHB52	29
LPKIL3194-22	GFHB52	41
LPKIL3195-22	GFHB52	28
LPKIL3196-22	GFHB52	51
LPKIL3197-22	GFHB52	22
LPKIL3198-22	GFHB52	68
LPKIL3199-22	GFHB52	60
LPKIL3200-22	GFHB52	54
LPKIL3201-22	GFHB52	57
LPKIL3202-22	GFHB52	53
LPKIL3203-22	GFHB52	50
LPKIL3204-22	GFHB52	66
LPKIL3205-22	GFHB52	55
LPKIL3207-22	GFHB52	32
LPKIL3208-22	GFHB52	38
LPKIL3209-22	GFHB52	56
LPKIL3210-22	GFHB52	46
LPKIL3211-22	GFHB52	42
LPKIL3212-22	GFHB52	45
LPKIL3213-22	GFHB52	46
LPKIL3214-22	GFHB52	51
LPKIL3215-22	GFHB52	24
LPKIL3216-22	GFHB52	34
LPKIL3217-22	GFHB52	39
LPKIL3218-22	GFHB52	38
LPKIL3219-22	GFHB52	47
LPKIL3220-22	GFHB52	51
LPKIL3221-22	GFHB52	35
LPKIL3222-22	GFHB52	58
LPKIL3223-22	GFHB52	51
LPKIL3224-22	GFHB52	58
LPKIL3225-22	GFHB52	56
LPKIL3226-22	GFHB52	49
LPKIL3227-22	GFHB52	50
LPKIL3228-22	GFHB52	69
LPKIL3229-22	GFHB52	62
LPKIL3230-22	GFHB52	54
LPKIL3231-22	GFHB52	42
LPKIL3232-22	GFHB52	62
LPKIL3233-22	GFHB52	50
LPKIL3234-22	GFHB52	28
LPKIL3235-22	GFHB52	51
LPKIL3236-22	GFHB52	41
LPKIL3237-22	GFHB52	38
LPKIL3238-22	GFHB52	45
LPKIL3239-22	GFHB52	56
LPKIL3240-22	GFHB52	33
LPKIL3241-22	GFHB52	51
LPKIL3242-22	GFHB52	57
LPKIL3243-22	GFHB52	45
LPKIL3244-22	GFHB52	45
LPKIL3245-22	GFHB52	1
LPKIL3246-22	GFHB52	6
LPKIL3247-22	GFHB52	44
LPKIL3248-22	GFHB52	60
LPKIL3249-22	GFHB52	53
LPKIL3250-22	GFHB52	54
LPKIL3251-22	GFHB52	46
LPKIL3252-22	GFHB52	24
LPKIL3253-22	GFHB52	52
LPKIL3254-22	GFHB52	53
LPKIL3255-22	GFHB52	49
LPKIL3256-22	GFHB52	40
LPKIL3257-22	GFHB52	53
LPKIL3258-22	GFHB52	54
LPKIL3259-22	GFHB52	62
LPKIL3260-22	GFHB52	67
LPKIL3261-22	GFHB52	47
LPKIL3262-22	GFHB52	42
LPKIL3263-22	GFHB52	49
LPKIL3264-22	GFHB52	70
LPKIL3265-22	GFHB52	54
LPKIL3266-22	GFHB52	34
LPKIL3267-22	GFHB52	48
LPKIL3268-22	GFHB52	54
LPKIL3269-22	GFHB52	43
LPKIL3270-22	GFHB52	68
LPKIL3271-22	GFHB52	54
LPKIL3273-22	GFHB52	51
LPKIL3274-22	GFHB52	38
LPKIL3275-22	GFHB52	52
LPKIL3276-22	GFHB52	43
LPKIL3277-22	GFHB52	52
LPKIL3278-22	GFHB52	25
LPKIL3279-22	GFHB52	60
LPKIL3280-22	GFHB52	51
LPKIL3281-22	GFHB52	68
LPKIL3282-22	GFHB52	54
LPKIL3283-22	GFHB52	43
LPKIL3284-22	GFHB52	41
LPKIL3285-22	GFHB52	45
LPKIL3286-22	GFHB52	51
LPKIL3287-22	GFHB52	53
LPKIL3288-22	GFHB52	46
LPKIL3289-22	GFHB52	62
LPKIL3290-22	GFHB52	64
LPKIL3291-22	GFHB52	54
LPKIL3292-22	GFHB52	59
LPKIL3293-22	GFHB52	30
LPKIL3294-22	GFHB52	80
LPKIL3295-22	GFHB52	58
LPKIL3296-22	GFHB52	98
LPKIL3297-22	GFHB52	63
LPKIL3298-22	GFHB52	68
LPKIL3299-22	GFHB52	109
LPKIL3300-22	GFHB52	60
LPKIL3301-22	GFHB52	60
LPKIL3302-22	GFHB52	57
LPKIL3303-22	GFHB52	74
LPKIL3304-22	GFHB52	63
LPKIL3305-22	GFHB52	76
LPKIL3306-22	GFHB52	49
LPKIL3307-22	GFHB52	75
LPKIL3308-22	GFHB52	69
LPKIL3309-22	GFHB52	8
LPKIL3310-22	GFHB52	80
LPKIL3311-22	GFHB52	64
LPKIL3312-22	GFHB52	60
LPKIL3313-22	GFHB52	63
LPKIL3314-22	GFHB52	68
LPKIL3315-22	GFHB52	64
LPKIL3316-22	GFHB52	57
LPKIL3317-22	GFHB52	82
LPKIL3318-22	GFHB52	72
LPKIL3319-22	GFHB52	51
LPKIL3320-22	GFHB52	52
LPKIL3321-22	GFHB52	79
LPKIL3322-22	GFHB52	56
LPKIL3323-22	GFHB52	65
LPKIL3324-22	GFHB52	54
LPKIL3325-22	GFHB52	75
LPKIL3326-22	GFHB52	85
LPKIL3327-22	GFHB52	81
LPKIL3328-22	GFHB52	65
LPKIL3329-22	GFHB52	62
LPKIL3330-22	GFHB52	60
LPKIL3331-22	GFHB52	57
LPKIL3332-22	GFHB52	59
LPKIL3333-22	GFHB52	69
LPKIL3334-22	GFHB52	69
LPKIL3335-22	GFHB52	69
LPKIL3336-22	GFHB52	58
LPKIL3337-22	GFHB52	68
LPKIL3338-22	GFHB52	78
LPKIL3339-22	GFHB52	46
LPKIL3340-22	GFHB52	75
LPKIL3341-22	GFHB52	65
LPKIL3342-22	GFHB52	76
LPKIL3343-22	GFHB52	67
LPKIL3344-22	GFHB52	80
LPKIL3345-22	GFHB52	50
LPKIL3346-22	GFHB52	81
LPKIL3347-22	GFHB52	82
LPKIL3348-22	GFHB52	64
LPKIL3349-22	GFHB52	59
LPKIL3350-22	GFHB52	50
LPKIL3351-22	GFHB52	80
LPKIL3352-22	GFHB52	55
LPKIL3353-22	GFHB52	57
LPKIL3354-22	GFHB52	70
LPKIL3355-22	GFHB52	54
LPKIL3356-22	GFHB52	79
LPKIL3357-22	GFHB52	73
LPKIL3358-22	GFHB52	60
LPKIL3359-22	GFHB52	48
LPKIL3360-22	GFHB52	49
LPKIL3361-22	GFHB52	63
LPKIL3362-22	GFHB52	31
LPKIL3363-22	GFHB52	30
LPKIL3364-22	GFHB52	73
LPKIL3365-22	GFHB52	80
LPKIL3366-22	GFHB52	55
LPKIL3367-22	GFHB52	54
LPKIL3368-22	GFHB52	53
LPKIL3369-22	GFHB52	64
LPKIL3370-22	GFHB52	59
LPKIL3371-22	GFHB52	81
LPKIL3372-22	GFHB52	34
LPKIL3373-22	GFHB52	68
LPKIL3374-22	GFHB52	55
LPKIL3375-22	GFHB52	70
LPKIL3376-22	GFHB52	61
LPKIL3377-22	GFHB52	68
LPKIL3378-22	GFHB52	62
LPKIL3379-22	GFHB52	59
LPKIL3380-22	GFHB52	66
LPKIL3381-22	GFHB52	5
LPKIL3382-22	GFHB52	57
LPKIL3383-22	GFHB52	17
LPKIL3384-22	GFHB52	54
LPKIL3385-22	GFHB52	43
LPKIL3386-22	GFHB52	66
LPKIL3387-22	GFHB52	63
LPKIL3388-22	GFHB52	57
LPKIL3389-22	GFHB52	62
LPKIL3390-22	GFHB52	57
LPKIL3391-22	GFHB52	71
LPKIL3392-22	GFHB52	70
LPKIL3393-22	GFHB52	55
LPKIL3394-22	GFHB52	35
LPKIL3395-22	GFHB52	69
LPKIL3396-22	GFHB52	18
LPKIL3397-22	GFHB52	46
LPKIL3398-22	GFHB52	22
LPKIL3399-22	GFHB52	55
LPKIL3400-22	GFHB52	42
LPKIL3401-22	GFHB52	52
LPKIL3402-22	GFHB52	61
LPKIL3403-22	GFHB52	60
LPKIL3404-22	GFHB52	46
LPKIL3405-22	GFHB52	58
LPKIL3406-22	GFHB52	69
LPKIL3407-22	GFHB52	48
LPKIL3408-22	GFHB52	60
LPKIL3409-22	GFHB52	53
LPKIL3410-22	GFHB52	50
LPKIL3411-22	GFHB52	19
LPKIL3412-22	GFHB52	81
LPKIL3413-22	GFHB52	43
LPKIL3414-22	GFHB52	40
LPKIL3415-22	GFHB52	66
LPKIL3416-22	GFHB52	36
LPKIL3417-22	GFHB52	31
LPKIL3418-22	GFHB52	71
LPKIL3419-22	GFHB52	70
LPKIL3420-22	GFHB52	46
LPKIL3421-22	GFHB52	61
LPKIL3422-22	GFHB52	76
LPKIL3423-22	GFHB52	50
LPKIL3424-22	GFHB52	37
LPKIL3425-22	GFHB52	45
LPKIL3426-22	GFHB52	73
LPKIL3427-22	GFHB52	64
LPKIL3428-22	GFHB52	68
LPKIL3429-22	GFHB52	68
LPKIL3430-22	GFHB52	61
LPKIL3431-22	GFHB52	60
LPKIL3432-22	GFHB52	53
LPKIL3433-22	GFHB52	60
LPKIL3434-22	GFHB52	77
LPKIL3435-22	GFHB52	75
LPKIL3436-22	GFHB52	96
LPKIL3437-22	GFHB52	70
LPKIL3438-22	GFHB52	35
LPKIL3439-22	GFHB52	79
LPKIL3440-22	GFHB52	71
LPKIL3441-22	GFHB52	25
LPKIL3442-22	GFHB52	37
LPKIL3443-22	GFHB52	44
LPKIL3444-22	GFHB52	63
LPKIL3445-22	GFHB52	69
LPKIL3446-22	GFHB52	54
LPKIL3447-22	GFHB52	31
LPKIL3448-22	GFHB52	83
LPKIL3449-22	GFHB52	38
LPKIL3450-22	GFHB52	61
LPKIL3451-22	GFHB52	68
LPKIL3452-22	GFHB52	59
LPKIL3453-22	GFHB52	61
LPKIL3454-22	GFHB52	79
LPKIL3455-22	GFHB52	75
LPKIL3456-22	GFHB52	63
LPKIL3457-22	GFHB52	82
LPKIL3458-22	GFHB52	7
LPKIL3459-22	GFHB52	45
LPKIL3460-22	GFHB52	49
LPKIL3461-22	GFHB52	79
LPKIL3462-22	GFHB52	58
LPKIL3463-22	GFHB52	28
LPKIL3464-22	GFHB52	71
LPKIL3465-22	GFHB52	63
LPKIL3466-22	GFHB52	62
LPKIL3467-22	GFHB52	68
LPKIL3468-22	GFHB52	30
LPKIL3469-22	GFHB52	46
LPKIL3470-22	GFHB52	83
LPKIL3471-22	GFHB52	38
LPKIL3472-22	GFHB52	83
LPKIL3473-22	GFHB52	78
LPKIL3474-22	GFHB52	46
LPKIL3475-22	GFHB52	81
LPKIL3476-22	GFHB52	67
LPKIL3477-22	GFHB52	62
LPKIL3478-22	GFHB52	88
LPKIL3479-22	GFHB52	94
LPKIL3480-22	GFHB52	64
LPKIL3481-22	GFHB52	67
LPKIL3482-22	GFHB52	68
LPKIL3483-22	GFHB52	51
LPKIL3484-22	GFHB52	62
LPKIL3485-22	GFHB52	72
LPKIL3486-22	GFHB52	74
LPKIL3487-22	GFHB52	64
LPKIL3488-22	GFHB52	65
LPKIL3489-22	GFHB52	4
LPKIL3490-22	GFHB52	83
LPKIL3491-22	GFHB52	53
LPKIL3492-22	GFHB52	76
LPKIL3493-22	GFHB52	77
LPKIL3494-22	GFHB52	64
LPKIL3495-22	GFHB52	65
LPKIL3496-22	GFHB52	48
LPKIL3497-22	GFHB52	68
LPKIL3498-22	GFHB52	74
LPKIL3499-22	GFHB52	69
LPKIL3500-22	GFHB52	60
LPKIL3501-22	GFHB52	64
LPKIL3502-22	GFHB52	56
LPKIL3503-22	GFHB52	66
LPKIL3504-22	GFHB52	45
LPKIL3505-22	GFHB52	59
LPKIL3506-22	GFHB52	54
LPKIL3507-22	GFHB52	62
LPKIL3508-22	GFHB52	62
LPKIL3509-22	GFHB52	58
LPKIL3510-22	GFHB52	63
LPKIL3511-22	GFHB52	65
LPKIL3512-22	GFHB52	69
LPKIL3513-22	GFHB52	57
LPKIL3514-22	GFHB52	64
LPKIL3515-22	GFHB52	54
LPKIL3516-22	GFHB52	42
LPKIL3517-22	GFHB52	57
LPKIL3518-22	GFHB52	60
LPKIL3519-22	GFHB52	54
LPKIL3520-22	GFHB52	54
LPKIL3521-22	GFHB52	73
LPKIL3522-22	GFHB52	64
LPKIL3523-22	GFHB52	60
LPKIL3524-22	GFHB52	29
LPKIL3525-22	GFHB52	61
LPKIL3526-22	GFHB52	59
LPKIL3527-22	GFHB52	46
LPKIL3528-22	GFHB52	59
LPKIL3529-22	GFHB52	55
LPKIL3530-22	GFHB52	57
LPKIL3531-22	GFHB52	80
LPKIL3532-22	GFHB52	75
LPKIL3533-22	GFHB52	63
LPKIL3534-22	GFHB52	61
LPKIL3535-22	GFHB52	80
LPKIL3536-22	GFHB52	69
LPKIL3537-22	GFHB52	46
LPKIL3538-22	GFHB52	49
LPKIL3539-22	GFHB52	76
LPKIL3540-22	GFHB52	57
LPKIL3541-22	GFHB52	68
LPKIL3542-22	GFHB52	68
LPKIL3543-22	GFHB52	80
LPKIL3544-22	GFHB52	58
LPKIL3545-22	GFHB52	60
LPKIL3546-22	GFHB52	52
LPKIL3547-22	GFHB52	65
LPKIL3548-22	GFHB52	64
LPKIL3549-22	GFHB52	53
LPKIL3550-22	GFHB52	59
LPKIL3551-22	GFHB52	56
LPKIL3552-22	GFHB52	54
LPKIL3553-22	GFHB52	3
LPKIL3554-22	GFHB52	52
LPKIL3555-22	GFHB52	58
LPKIL3556-22	GFHB52	73
LPKIL3557-22	GFHB52	76
LPKIL3558-22	GFHB52	5
LPKIL3559-22	GFHB52	95
LPKIL3560-22	GFHB52	56
LPKIL3561-22	GFHB52	12
LPKIL3562-22	GFHB52	71
LPKIL3563-22	GFHB52	67
LPKIL3564-22	GFHB52	50
LPKIL3565-22	GFHB52	75
LPKIL3566-22	GFHB52	56
LPKIL3567-22	GFHB52	74
LPKIL3568-22	GFHB52	52
LPKIL3569-22	GFHB52	61
LPKIL3570-22	GFHB52	103
LPKIL3571-22	GFHB52	55
LPKIL3572-22	GFHB52	63
LPKIL3573-22	GFHB52	57
LPKIL3574-22	GFHB52	86
LPKIL3575-22	GFHB52	63
LPKIL3576-22	GFHB52	70
LPKIL3577-22	GFHB52	64
LPKIL3578-22	GFHB52	65
LPKIL3579-22	GFHB52	51
LPKIL3580-22	GFHB52	57
LPKIL3581-22	GFHB52	56
LPKIL3582-22	GFHB52	60
LPKIL3583-22	GFHB52	44
LPKIL3584-22	GFHB52	60
LPKIL3585-22	GFHB52	56
LPKIL3586-22	GFHB52	49
LPKIL3587-22	GFHB52	29
LPKIL3588-22	GFHB52	45
LPKIL3589-22	GFHB52	61
LPKIL3590-22	GFHB52	37
LPKIL3591-22	GFHB52	60
LPKIL3592-22	GFHB52	55
LPKIL3593-22	GFHB52	54
LPKIL3594-22	GFHB52	33
LPKIL3595-22	GFHB52	48
LPKIL3596-22	GFHB52	60
LPKIL3597-22	GFHB52	42
LPKIL3598-22	GFHB52	50
LPKIL3599-22	GFHB52	37
LPKIL3600-22	GFHB52	57
LPKIL3601-22	GFHB52	71
LPKIL3602-22	GFHB52	57
LPKIL3603-22	GFHB52	49
LPKIL3604-22	GFHB52	53
LPKIL3605-22	GFHB52	49
LPKIL3606-22	GFHB52	37
LPKIL3607-22	GFHB52	55
LPKIL3608-22	GFHB52	31
LPKIL3609-22	GFHB52	22
LPKIL3610-22	GFHB52	26
LPKIL3611-22	GFHB52	30
LPKIL3613-22	GFHB52	38
LPKIL3614-22	GFHB52	56
LPKIL3615-22	GFHB52	69
LPKIL3616-22	GFHB52	60
LPKIL3617-22	GFHB52	56
LPKIL3618-22	GFHB52	35
LPKIL3619-22	GFHB52	40
LPKIL3620-22	GFHB52	61
LPKIL3621-22	GFHB52	45
LPKIL3622-22	GFHB52	56
LPKIL3623-22	GFHB52	19
LPKIL3624-22	GFHB52	46
LPKIL3625-22	GFHB52	54
LPKIL3626-22	GFHB52	48
LPKIL3627-22	GFHB52	36
LPKIL3628-22	GFHB52	48
LPKIL3629-22	GFHB52	56
LPKIL3630-22	GFHB52	58
LPKIL3631-22	GFHB52	41
LPKIL3632-22	GFHB52	34
LPKIL3633-22	GFHB52	39
LPKIL3634-22	GFHB52	50
LPKIL3635-22	GFHB52	64
LPKIL3636-22	GFHB52	58
LPKIL3637-22	GFHB52	68
LPKIL3638-22	GFHB52	62
LPKIL3639-22	GFHB52	70
LPKIL3640-22	GFHB52	42
LPKIL3641-22	GFHB52	76
LPKIL3642-22	GFHB52	3
LPKIL3643-22	GFHB52	26
LPKIL3644-22	GFHB52	38
LPKIL3645-22	GFHB52	47
LPKIL3646-22	GFHB52	48
LPKIL3647-22	GFHB52	44
LPKIL3648-22	GFHB52	48
LPKIL3649-22	GFHB52	30
LPKIL3650-22	GFHB52	61
LPKIL3651-22	GFHB52	47
LPKIL3652-22	GFHB52	59
LPKIL3653-22	GFHB52	41
LPKIL3654-22	GFHB52	40
LPKIL3655-22	GFHB52	39
LPKIL3656-22	GFHB52	47
LPKIL3657-22	GFHB52	58
LPKIL3658-22	GFHB52	46
LPKIL3659-22	GFHB52	40
LPKIL3660-22	GFHB52	51
LPKIL3661-22	GFHB52	43
LPKIL3662-22	GFHB52	47
LPKIL3663-22	GFHB52	70
LPKIL3664-22	GFHB52	55
LPKIL3666-22	GFHB52	54
LPKIL3667-22	GFHB52	42
LPKIL3668-22	GFHB52	59
LPKIL3669-22	GFHB52	72
LPKIL3670-22	GFHB52	72
LPKIL3671-22	GFHB52	63
LPKIL3672-22	GFHB52	64
LPKIL3673-22	GFHB52	54
LPKIL3674-22	GFHB52	57
LPKIL3675-22	GFHB52	60
LPKIL3676-22	GFHB52	65
LPKIL3677-22	GFHB52	56
LPKIL3678-22	GFHB52	64
LPKIL3679-22	GFHB52	62
LPKIL3680-22	GFHB52	48
LPKIL3681-22	GFHB52	62
LPKIL3682-22	GFHB52	56
LPKIL3683-22	GFHB52	65
LPKIL3684-22	GFHB52	68
LPKIL3685-22	GFHB52	57
LPKIL3686-22	GFHB52	56
LPKIL3687-22	GFHB52	71
LPKIL3688-22	GFHB52	59
LPKIL3689-22	GFHB52	48
LPKIL3690-22	GFHB52	55
LPKIL3691-22	GFHB52	61
LPKIL3692-22	GFHB52	59
LPKIL3693-22	GFHB52	46
LPKIL3694-22	GFHB52	44
LPKIL3695-22	GFHB52	51
LPKIL3696-22	GFHB52	65
LPKIL3697-22	GFHB52	48
LPKIL3698-22	GFHB52	59
LPKIL3699-22	GFHB52	66
LPKIL3700-22	GFHB52	44
LPKIL3701-22	GFHB52	73
LPKIL3702-22	GFHB52	23
LPKIL3703-22	GFHB52	58
LPKIL3704-22	GFHB52	57
LPKIL3705-22	GFHB52	69
LPKIL3706-22	GFHB52	77
LPKIL3707-22	GFHB52	58
LPKIL3708-22	GFHB52	2
LPKIL3709-22	GFHB52	59
LPKIL3710-22	GFHB52	73
LPKIL3711-22	GFHB52	64
LPKIL3712-22	GFHB52	74
LPKIL3713-22	GFHB52	41
LPKIL3714-22	GFHB52	10
LPKIL3715-22	GFHB52	56
LPKIL3716-22	GFHB52	4
LPKIL3717-22	GFHB52	64
LPKIL3718-22	GFHB52	3
LPKIL3719-22	GFHB52	64
LPKIL3720-22	GFHB52	17
LPKIL3721-22	GFHB52	64
LPKIL3722-22	GFHB52	4
LPKIL3723-22	GFHB52	49
LPKIL3724-22	GFHB52	66
LPKIL3725-22	GFHB52	55
LPKIL3726-22	GFHB52	107
LPKIL3727-22	GFHB52	73
LPKIL3728-22	GFHB52	38
LPKIL3729-22	GFHB52	69
LPKIL3730-22	GFHB52	58
LPKIL3731-22	GFHB52	54
LPKIL3732-22	GFHB52	34
LPKIL3733-22	GFHB52	57
LPKIL3734-22	GFHB52	65
LPKIL3735-22	GFHB52	54
LPKIL3736-22	GFHB52	56
LPKIL3737-22	GFHB52	62
LPKIL3738-22	GFHB52	65
LPKIL3739-22	GFHB52	78
LPKIL3740-22	GFHB52	30
LPKIL3741-22	GFHB52	66
LPKIL3742-22	GFHB52	56
LPKIL3743-22	GFHB52	51
LPKIL3744-22	GFHB52	58
LPKIL3745-22	GFHB52	58
LPKIL3746-22	GFHB52	36
LPKIL3747-22	GFHB52	66
LPKIL3748-22	GFHB52	43
LPKIL3749-22	GFHB52	11
LPKIL3750-22	GFHB52	51
LPKIL3751-22	GFHB52	46
LPKIL3752-22	GFHB52	50
LPKIL3753-22	GFHB52	36
LPKIL3755-22	GFHB52	5
LPKIL3756-22	GFHB52	48
LPKIL3757-22	GFHB52	75
LPKIL3758-22	GFHB52	51
LPKIL3759-22	GFHB52	70
LPKIL3760-22	GFHB52	60
LPKIL3763-22	GFHB52	40
LPKIL3764-22	GFHB52	5
LPKIL3765-22	GFHB52	51
LPKIL3766-22	GFHB52	44
LPKIL3767-22	GFHB52	16
LPKIL3768-22	GFHB52	50
LPKIL3769-22	GFHB52	40
LPKIL3770-22	GFHB52	31
LPKIL3771-22	GFHB52	12
LPKIL3772-22	GFHB52	49
LPKIL3773-22	GFHB52	19
LPKIL3774-22	GFHB52	38
LPKIL3775-22	GFHB52	16
LPKIL3776-22	GFHB52	6
LPKIL3777-22	GFHB52	2
LPKIL3778-22	GFHB52	20
LPKIL3780-22	GFHB52	6
LPKIL3782-22	GFHB52	8
LPKIL3785-22	GFHB52	33
LPKIL3787-22	GFHB52	7
LPKIL3789-22	GFHB52	1
LPKIL3790-22	GFHB52	24
LPKIL3791-22	GFHB52	6
LPKIL3792-22	GFHB52	18
LPKIL3793-22	GFHB52	57
LPKIL3794-22	GFHB52	37
LPKIL3795-22	GFHB52	28
LPKIL3796-22	GFHB52	31
LPKIL3797-22	GFHB52	7
LPKIL3798-22	GFHB52	9
LPKIL3799-22	GFHB52	10
LPKIL3801-22	GFHB52	10
LPKIL3802-22	GFHB52	11
LPKIL3803-22	GFHB52	3
LPKIL3804-22	GFHB52	27
LPKIL3805-22	GFHB52	22
LPKIL3806-22	GFHB52	2
LPKIL3807-22	GFHB52	50
LPKIL3808-22	GFHB52	1
LPKIL3809-22	GFHB52	3
LPKIL3810-22	GFHB52	6
LPKIL3811-22	GFHB52	6
LPKIL3814-22	GFHB52	29
LPKIL3815-22	GFHB52	24
LPKIL3816-22	GFHB52	15
LPKIL3817-22	GFHB52	32
LPKIL3818-22	GFHB52	40
LPKIL3820-22	GFHB52	53
LPKIL3821-22	GFHB52	7
LPKIL3823-22	GFHB52	5
LPKIL3824-22	GFHB52	64
LPKIL3825-22	GFHB52	2
LPKIL3826-22	GFHB52	3
LPKIL3827-22	GFHB52	31
LPKIL3828-22	GFHB52	7
LPKIL3829-22	GFHB52	9
LPKIL3830-22	GFHB52	27
LPKIL3831-22	GFHB52	5
LPKIL3832-22	GFHB52	47
LPKIL3834-22	GFHB52	6
LPKIL3835-22	GFHB52	23
LPKIL3836-22	GFHB52	85
LPKIL3837-22	GFHB52	22
LPKIL3838-22	GFHB52	21
LPKIL3839-22	GFHB52	6
LPKIL3840-22	GFHB52	1
LPKIL3841-22	GFHB52	10
LPKIL3842-22	GFHB52	18
LPKIL3843-22	GFHB52	4
LPKIL3844-22	GFHB52	3
LPKIL3845-22	GFHB52	36
LPKIL3847-22	GFHB52	41
LPKIL3848-22	GFHB52	61
LPKIL3849-22	GFHB52	16
LPKIL3850-22	GFHB52	32
LPKIL3851-22	GFHB52	45
LPKIL3852-22	GFHB52	71
LPKIL3853-22	GFHB52	9
LPKIL3854-22	GFHB52	52
LPKIL3855-22	GFHB52	46
LPKIL3856-22	GFHB52	33
LPKIL3857-22	GFHB52	36
LPKIL3858-22	GFHB52	6
LPKIL3859-22	GFHB52	26
LPKIL3860-22	GFHB52	6
LPKIL3861-22	GFHB52	1
LPKIL3862-22	GFHB52	46
LPKIL3863-22	GFHB52	11
LPSHB001-22	GGNFB7	67
LPSHB002-22	GGNFB7	52
LPSHB003-22	GGNFB7	66
LPSHB004-22	GGNFB7	54
LPSHB005-22	GGNFB7	54
LPSHB006-22	GGNFB7	65
LPSHB007-22	GGNFB7	61
LPSHB008-22	GGNFB7	49
LPSHB009-22	GGNFB7	70
LPSHB010-22	GGNFB7	68
LPSHB011-22	GGNFB7	44
LPSHB012-22	GGNFB7	62
LPSHB013-22	GGNFB7	81
LPSHB014-22	GGNFB7	43
LPSHB015-22	GGNFB7	52
LPSHB016-22	GGNFB7	10
LPSHB017-22	GGNFB7	10
LPSHB018-22	GGNFB7	39
LPSHB019-22	GGNFB7	46
LPSHB020-22	GGNFB7	9
LPSHB021-22	GGNFB7	7
LPSHB022-22	GGNFB7	32
LPSHB023-22	GGNFB7	29
LPSHB024-22	GGNFB7	25
LPSHB025-22	GGNFB7	62
LPSHB026-22	GGNFB7	57
LPSHB027-22	GGNFB7	47
LPSHB028-22	GGNFB7	67
LPSHB029-22	GGNFB7	8
LPSHB031-22	GGNFB7	80
LPSHB032-22	GGNFB7	53
LPSHB033-22	GGNFB7	50
LPSHB034-22	GGNFB7	57
LPSHB035-22	GGNFB7	72
LPSHB036-22	GGNFB7	5
LPSHB037-22	GGNFB7	13
LPSHB038-22	GGNFB7	29
LPSHB039-22	GGNFB7	55
LPSHB040-22	GGNFB7	9
LPSHB041-22	GGNFB7	52
LPSHB042-22	GGNFB7	45
LPSHB043-22	GGNFB7	83
LPSHB044-22	GGNFB7	37
LPSHB045-22	GGNFB7	51
LPSHB046-22	GGNFB7	17
LPSHB047-22	GGNFB7	83
LPSHB048-22	GGNFB7	57
LPSHB049-22	GGNFB7	11
LPSHB050-22	GGNFB7	6
LPSHB051-22	GGNFB7	63
LPSHB052-22	GGNFB7	9
LPSHB053-22	GGNFB7	74
LPSHB055-22	GGNFB7	66
LPSHB056-22	GGNFB7	70
LPSHB057-22	GGNFB7	85
LPSHB058-22	GGNFB7	14
LPSHB059-22	GGNFB7	8
LPSHB060-22	GGNFB7	51
LPSHB061-22	GGNFB7	43
LPSHB062-22	GGNFB7	74
LPSHB063-22	GGNFB7	52
LPSHB064-22	GGNFB7	58
LPSHB065-22	GGNFB7	12
LPSHB066-22	GGNFB7	68
LPSHB067-22	GGNFB7	58
LPSHB068-22	GGNFB7	62
LPSHB069-22	GGNFB7	67
LPSHB070-22	GGNFB7	50
LPSHB071-22	GGNFB7	49
LPSHB072-22	GGNFB7	66
LPSHB073-22	GGNFB7	56
LPSHB074-22	GGNFB7	48
LPSHB075-22	GGNFB7	67
LPSHB076-22	GGNFB7	73
LPSHB077-22	GGNFB7	14
LPSHB078-22	GGNFB7	5
LPSHB079-22	GGNFB7	65
LPSHB080-22	GGNFB7	77
LPSHB081-22	GGNFB7	54
LPSHB082-22	GGNFB7	89
LPSHB083-22	GGNFB7	26
LPSHB084-22	GGNFB7	46
LPSHB085-22	GGNFB7	41
LPSHB086-22	GGNFB7	49
LPSHB087-22	GGNFB7	52
LPSHB088-22	GGNFB7	49
LPSHB089-22	GGNFB7	77
LPSHB090-22	GGNFB7	77
LPSHB091-22	GGNFB7	10
LPSHB092-22	GGNFB7	59
LPSHB093-22	GGNFB7	40
LPSHB094-22	GGNFB7	57
LPSHB095-22	GGNFB7	56
LPSHB096-22	GGNFB7	43
LPSHB097-22	GGNFB7	44
LPSHB098-22	GGNFB7	60
LPSHB099-22	GGNFB7	58
LPSHB100-22	GGNFB7	8
LPSHB101-22	GGNFB7	66
LPSHB102-22	GGNFB7	25
LPSHB103-22	GGNFB7	94
LPSHB104-22	GGNFB7	46
LPSHB105-22	GGNFB7	64
LPSHB106-22	GGNFB7	65
LPSHB107-22	GGNFB7	30
LPSHB108-22	GGNFB7	73
LPSHB109-22	GGNFB7	32
LPSHB110-22	GGNFB7	53
LPSHB111-22	GGNFB7	19
LPSHB112-22	GGNFB7	62
LPSHB113-22	GGNFB7	41
LPSHB114-22	GGNFB7	49
LPSHB115-22	GGNFB7	63
LPSHB116-22	GGNFB7	63
LPSHB117-22	GGNFB7	39
LPSHB118-22	GGNFB7	61
LPSHB119-22	GGNFB7	50
LPSHB120-22	GGNFB7	56
LPSHB121-22	GGNFB7	46
LPSHB122-22	GGNFB7	47
LPSHB123-22	GGNFB7	36
LPSHB124-22	GGNFB7	63
LPSHB125-22	GGNFB7	71
LPSHB126-22	GGNFB7	37
LPSHB127-22	GGNFB7	83
LPSHB128-22	GGNFB7	64
LPSHB129-22	GGNFB7	55
LPSHB130-22	GGNFB7	14
LPSHB131-22	GGNFB7	46
LPSHB132-22	GGNFB7	29
LPSHB133-22	GGNFB7	32
LPSHB134-22	GGNFB7	51
LPSHB135-22	GGNFB7	68
LPSHB136-22	GGNFB7	62
LPSHB137-22	GGNFB7	50
LPSHB138-22	GGNFB7	64
LPSHB139-22	GGNFB7	16
LPSHB140-22	GGNFB7	57
LPSHB141-22	GGNFB7	6
LPSHB142-22	GGNFB7	50
LPSHB143-22	GGNFB7	61
LPSHB144-22	GGNFB7	53
LPSHB145-22	GGNFB7	55
LPSHB146-22	GGNFB7	63
LPSHB147-22	GGNFB7	18
LPSHB148-22	GGNFB7	36
LPSHB149-22	GGNFB7	25
LPSHB150-22	GGNFB7	38
LPSHB151-22	GGNFB7	57
LPSHB152-22	GGNFB7	16
LPSHB153-22	GGNFB7	63
LPSHB154-22	GGNFB7	16
LPSHB155-22	GGNFB7	27
LPSHB156-22	GGNFB7	38
LPSHB157-22	GGNFB7	64
LPSHB158-22	GGNFB7	36
LPSHB159-22	GGNFB7	63
LPSHB160-22	GGNFB7	15
LPSHB161-22	GGNFB7	53
LPSHB162-22	GGNFB7	48
LPSHB163-22	GGNFB7	48
LPSHB164-22	GGNFB7	40
LPSHB165-22	GGNFB7	24
LPSHB166-22	GGNFB7	9
LPSHB167-22	GGNFB7	22
LPSHB168-22	GGNFB7	19
LPSHB169-22	GGNFB7	44
LPSHB170-22	GGNFB7	27
LPSHB171-22	GGNFB7	49
LPSHB172-22	GGNFB7	64
LPSHB173-22	GGNFB7	24
LPSHB174-22	GGNFB7	54
LPSHB175-22	GGNFB7	47
LPSHB176-22	GGNFB7	2
LPSHB177-22	GGNFB7	57
LPSHB178-22	GGNFB7	63
LPSHB179-22	GGNFB7	55
LPSHB180-22	GGNFB7	30
LPSHB181-22	GGNFB7	55
LPSHB182-22	GGNFB7	65
LPSHB183-22	GGNFB7	27
LPSHB184-22	GGNFB7	5
LPSHB185-22	GGNFB7	68
LPSHB186-22	GGNFB7	8
LPSHB187-22	GGNFB7	60
LPSHB188-22	GGNFB7	42
LPSHB189-22	GGNFB7	12
LPSHB190-22	GGNFB7	68
LPSHB191-22	GGNFB7	5
LPSHB192-22	GGNFB7	36
LPSHB193-22	GGNFB7	46
LPSHB194-22	GGNFB7	40
LPSHB195-22	GGNFB7	76
LPSHB196-22	GGNFB7	54
LPSHB197-22	GGNFB7	17
LPSHB198-22	GGNFB7	36
LPSHB199-22	GGNFB7	12
LPSHB200-22	GGNFB7	58
LPSHB201-22	GGNFB7	69
LPSHB202-22	GGNFB7	68
LPSHB203-22	GGNFB7	36
LPSHB204-22	GGNFB7	29
LPSHB205-22	GGNFB7	30
LPSHB206-22	GGNFB7	7
LPSHB207-22	GGNFB7	65
LPSHB208-22	GGNFB7	1
LPSHB209-22	GGNFB7	69
LPSHB210-22	GGNFB7	49
LPSHB211-22	GGNFB7	67
LPSHB212-22	GGNFB7	29
LPSHB213-22	GGNFB7	33
LPSHB214-22	GGNFB7	39
LPSHB216-22	GGNFB7	19
LPSHB217-22	GGNFB7	22
LPSHB218-22	GGNFB7	64
LPSHB219-22	GGNFB7	86
LPSHB221-22	GGNFB7	50
LPSHB222-22	GGNFB7	31
LPSHB223-22	GGNFB7	56
LPSHB224-22	GGNFB7	36
LPSHB225-22	GGNFB7	55
LPSHB226-22	GGNFB7	8
LPSHB227-22	GGNFB7	30
LPSHB228-22	GGNFB7	73
LPSHB229-22	GGNFB7	51
LPSHB230-22	GGNFB7	50
LPSHB231-22	GGNFB7	72
LPSHB232-22	GGNFB7	1
LPSHB233-22	GGNFB7	5
LPSHB234-22	GGNFB7	55
LPSHB235-22	GGNFB7	59
LPSHB236-22	GGNFB7	75
LPSHB237-22	GGNFB7	40
LPSHB238-22	GGNFB7	72
LPSHB239-22	GGNFB7	68
LPSHB240-22	GGNFB7	57
LPSHB241-22	GGNFB7	68
LPSHB242-22	GGNFB7	70
LPSHB243-22	GGNFB7	42
LPSHB244-22	GGNFB7	23
LPSHB245-22	GGNFB7	69
LPSHB246-22	GGNFB7	29
LPSHB247-22	GGNFB7	14
LPSHB248-22	GGNFB7	5
LPSHB249-22	GGNFB7	39
LPSHB250-22	GGNFB7	23
LPSHB251-22	GGNFB7	49
LPSHB252-22	GGNFB7	56
LPSHB253-22	GGNFB7	60
LPSHB254-22	GGNFB7	68
LPSHB255-22	GGNFB7	16
LPSHB256-22	GGNFB7	41
LPSHB257-22	GGNFB7	72
LPSHB258-22	GGNFB7	49
LPSHB259-22	GGNFB7	30
LPSHB260-22	GGNFB7	30
LPSHB261-22	GGNFB7	48
LPSHB262-22	GGNFB7	8
LPSHB263-22	GGNFB7	55
LPSHB264-22	GGNFB7	46
LPSHB265-22	GGNFB7	26
LPSHB266-22	GGNFB7	5
LPSHB267-22	GGNFB7	43
LPSHB268-22	GGNFB7	35
LPSHB269-22	GGNFB7	34
LPSHB270-22	GGNFB7	39
LPSHB271-22	GGNFB7	73
LPSHB272-22	GGNFB7	76
LPSHB273-22	GGNFB7	28
LPSHB274-22	GGNFB7	20
LPSHB275-22	GGNFB7	53
LPSHB276-22	GGNFB7	54
LPSHB277-22	GGNFB7	62
LPSHB278-22	GGNFB7	15
LPSHB279-22	GGNFB7	31
LPSHB280-22	GGNFB7	56
LPSHB281-22	GGNFB7	75
LPSHB282-22	GGNFB7	18
LPSHB283-22	GGNFB7	66
LPSHB284-22	GGNFB7	66
LPSHB285-22	GGNFB7	51
LPSHB286-22	GGNFB7	35
LPSHB287-22	GGNFB7	88
LPSHB288-22	GGNFB7	53
LPSHB289-22	GGNFB7	48
LPSHB290-22	GGNFB7	9
LPSHB291-22	GGNFB7	62
LPSHB292-22	GGNFB7	62
LPSHB293-22	GGNFB7	56
LPSHB294-22	GGNFB7	36
LPSHB295-22	GGNFB7	56
LPSHB296-22	GGNFB7	42
LPSHB297-22	GGNFB7	6
LPSHB298-22	GGNFB7	25
LPSHB299-22	GGNFB7	66
LPSHB300-22	GGNFB7	33
LPSHB301-22	GGNFB7	67
LPSHB302-22	GGNFB7	50
LPSHB303-22	GGNFB7	75
LPSHB304-22	GGNFB7	30
LPSHB305-22	GGNFB7	9
LPSHB306-22	GGNFB7	17
LPSHB307-22	GGNFB7	35
LPSHB308-22	GGNFB7	10
LPSHB309-22	GGNFB7	26
LPSHB310-22	GGNFB7	55
LPSHB311-22	GGNFB7	36
LPSHB313-22	GGNFB7	12
LPSHB314-22	GGNFB7	74
LPSHB315-22	GGNFB7	14
LPSHB316-22	GGNFB7	14
LPSHB317-22	GGNFB7	42
LPSHB318-22	GGNFB7	54
LPSHB319-22	GGNFB7	27
LPSHB320-22	GGNFB7	87
LPSHB321-22	GGNFB7	44
LPSHB322-22	GGNFB7	59
LPSHB323-22	GGNFB7	69
LPSHB324-22	GGNFB7	67
LPSHB325-22	GGNFB7	55
LPSHB326-22	GGNFB7	94
LPSHB327-22	GGNFB7	23
LPSHB328-22	GGNFB7	19
LPSHB329-22	GGNFB7	4
LPSHB330-22	GGNFB7	46
LPSHB331-22	GGNFB7	72
LPSHB332-22	GGNFB7	52
LPSHB333-22	GGNFB7	55
LPSHB334-22	GGNFB7	4
LPSHB335-22	GGNFB7	59
LPSHB336-22	GGNFB7	55
LPSHB337-22	GGNFB7	50
LPSHB338-22	GGNFB7	57
LPSHB339-22	GGNFB7	9
LPSHB340-22	GGNFB7	37
LPSHB341-22	GGNFB7	37
LPSHB342-22	GGNFB7	35
LPSHB343-22	GGNFB7	39
LPSHB344-22	GGNFB7	37
LPSHB345-22	GGNFB7	60
LPSHB346-22	GGNFB7	51
LPSHB347-22	GGNFB7	65
LPSHB348-22	GGNFB7	21
LPSHB349-22	GGNFB7	24
LPSHB350-22	GGNFB7	69
LPSHB351-22	GGNFB7	13
LPSHB352-22	GGNFB7	61
LPSHB353-22	GGNFB7	43
LPSHB354-22	GGNFB7	5
LPSHB355-22	GGNFB7	14
LPSHB356-22	GGNFB7	5
LPSHB357-22	GGNFB7	9
LPSHB359-22	GGNFB7	9
LPSHB360-22	GGNFB7	8
LPSHB361-22	GGNFB7	67
LPSHB363-22	GGNFB7	5
LPSHB364-22	GGNFB7	8
LPSHB365-22	GGNFB7	61
LPSHB366-22	GGNFB7	30
LPSHB367-22	GGNFB7	36
LPSHB368-22	GGNFB7	63
LPSHB369-22	GGNFB7	54
LPSHB370-22	GGNFB7	4
LPSHB371-22	GGNFB7	45
LPSHB372-22	GGNFB7	25
LPSHB373-22	GGNFB7	32
LPSHB374-22	GGNFB7	1
LPSHB375-22	GGNFB7	29
LPSHB376-22	GGNFB7	23
LPSHB377-22	GGNFB7	54
LPSHB378-22	GGNFB7	75
LPSHB379-22	GGNFB7	70
LPSHB380-22	GGNFB7	65
LPSHB381-22	GGNFB7	88
LPSHB382-22	GGNFB7	25
LPSHB383-22	GGNFB7	55
LPSHB384-22	GGNFB7	49
LPSHB385-22	GGNFB7	26
LPSHB386-22	GGNFB7	1
LPSHB387-22	GGNFB7	22
LPSHB388-22	GGNFB7	53
LPSHB389-22	GGNFB7	47
LPSHB390-22	GGNFB7	55
LPSHB391-22	GGNFB7	52
LPSHB392-22	GGNFB7	49
LPSHB393-22	GGNFB7	41
LPSHB394-22	GGNFB7	37
LPSHB395-22	GGNFB7	38
LPSHB396-22	GGNFB7	13
LPSHB397-22	GGNFB7	40
LPSHB399-22	GGNFB7	64
LPSHB400-22	GGNFB7	6
LPSHB401-22	GGNFB7	46
LPSHB402-22	GGNFB7	21
LPSHB403-22	GGNFB7	44
LPSHB404-22	GGNFB7	11
LPSHB405-22	GGNFB7	2
LPSHB406-22	GGNFB7	51
LPSHB407-22	GGNFB7	32
LPSHB408-22	GGNFB7	30
LPSHB409-22	GGNFB7	6
LPSHB411-22	GGNFB7	1
LPSHB412-22	GGNFB7	38
LPSHB413-22	GGNFB7	34
LPSHB414-22	GGNFB7	36
LPSHB415-22	GGNFB7	22
LPSHB416-22	GGNFB7	73
LPSHB417-22	GGNFB7	59
LPSHB418-22	GGNFB7	50
LPSHB419-22	GGNFB7	62
LPSHB420-22	GGNFB7	42
LPSHB421-22	GGNFB7	29
LPSHB423-22	GGNFB7	31
LPSHB424-22	GGNFB7	43
LPSHB425-22	GGNFB7	9
LPSHB426-22	GGNFB7	42
LPSHB427-22	GGNFB7	6
LPSHB428-22	GGNFB7	35
LPSHB429-22	GGNFB7	41
LPSHB430-22	GGNFB7	17
LPSHB431-22	GGNFB7	56
LPSHB432-22	GGNFB7	11
LPSHB433-22	GGNFB7	36
LPSHB434-22	GGNFB7	55
LPSHB435-22	GGNFB7	29
LPSHB436-22	GGNFB7	38
LPSHB437-22	GGNFB7	45
LPSHB438-22	GGNFB7	6
LPSHB439-22	GGNFB7	18
LPSHB440-22	GGNFB7	55
LPSHB441-22	GGNFB7	27
LPSHB442-22	GGNFB7	44
LPSHB443-22	GGNFB7	58
LPSHB445-22	GGNFB7	39
LPSHB446-22	GGNFB7	24
LPSHB447-22	GGNFB7	49
LPSHB448-22	GGNFB7	21
LPSHB449-22	GGNFB7	19
LPSHB450-22	GGNFB7	17
LPSHB451-22	GGNFB7	52
LPSHB452-22	GGNFB7	50
LPSHB453-22	GGNFB7	16
LPSHB454-22	GGNFB7	9
LPSHB455-22	GGNFB7	55
LPSHB456-22	GGNFB7	28
LPSHB457-22	GGNFB7	17
LPSHB458-22	GGNFB7	53
LPSHB459-22	GGNFB7	27
LPSHB460-22	GGNFB7	14
LPSHB461-22	GGNFB7	8
LPSHB462-22	GGNFB7	42
LPSHB463-22	GGNFB7	11
LPSHB464-22	GGNFB7	47
LPSHB465-22	GGNFB7	31
LPSHB466-22	GGNFB7	14
LPSHB467-22	GGNFB7	31
LPSHB468-22	GGNFB7	8
LPSHB469-22	GGNFB7	10
LPSHB470-22	GGNFB7	40
LPSHB471-22	GGNFB7	13
LPSHB472-22	GGNFB7	12
LPSHB473-22	GGNFB7	60
LPSHB474-22	GGNFB7	18
LPSHB475-22	GGNFB7	17
LPSHB476-22	GGNFB7	39
LPSHB477-22	GGNFB7	24
LPSHB478-22	GGNFB7	38
LPSHB480-22	GGNFB7	41
LPSHB481-22	GGNFB7	39
LPSHB482-22	GGNFB7	5
LPSHB485-22	GGNFB7	35
LPSHB486-22	GGNFB7	33
LPSHB488-22	GGNFB7	54
LPSHB489-22	GGNFB7	12
LPSHB490-22	GGNFB7	7
LPSHB491-22	GGNFB7	9
LPSHB492-22	GGNFB7	7
LPSHB495-22	GGNFB7	24
LPSHB496-22	GGNFB7	7
LPSHB497-22	GGNFB7	13
LPSHB498-22	GGNFB7	6
LPSHB499-22	GGNFB7	10
LPSHB500-22	GGNFB7	9
LPSHB501-22	GGNFB7	6
LPSHB502-22	GGNFB7	7
LPSHB503-22	GGNFB7	12
LPSHB504-22	GGNFB7	18
LPSHB505-22	GGNFB7	17
LPSHB506-22	GGNFB7	12
LPSHB507-22	GGNFB7	8
LPSHB508-22	GGNFB7	13
LPSHB509-22	GGNFB7	9
LPSHB510-22	GGNFB7	16
LPSHB511-22	GGNFB7	9
LPSHB512-22	GGNFB7	5
LPSHB513-22	GGNFB7	9
LPSHB514-22	GGNFB7	9
LPSHB515-22	GGNFB7	11
LPSHB516-22	GGNFB7	6
LPSHB517-22	GGNFB7	9
LPSHB518-22	GGNFB7	6
LPSHB520-22	GGNFB7	8
LPSHB521-22	GGNFB7	5
LPSHB522-22	GGNFB7	9
LPSHB523-22	GGNFB7	14
LPSHB524-22	GGNFB7	8
LPSHB526-22	GGNFB7	9
LPSHB528-22	GGNFB7	9
LPSHB529-22	GGNFB7	13
LPSHB530-22	GGNFB7	21
LPSHB531-22	GGNFB7	6
LPSHB532-22	GGNFB7	28
LPSHB533-22	GGNFB7	12
LPSHB534-22	GGNFB7	22
LPSHB537-22	GGNFB7	59
LPSHB538-22	GGNFB7	45
LPSHB539-22	GGNFB7	56
LPSHB540-22	GGNFB7	66
LPSHB541-22	GGNFB7	50
LPSHB542-22	GGNFB7	58
LPSHB543-22	GGNFB7	45
LPSHB544-22	GGNFB7	13
LPSHB545-22	GGNFB7	10
LPSHB546-22	GGNFB7	26
LPSHB547-22	GGNFB7	49
LPSHB548-22	GGNFB7	19
LPSHB549-22	GGNFB7	36
LPSHB550-22	GGNFB7	47
LPSHB551-22	GGNFB7	6
LPSHB553-22	GGNFB7	42
LPSHB554-22	GGNFB7	12
LPSHB555-22	GGNFB7	61
LPSHB556-22	GGNFB7	45
LPSHB557-22	GGNFB7	55
LPSHB558-22	GGNFB7	53
LPSHB559-22	GGNFB7	40
LPSHB560-22	GGNFB7	55
LPSHB561-22	GGNFB7	51
LPSHB562-22	GGNFB7	54
LPSHB563-22	GGNFB7	66
LPSHB564-22	GGNFB7	50
LPSHB565-22	GGNFB7	31
LPSHB566-22	GGNFB7	37
LPSHB567-22	GGNFB7	46
LPSHB568-22	GGNFB7	54
LPSHB569-22	GGNFB7	45
LPSHB570-22	GGNFB7	11
LPSHB571-22	GGNFB7	72
LPSHB572-22	GGNFB7	51
LPSHB573-22	GGNFB7	46
LPSHB574-22	GGNFB7	51
LPSHB575-22	GGNFB7	13
LPSHB576-22	GGNFB7	52
LPSHB577-22	GGNFB7	63
LPSHB578-22	GGNFB7	47
LPSHB579-22	GGNFB7	14
LPSHB580-22	GGNFB7	43
LPSHB581-22	GGNFB7	51
LPSHB582-22	GGNFB7	41
LPSHB583-22	GGNFB7	38
LPSHB584-22	GGNFB7	9
LPSHB585-22	GGNFB7	31
LPSHB586-22	GGNFB7	37
LPSHB587-22	GGNFB7	16
LPSHB588-22	GGNFB7	40
LPSHB589-22	GGNFB7	56
LPSHB590-22	GGNFB7	62
LPSHB591-22	GGNFB7	51
LPSHB592-22	GGNFB7	58
LPSHB593-22	GGNFB7	59
LPSHB594-22	GGNFB7	54
LPSHB595-22	GGNFB7	38
LPSHB596-22	GGNFB7	41
LPSHB597-22	GGNFB7	15
LPSHB598-22	GGNFB7	49
LPSHB599-22	GGNFB7	47
LPSHB600-22	GGNFB7	57
LPSHB601-22	GGNFB7	39
LPSHB602-22	GGNFB7	60
LPSHB603-22	GGNFB7	41
LPSHB604-22	GGNFB7	42
LPSHB605-22	GGNFB7	54
LPSHB606-22	GGNFB7	58
LPSHB607-22	GGNFB7	58
LPSHB608-22	GGNFB7	54
LPSHB609-22	GGNFB7	59
LPSHB610-22	GGNFB7	40
LPSHB611-22	GGNFB7	24
LPSHB612-22	GGNFB7	36
LPSHB613-22	GGNFB7	68
LPSHB614-22	GGNFB7	28
LPSHB615-22	GGNFB7	61
LPSHB616-22	GGNFB7	54
LPSHB617-22	GGNFB7	26
LPSHB618-22	GGNFB7	55
LPSHB619-22	GGNFB7	8
LPSHB620-22	GGNFB7	24
LPSHB621-22	GGNFB7	58
LPSHB622-22	GGNFB7	27
LPSHB623-22	GGNFB7	46
LPSHB624-22	GGNFB7	4
LPSHB625-22	GGNFB7	57
LPSHB626-22	GGNFB7	37
LPSHB627-22	GGNFB7	26
LPSHB628-22	GGNFB7	47
LPSHB629-22	GGNFB7	51
LPSHB630-22	GGNFB7	54
LPSHB631-22	GGNFB7	31
LPSHB632-22	GGNFB7	54
LPSHB633-22	GGNFB7	52
LPSHB634-22	GGNFB7	1
LPSHB635-22	GGNFB7	47
LPSHB636-22	GGNFB7	57
LPSHB637-22	GGNFB7	44
LPSHB638-22	GGNFB7	9
LPSHB639-22	GGNFB7	56
LPSHB640-22	GGNFB7	50
LPSHB641-22	GGNFB7	53
LPSHB642-22	GGNFB7	31
LPSHB643-22	GGNFB7	35
LPSHB644-22	GGNFB7	46
LPSHB645-22	GGNFB7	44
LPSHB646-22	GGNFB7	72
LPSHB647-22	GGNFB7	5
LPSHB648-22	GGNFB7	51
LPSHB649-22	GGNFB7	26
LPSHB650-22	GGNFB7	47
LPSHB651-22	GGNFB7	51
LPSHB652-22	GGNFB7	57
LPSHB653-22	GGNFB7	40
LPSHB654-22	GGNFB7	50
LPSHB655-22	GGNFB7	74
LPSHB656-22	GGNFB7	44
LPSHB657-22	GGNFB7	69
LPSHB658-22	GGNFB7	49
LPSHB659-22	GGNFB7	36
LPSHB660-22	GGNFB7	10
LPSHB661-22	GGNFB7	47
LPSHB662-22	GGNFB7	55
LPSHB663-22	GGNFB7	46
LPSHB664-22	GGNFB7	29
LPSHB665-22	GGNFB7	45
LPSHB666-22	GGNFB7	64
LPSHB667-22	GGNFB7	14
LPSHB668-22	GGNFB7	44
LPSHB669-22	GGNFB7	45
LPSHB670-22	GGNFB7	12
LPSHB671-22	GGNFB7	39
LPSHB672-22	GGNFB7	10
LPSHB673-22	GGNFB7	38
LPSHB674-22	GGNFB7	42
LPSHB675-22	GGNFB7	36
LPSHB676-22	GGNFB7	40
LPSHB677-22	GGNFB7	36
LPSHB678-22	GGNFB7	10
LPSHB679-22	GGNFB7	19
LPSHB680-22	GGNFB7	8
LPSHB681-22	GGNFB7	58
LPSHB682-22	GGNFB7	50
LPSHB683-22	GGNFB7	28
LPSHB684-22	GGNFB7	39
LPSHB685-22	GGNFB7	55
LPSHB686-22	GGNFB7	16
LPSHB687-22	GGNFB7	8
LPSHB688-22	GGNFB7	52
LPSHB689-22	GGNFB7	67
LPSHB690-22	GGNFB7	53
LPSHB691-22	GGNFB7	49
LPSHB692-22	GGNFB7	48
LPSHB693-22	GGNFB7	33
LPSHB694-22	GGNFB7	30
LPSHB695-22	GGNFB7	38
LPSHB696-22	GGNFB7	41
LPSHB697-22	GGNFB7	22
LPSHB698-22	GGNFB7	59
LPSHB699-22	GGNFB7	56
LPSHB700-22	GGNFB7	37
LPSHB701-22	GGNFB7	38
LPSHB702-22	GGNFB7	37
LPSHB703-22	GGNFB7	46
LPSHB704-22	GGNFB7	41
LPSHB705-22	GGNFB7	55
LPSHB706-22	GGNFB7	45
LPSHB707-22	GGNFB7	7
LPSHB708-22	GGNFB7	14
LPSHB709-22	GGNFB7	43
LPSHB710-22	GGNFB7	13
LPSHB711-22	GGNFB7	12
LPSHB712-22	GGNFB7	20
LPSHB713-22	GGNFB7	21
LPSHB714-22	GGNFB7	16
LPSHB715-22	GGNFB7	22
LPSHB716-22	GGNFB7	11
LPSHB717-22	GGNFB7	25
LPSHB719-22	GGNFB7	51
LPSHB720-22	GGNFB7	32
LPSHB721-22	GGNFB7	9
LPSHB722-22	GGNFB7	36
LPSHB723-22	GGNFB7	13
LPSHB724-22	GGNFB7	19
LPSHB725-22	GGNFB7	45
LPSHB726-22	GGNFB7	9
LPSHB727-22	GGNFB7	46
LPSHB728-22	GGNFB7	20
LPSHB729-22	GGNFB7	1
LPSHB730-22	GGNFB7	68
LPUAA1000-22	GC1X7F	51
LPUAA1001-22	GC1X7F	31
LPUAA1002-22	GC1X7F	53
LPUAA1003-22	GC1X7F	49
LPUAA1004-22	GC1X7F	54
LPUAA1005-22	GC1X7F	81
LPUAA1006-22	GC1X7F	70
LPUAA1007-22	GC1X7F	42
LPUAA1008-22	GC1X7F	64
LPUAA1009-22	GC1X7F	7
LPUAA1010-22	GC1X7F	26
LPUAA1011-22	GC1X7F	55
LPUAA1012-22	GC1X7F	5
LPUAA1013-22	GC1X7F	56
LPUAA1014-22	GC1X7F	42
LPUAA1015-22	GC1X7F	59
LPUAA1016-22	GC1X7F	40
LPUAA1017-22	GC1X7F	61
LPUAA1018-22	GC1X7F	44
LPUAA1019-22	GC1X7F	42
LPUAA1020-22	GC1X7F	20
LPUAA1021-22	GC1X7F	6
LPUAA1022-22	GC1X7F	64
LPUAA1023-22	GC1X7F	58
LPUAA1024-22	GC1X7F	69
LPUAA1025-22	GC1X7F	72
LPUAA1026-22	GC1X7F	6
LPUAA1027-22	GC1X7F	33
LPUAA1028-22	GC1X7F	43
LPUAA1029-22	GC1X7F	12
LPUAA1030-22	GC1X7F	43
LPUAA1031-22	GC1X7F	41
LPUAA1032-22	GC1X7F	49
LPUAA1033-22	GC1X7F	11
LPUAA1034-22	GC1X7F	66
LPUAA1035-22	GC1X7F	37
LPUAA1036-22	GC1X7F	27
LPUAA1037-22	GC1X7F	43
LPUAA1038-22	GC1X7F	66
LPUAA1039-22	GC1X7F	40
LPUAA1040-22	GC1X7F	30
LPUAA1041-22	GC1X7F	3
LPUAA1042-22	GC1X7F	64
LPUAA1043-22	GC1X7F	21
LPUAA1044-22	GC1X7F	50
LPUAA1045-22	GC1X7F	57
LPUAA1046-22	GC1X7F	49
LPUAA1047-22	GC1X7F	54
LPUAA1048-22	GC1X7F	63
LPUAA1049-22	GC1X7F	55
LPUAA1050-22	GC1X7F	69
LPUAA1051-22	GC1X7F	60
LPUAA1052-22	GC1X7F	72
LPUAA1053-22	GC1X7F	72
LPUAA1054-22	GC1X7F	72
LPUAA1055-22	GC1X7F	66
LPUAA1056-22	GC1X7F	63
LPUAA1057-22	GC1X7F	46
LPUAA1058-22	GC1X7F	45
LPUAA1059-22	GC1X7F	39
LPUAA1060-22	GC1X7F	51
LPUAA1061-22	GC1X7F	60
LPUAA1062-22	GC1X7F	74
LPUAA1063-22	GC1X7F	53
LPUAA1064-22	GC1X7F	51
LPUAA1065-22	GC1X7F	57
LPUAA1066-22	GC1X7F	58
LPUAA1067-22	GC1X7F	62
LPUAA1068-22	GC1X7F	62
LPUAA1069-22	GC1X7F	52
LPUAA1070-22	GC1X7F	52
LPUAA1071-22	GC1X7F	55
LPUAA1072-22	GC1X7F	43
LPUAA1073-22	GC1X7F	49
LPUAA1074-22	GC1X7F	57
LPUAA1075-22	GC1X7F	64
LPUAA1076-22	GC1X7F	62
LPUAA1077-22	GC1X7F	58
LPUAA1078-22	GC1X7F	38
LPUAA1079-22	GC1X7F	52
LPUAA1080-22	GC1X7F	36
LPUAA1081-22	GC1X7F	43
LPUAA1082-22	GC1X7F	4
LPUAA1083-22	GC1X7F	2
LPUAA1084-22	GC1X7F	32
LPUAA1085-22	GC1X7F	19
LPUAA1086-22	GC1X7F	48
LPUAA1087-22	GC1X7F	52
LPUAA1088-22	GC1X7F	24
LPUAA1089-22	GC1X7F	36
LPUAA1090-22	GC1X7F	56
LPUAA1091-22	GC1X7F	5
LPUAA1093-22	GC1X7F	38
LPUAA1095-22	GC1X7F	21
LPUAA1096-22	GC1X7F	26
LPUAA1097-22	GC1X7F	42
LPUAA1098-22	GC1X7F	6
LPUAA1099-22	GC1X7F	8
LPUAA1100-22	GC1X7F	7
LPUAA1101-22	GC1X7F	15
LPUAA1102-22	GC1X7F	24
LPUAA1103-22	GC1X7F	5
LPUAA1105-22	GC1X7F	29
LPUAA1106-22	GC1X7F	39
LPUAA1107-22	GC1X7F	3
LPUAA1108-22	GC1X7F	7
LPUAA1109-22	GC1X7F	5
LPUAA1110-22	GC1X7F	35
LPUAA1111-22	GC1X7F	45
LPUAA1112-22	GC1X7F	49
LPUAA1113-22	GC1X7F	26
LPUAA1114-22	GC1X7F	56
LPUAA1115-22	GC1X7F	40
LPUAA1116-22	GC1X7F	59
LPUAA1117-22	GC1X7F	18
LPUAA1118-22	GC1X7F	3
LPUAA1119-22	GC1X7F	12
LPUAA1120-22	GC1X7F	5
LPUAA1121-22	GC1X7F	32
LPUAA1122-22	GC1X7F	6
LPUAA1123-22	GC1X7F	35
LPUAA1124-22	GC1X7F	3
LPUAA1125-22	GC1X7F	25
LPUAA1126-22	GC1X7F	4
LPUAA1127-22	GC1X7F	5
LPUAA1128-22	GC1X7F	28
LPUAA1129-22	GC1X7F	38
LPUAA1130-22	GC1X7F	28
LPUAA1131-22	GC1X7F	42
LPUAA1132-22	GC1X7F	51
LPUAA1133-22	GC1X7F	3
LPUAA1134-22	GC1X7F	3
LPUAA1135-22	GC1X7F	10
LPUAA1136-22	GC1X7F	48
LPUAA1137-22	GC1X7F	10
LPUAA1138-22	GC1X7F	26
LPUAA1139-22	GC1X7F	5
LPUAA1141-22	GC1X7F	6
LPUAA1142-22	GC1X7F	36
LPUAA1143-22	GC1X7F	17
LPUAA1144-22	GC1X7F	28
LPUAA1145-22	GC1X7F	4
LPUAA1146-22	GC1X7F	41
LPUAA1147-22	GC1X7F	4
LPUAA1148-22	GC1X7F	15
LPUAA1149-22	GC1X7F	38
LPUAA1150-22	GC1X7F	30
LPUAA1151-22	GC1X7F	7
LPUAA1152-22	GC1X7F	9
LPUAA1153-22	GC1X7F	32
LPUAA1154-22	GC1X7F	37
LPUAA1155-22	GC1X7F	32
LPUAA1156-22	GC1X7F	28
LPUAA1157-22	GC1X7F	30
LPUAA1158-22	GC1X7F	54
LPUAA1159-22	GC1X7F	32
LPUAA1160-22	GC1X7F	18
LPUAA1161-22	GC1X7F	14
LPUAA1162-22	GC1X7F	32
LPUAA1163-22	GC1X7F	33
LPUAA1164-22	GC1X7F	20
LPUAA1165-22	GC1X7F	6
LPUAA1166-22	GC1X7F	24
LPUAA1167-22	GC1X7F	31
LPUAA1168-22	GC1X7F	21
LPUAA1169-22	GC1X7F	28
LPUAA1170-22	GC1X7F	5
LPUAA1171-22	GC1X7F	39
LPUAA1172-22	GC1X7F	19
LPUAA1173-22	GC1X7F	36
LPUAA1174-22	GC1X7F	34
LPUAA1175-22	GC1X7F	54
LPUAA318-22	GC1X7F	9
LPUAA319-22	GC1X7F	55
LPUAA320-22	GC1X7F	52
LPUAA321-22	GC1X7F	39
LPUAA322-22	GC1X7F	42
LPUAA323-22	GC1X7F	40
LPUAA324-22	GC1X7F	47
LPUAA325-22	GC1X7F	55
LPUAA326-22	GC1X7F	4
LPUAA327-22	GC1X7F	60
LPUAA328-22	GC1X7F	48
LPUAA329-22	GC1X7F	29
LPUAA330-22	GC1X7F	39
LPUAA331-22	GC1X7F	29
LPUAA332-22	GC1X7F	77
LPUAA333-22	GC1X7F	59
LPUAA334-22	GC1X7F	52
LPUAA335-22	GC1X7F	57
LPUAA336-22	GC1X7F	24
LPUAA337-22	GC1X7F	55
LPUAA338-22	GC1X7F	46
LPUAA339-22	GC1X7F	45
LPUAA340-22	GC1X7F	33
LPUAA341-22	GC1X7F	51
LPUAA342-22	GC1X7F	44
LPUAA343-22	GC1X7F	42
LPUAA344-22	GC1X7F	57
LPUAA345-22	GC1X7F	47
LPUAA346-22	GC1X7F	35
LPUAA347-22	GC1X7F	59
LPUAA348-22	GC1X7F	50
LPUAA349-22	GC1X7F	47
LPUAA350-22	GC1X7F	63
LPUAA351-22	GC1X7F	69
LPUAA352-22	GC1X7F	43
LPUAA353-22	GC1X7F	61
LPUAA354-22	GC1X7F	82
LPUAA355-22	GC1X7F	77
LPUAA356-22	GC1X7F	51
LPUAA357-22	GC1X7F	11
LPUAA358-22	GC1X7F	55
LPUAA359-22	GC1X7F	59
LPUAA360-22	GC1X7F	42
LPUAA361-22	GC1X7F	53
LPUAA362-22	GC1X7F	52
LPUAA363-22	GC1X7F	66
LPUAA364-22	GC1X7F	43
LPUAA365-22	GC1X7F	55
LPUAA366-22	GC1X7F	56
LPUAA367-22	GC1X7F	52
LPUAA368-22	GC1X7F	50
LPUAA369-22	GC1X7F	27
LPUAA370-22	GC1X7F	11
LPUAA371-22	GC1X7F	82
LPUAA372-22	GC1X7F	44
LPUAA373-22	GC1X7F	50
LPUAA374-22	GC1X7F	76
LPUAA375-22	GC1X7F	51
LPUAA376-22	GC1X7F	54
LPUAA377-22	GC1X7F	59
LPUAA378-22	GC1X7F	62
LPUAA379-22	GC1X7F	61
LPUAA380-22	GC1X7F	78
LPUAA381-22	GC1X7F	9
LPUAA382-22	GC1X7F	65
LPUAA383-22	GC1X7F	69
LPUAA384-22	GC1X7F	53
LPUAA385-22	GC1X7F	57
LPUAA386-22	GC1X7F	68
LPUAA387-22	GC1X7F	75
LPUAA388-22	GC1X7F	33
LPUAA389-22	GC1X7F	58
LPUAA390-22	GC1X7F	68
LPUAA391-22	GC1X7F	56
LPUAA392-22	GC1X7F	72
LPUAA393-22	GC1X7F	14
LPUAA394-22	GC1X7F	37
LPUAA395-22	GC1X7F	60
LPUAA396-22	GC1X7F	78
LPUAA397-22	GC1X7F	60
LPUAA398-22	GC1X7F	58
LPUAA399-22	GC1X7F	70
LPUAA400-22	GC1X7F	61
LPUAA401-22	GC1X7F	63
LPUAA402-22	GC1X7F	50
LPUAA403-22	GC1X7F	55
LPUAA404-22	GC1X7F	43
LPUAA405-22	GC1X7F	66
LPUAA406-22	GC1X7F	60
LPUAA407-22	GC1X7F	37
LPUAA408-22	GC1X7F	49
LPUAA409-22	GC1X7F	52
LPUAA410-22	GC1X7F	83
LPUAA411-22	GC1X7F	51
LPUAA412-22	GC1X7F	39
LPUAA413-22	GC1X7F	58
LPUAA414-22	GC1X7F	61
LPUAA415-22	GC1X7F	63
LPUAA417-22	GC1X7F	71
LPUAA418-22	GC1X7F	53
LPUAA419-22	GC1X7F	24
LPUAA420-22	GC1X7F	7
LPUAA421-22	GC1X7F	56
LPUAA422-22	GC1X7F	51
LPUAA423-22	GC1X7F	47
LPUAA424-22	GC1X7F	39
LPUAA425-22	GC1X7F	18
LPUAA426-22	GC1X7F	6
LPUAA427-22	GC1X7F	58
LPUAA428-22	GC1X7F	47
LPUAA429-22	GC1X7F	33
LPUAA430-22	GC1X7F	57
LPUAA431-22	GC1X7F	60
LPUAA432-22	GC1X7F	65
LPUAA433-22	GC1X7F	53
LPUAA434-22	GC1X7F	12
LPUAA435-22	GC1X7F	51
LPUAA436-22	GC1X7F	70
LPUAA437-22	GC1X7F	40
LPUAA438-22	GC1X7F	5
LPUAA439-22	GC1X7F	44
LPUAA440-22	GC1X7F	53
LPUAA441-22	GC1X7F	53
LPUAA442-22	GC1X7F	35
LPUAA443-22	GC1X7F	36
LPUAA444-22	GC1X7F	65
LPUAA445-22	GC1X7F	46
LPUAA446-22	GC1X7F	46
LPUAA447-22	GC1X7F	38
LPUAA448-22	GC1X7F	62
LPUAA449-22	GC1X7F	6
LPUAA450-22	GC1X7F	34
LPUAA451-22	GC1X7F	51
LPUAA452-22	GC1X7F	3
LPUAA453-22	GC1X7F	37
LPUAA454-22	GC1X7F	35
LPUAA455-22	GC1X7F	40
LPUAA456-22	GC1X7F	47
LPUAA457-22	GC1X7F	53
LPUAA458-22	GC1X7F	24
LPUAA459-22	GC1X7F	46
LPUAA460-22	GC1X7F	8
LPUAA461-22	GC1X7F	45
LPUAA462-22	GC1X7F	21
LPUAA463-22	GC1X7F	50
LPUAA464-22	GC1X7F	43
LPUAA465-22	GC1X7F	40
LPUAA466-22	GC1X7F	56
LPUAA467-22	GC1X7F	7
LPUAA468-22	GC1X7F	16
LPUAA469-22	GC1X7F	51
LPUAA470-22	GC1X7F	45
LPUAA471-22	GC1X7F	47
LPUAA472-22	GC1X7F	35
LPUAA473-22	GC1X7F	35
LPUAA474-22	GC1X7F	37
LPUAA475-22	GC1X7F	44
LPUAA476-22	GC1X7F	56
LPUAA477-22	GC1X7F	44
LPUAA478-22	GC1X7F	63
LPUAA479-22	GC1X7F	51
LPUAA480-22	GC1X7F	10
LPUAA481-22	GC1X7F	61
LPUAA482-22	GC1X7F	40
LPUAA483-22	GC1X7F	41
LPUAA484-22	GC1X7F	51
LPUAA485-22	GC1X7F	55
LPUAA486-22	GC1X7F	51
LPUAA487-22	GC1X7F	44
LPUAA488-22	GC1X7F	4
LPUAA489-22	GC1X7F	57
LPUAA490-22	GC1X7F	23
LPUAA491-22	GC1X7F	32
LPUAA492-22	GC1X7F	55
LPUAA493-22	GC1X7F	27
LPUAA494-22	GC1X7F	36
LPUAA495-22	GC1X7F	45
LPUAA496-22	GC1X7F	27
LPUAA497-22	GC1X7F	26
LPUAA498-22	GC1X7F	52
LPUAA499-22	GC1X7F	32
LPUAA500-22	GC1X7F	19
LPUAA501-22	GC1X7F	27
LPUAA502-22	GC1X7F	40
LPUAA503-22	GC1X7F	23
LPUAA504-22	GC1X7F	53
LPUAA505-22	GC1X7F	53
LPUAA506-22	GC1X7F	46
LPUAA507-22	GC1X7F	53
LPUAA508-22	GC1X7F	46
LPUAA509-22	GC1X7F	16
LPUAA510-22	GC1X7F	38
LPUAA511-22	GC1X7F	45
LPUAA512-22	GC1X7F	3
LPUAA513-22	GC1X7F	32
LPUAA514-22	GC1X7F	2
LPUAA515-22	GC1X7F	43
LPUAA516-22	GC1X7F	31
LPUAA517-22	GC1X7F	49
LPUAA518-22	GC1X7F	44
LPUAA519-22	GC1X7F	29
LPUAA520-22	GC1X7F	4
LPUAA523-22	GC1X7F	62
LPUAA524-22	GC1X7F	31
LPUAA525-22	GC1X7F	49
LPUAA526-22	GC1X7F	37
LPUAA528-22	GC1X7F	27
LPUAA529-22	GC1X7F	33
LPUAA530-22	GC1X7F	5
LPUAA531-22	GC1X7F	4
LPUAA532-22	GC1X7F	12
LPUAA533-22	GC1X7F	4
LPUAA534-22	GC1X7F	12
LPUAA535-22	GC1X7F	55
LPUAA536-22	GC1X7F	28
LPUAA537-22	GC1X7F	16
LPUAA538-22	GC1X7F	32
LPUAA539-22	GC1X7F	40
LPUAA540-22	GC1X7F	59
LPUAA541-22	GC1X7F	28
LPUAA542-22	GC1X7F	55
LPUAA543-22	GC1X7F	11
LPUAA544-22	GC1X7F	3
LPUAA545-22	GC1X7F	6
LPUAA546-22	GC1X7F	77
LPUAA547-22	GC1X7F	53
LPUAA549-22	GC1X7F	4
LPUAA550-22	GC1X7F	4
LPUAA551-22	GC1X7F	56
LPUAA552-22	GC1X7F	11
LPUAA553-22	GC1X7F	37
LPUAA554-22	GC1X7F	4
LPUAA555-22	GC1X7F	55
LPUAA556-22	GC1X7F	50
LPUAA557-22	GC1X7F	53
LPUAA558-22	GC1X7F	51
LPUAA559-22	GC1X7F	55
LPUAA561-22	GC1X7F	40
LPUAA562-22	GC1X7F	24
LPUAA563-22	GC1X7F	21
LPUAA564-22	GC1X7F	61
LPUAA565-22	GC1X7F	48
LPUAA566-22	GC1X7F	60
LPUAA567-22	GC1X7F	39
LPUAA568-22	GC1X7F	51
LPUAA569-22	GC1X7F	5
LPUAA570-22	GC1X7F	49
LPUAA571-22	GC1X7F	41
LPUAA572-22	GC1X7F	38
LPUAA573-22	GC1X7F	56
LPUAA574-22	GC1X7F	56
LPUAA575-22	GC1X7F	40
LPUAA576-22	GC1X7F	63
LPUAA577-22	GC1X7F	6
LPUAA578-22	GC1X7F	9
LPUAA579-22	GC1X7F	13
LPUAA580-22	GC1X7F	46
LPUAA581-22	GC1X7F	49
LPUAA582-22	GC1X7F	41
LPUAA583-22	GC1X7F	36
LPUAA584-22	GC1X7F	7
LPUAA585-22	GC1X7F	10
LPUAA586-22	GC1X7F	42
LPUAA587-22	GC1X7F	58
LPUAA588-22	GC1X7F	16
LPUAA589-22	GC1X7F	13
LPUAA590-22	GC1X7F	38
LPUAA591-22	GC1X7F	3
LPUAA592-22	GC1X7F	49
LPUAA593-22	GC1X7F	49
LPUAA594-22	GC1X7F	55
LPUAA595-22	GC1X7F	41
LPUAA596-22	GC1X7F	49
LPUAA597-22	GC1X7F	57
LPUAA598-22	GC1X7F	47
LPUAA599-22	GC1X7F	40
LPUAA600-22	GC1X7F	17
LPUAA601-22	GC1X7F	61
LPUAA602-22	GC1X7F	6
LPUAA603-22	GC1X7F	20
LPUAA604-22	GC1X7F	3
LPUAA605-22	GC1X7F	47
LPUAA606-22	GC1X7F	3
LPUAA607-22	GC1X7F	25
LPUAA608-22	GC1X7F	25
LPUAA609-22	GC1X7F	42
LPUAA610-22	GC1X7F	4
LPUAA611-22	GC1X7F	3
LPUAA612-22	GC1X7F	15
LPUAA613-22	GC1X7F	6
LPUAA614-22	GC1X7F	8
LPUAA615-22	GC1X7F	37
LPUAA617-22	GC1X7F	48
LPUAA618-22	GC1X7F	32
LPUAA619-22	GC1X7F	10
LPUAA620-22	GC1X7F	43
LPUAA621-22	GC1X7F	57
LPUAA622-22	GC1X7F	3
LPUAA623-22	GC1X7F	41
LPUAA625-22	GC1X7F	2
LPUAA626-22	GC1X7F	43
LPUAA627-22	GC1X7F	20
LPUAA628-22	GC1X7F	41
LPUAA629-22	GC1X7F	28
LPUAA630-22	GC1X7F	45
LPUAA631-22	GC1X7F	3
LPUAA632-22	GC1X7F	6
LPUAA633-22	GC1X7F	6
LPUAA634-22	GC1X7F	39
LPUAA635-22	GC1X7F	44
LPUAA636-22	GC1X7F	18
LPUAA637-22	GC1X7F	55
LPUAA638-22	GC1X7F	33
LPUAA639-22	GC1X7F	40
LPUAA640-22	GC1X7F	56
LPUAA641-22	GC1X7F	60
LPUAA642-22	GC1X7F	58
LPUAA643-22	GC1X7F	26
LPUAA644-22	GC1X7F	23
LPUAA646-22	GC1X7F	54
LPUAA647-22	GC1X7F	62
LPUAA648-22	GC1X7F	3
LPUAA649-22	GC1X7F	35
LPUAA650-22	GC1X7F	33
LPUAA651-22	GC1X7F	15
LPUAA652-22	GC1X7F	40
LPUAA653-22	GC1X7F	69
LPUAA655-22	GC1X7F	9
LPUAA656-22	GC1X7F	18
LPUAA657-22	GC1X7F	9
LPUAA658-22	GC1X7F	26
LPUAA659-22	GC1X7F	44
LPUAA660-22	GC1X7F	13
LPUAA661-22	GC1X7F	14
LPUAA662-22	GC1X7F	19
LPUAA663-22	GC1X7F	10
LPUAA664-22	GC1X7F	23
LPUAA665-22	GC1X7F	31
LPUAA666-22	GC1X7F	2
LPUAA667-22	GC1X7F	25
LPUAA669-22	GC1X7F	20
LPUAA670-22	GC1X7F	5
LPUAA671-22	GC1X7F	46
LPUAA672-22	GC1X7F	9
LPUAA673-22	GC1X7F	10
LPUAA674-22	GC1X7F	37
LPUAA675-22	GC1X7F	27
LPUAA676-22	GC1X7F	29
LPUAA677-22	GC1X7F	38
LPUAA678-22	GC1X7F	37
LPUAA679-22	GC1X7F	40
LPUAA680-22	GC1X7F	43
LPUAA681-22	GC1X7F	14
LPUAA682-22	GC1X7F	56
LPUAA683-22	GC1X7F	40
LPUAA684-22	GC1X7F	59
LPUAA685-22	GC1X7F	43
LPUAA686-22	GC1X7F	46
LPUAA688-22	GC1X7F	25
LPUAA689-22	GC1X7F	53
LPUAA690-22	GC1X7F	54
LPUAA691-22	GC1X7F	54
LPUAA692-22	GC1X7F	55
LPUAA693-22	GC1X7F	14
LPUAA694-22	GC1X7F	20
LPUAA695-22	GC1X7F	55
LPUAA696-22	GC1X7F	50
LPUAA697-22	GC1X7F	39
LPUAA698-22	GC1X7F	44
LPUAA699-22	GC1X7F	62
LPUAA700-22	GC1X7F	40
LPUAA702-22	GC1X7F	50
LPUAA703-22	GC1X7F	44
LPUAA704-22	GC1X7F	48
LPUAA705-22	GC1X7F	15
LPUAA706-22	GC1X7F	52
LPUAA707-22	GC1X7F	5
LPUAA708-22	GC1X7F	6
LPUAA709-22	GC1X7F	63
LPUAA710-22	GC1X7F	60
LPUAA711-22	GC1X7F	33
LPUAA712-22	GC1X7F	56
LPUAA713-22	GC1X7F	14
LPUAA714-22	GC1X7F	41
LPUAA715-22	GC1X7F	20
LPUAA716-22	GC1X7F	56
LPUAA717-22	GC1X7F	56
LPUAA718-22	GC1X7F	55
LPUAA719-22	GC1X7F	53
LPUAA720-22	GC1X7F	38
LPUAA721-22	GC1X7F	44
LPUAA722-22	GC1X7F	33
LPUAA723-22	GC1X7F	55
LPUAA724-22	GC1X7F	39
LPUAA725-22	GC1X7F	9
LPUAA726-22	GC1X7F	65
LPUAA727-22	GC1X7F	62
LPUAA728-22	GC1X7F	27
LPUAA729-22	GC1X7F	33
LPUAA730-22	GC1X7F	50
LPUAA731-22	GC1X7F	38
LPUAA732-22	GC1X7F	45
LPUAA733-22	GC1X7F	67
LPUAA734-22	GC1X7F	47
LPUAA735-22	GC1X7F	64
LPUAA736-22	GC1X7F	42
LPUAA737-22	GC1X7F	62
LPUAA738-22	GC1X7F	47
LPUAA739-22	GC1X7F	51
LPUAA740-22	GC1X7F	47
LPUAA741-22	GC1X7F	52
LPUAA742-22	GC1X7F	42
LPUAA743-22	GC1X7F	47
LPUAA744-22	GC1X7F	70
LPUAA745-22	GC1X7F	45
LPUAA746-22	GC1X7F	49
LPUAA747-22	GC1X7F	42
LPUAA748-22	GC1X7F	70
LPUAA749-22	GC1X7F	32
LPUAA750-22	GC1X7F	53
LPUAA751-22	GC1X7F	62
LPUAA752-22	GC1X7F	61
LPUAA753-22	GC1X7F	46
LPUAA754-22	GC1X7F	71
LPUAA755-22	GC1X7F	59
LPUAA756-22	GC1X7F	61
LPUAA757-22	GC1X7F	47
LPUAA758-22	GC1X7F	84
LPUAA759-22	GC1X7F	49
LPUAA760-22	GC1X7F	69
LPUAA761-22	GC1X7F	60
LPUAA762-22	GC1X7F	24
LPUAA763-22	GC1X7F	47
LPUAA764-22	GC1X7F	49
LPUAA765-22	GC1X7F	48
LPUAA766-22	GC1X7F	53
LPUAA767-22	GC1X7F	61
LPUAA768-22	GC1X7F	42
LPUAA769-22	GC1X7F	48
LPUAA770-22	GC1X7F	68
LPUAA771-22	GC1X7F	51
LPUAA772-22	GC1X7F	68
LPUAA773-22	GC1X7F	6
LPUAA774-22	GC1X7F	44
LPUAA775-22	GC1X7F	41
LPUAA776-22	GC1X7F	47
LPUAA777-22	GC1X7F	44
LPUAA778-22	GC1X7F	68
LPUAA779-22	GC1X7F	38
LPUAA780-22	GC1X7F	40
LPUAA781-22	GC1X7F	60
LPUAA782-22	GC1X7F	49
LPUAA783-22	GC1X7F	60
LPUAA784-22	GC1X7F	25
LPUAA785-22	GC1X7F	12
LPUAA786-22	GC1X7F	28
LPUAA787-22	GC1X7F	52
LPUAA788-22	GC1X7F	47
LPUAA789-22	GC1X7F	41
LPUAA790-22	GC1X7F	51
LPUAA791-22	GC1X7F	64
LPUAA792-22	GC1X7F	61
LPUAA793-22	GC1X7F	40
LPUAA794-22	GC1X7F	32
LPUAA795-22	GC1X7F	51
LPUAA796-22	GC1X7F	63
LPUAA797-22	GC1X7F	48
LPUAA798-22	GC1X7F	52
LPUAA799-22	GC1X7F	57
LPUAA800-22	GC1X7F	33
LPUAA801-22	GC1X7F	74
LPUAA802-22	GC1X7F	64
LPUAA803-22	GC1X7F	20
LPUAA804-22	GC1X7F	40
LPUAA805-22	GC1X7F	63
LPUAA806-22	GC1X7F	38
LPUAA807-22	GC1X7F	56
LPUAA808-22	GC1X7F	28
LPUAA809-22	GC1X7F	38
LPUAA810-22	GC1X7F	64
LPUAA811-22	GC1X7F	36
LPUAA812-22	GC1X7F	13
LPUAA813-22	GC1X7F	41
LPUAA814-22	GC1X7F	41
LPUAA815-22	GC1X7F	44
LPUAA816-22	GC1X7F	39
LPUAA817-22	GC1X7F	11
LPUAA818-22	GC1X7F	51
LPUAA819-22	GC1X7F	53
LPUAA820-22	GC1X7F	63
LPUAA821-22	GC1X7F	36
LPUAA822-22	GC1X7F	33
LPUAA823-22	GC1X7F	44
LPUAA824-22	GC1X7F	49
LPUAA825-22	GC1X7F	42
LPUAA826-22	GC1X7F	12
LPUAA827-22	GC1X7F	45
LPUAA828-22	GC1X7F	64
LPUAA829-22	GC1X7F	31
LPUAA830-22	GC1X7F	69
LPUAA831-22	GC1X7F	26
LPUAA832-22	GC1X7F	38
LPUAA833-22	GC1X7F	37
LPUAA834-22	GC1X7F	38
LPUAA835-22	GC1X7F	46
LPUAA836-22	GC1X7F	61
LPUAA837-22	GC1X7F	52
LPUAA838-22	GC1X7F	47
LPUAA839-22	GC1X7F	72
LPUAA840-22	GC1X7F	66
LPUAA841-22	GC1X7F	42
LPUAA842-22	GC1X7F	38
LPUAA843-22	GC1X7F	41
LPUAA844-22	GC1X7F	39
LPUAA845-22	GC1X7F	37
LPUAA846-22	GC1X7F	29
LPUAA847-22	GC1X7F	34
LPUAA848-22	GC1X7F	36
LPUAA849-22	GC1X7F	61
LPUAA850-22	GC1X7F	25
LPUAA851-22	GC1X7F	58
LPUAA852-22	GC1X7F	59
LPUAA853-22	GC1X7F	26
LPUAA854-22	GC1X7F	42
LPUAA855-22	GC1X7F	42
LPUAA856-22	GC1X7F	66
LPUAA857-22	GC1X7F	46
LPUAA858-22	GC1X7F	47
LPUAA859-22	GC1X7F	24
LPUAA860-22	GC1X7F	38
LPUAA861-22	GC1X7F	47
LPUAA862-22	GC1X7F	11
LPUAA863-22	GC1X7F	42
LPUAA864-22	GC1X7F	47
LPUAA865-22	GC1X7F	43
LPUAA866-22	GC1X7F	76
LPUAA867-22	GC1X7F	44
LPUAA868-22	GC1X7F	47
LPUAA869-22	GC1X7F	45
LPUAA870-22	GC1X7F	49
LPUAA871-22	GC1X7F	48
LPUAA872-22	GC1X7F	43
LPUAA873-22	GC1X7F	18
LPUAA874-22	GC1X7F	51
LPUAA875-22	GC1X7F	47
LPUAA876-22	GC1X7F	60
LPUAA877-22	GC1X7F	56
LPUAA878-22	GC1X7F	51
LPUAA879-22	GC1X7F	48
LPUAA880-22	GC1X7F	23
LPUAA881-22	GC1X7F	42
LPUAA882-22	GC1X7F	47
LPUAA883-22	GC1X7F	50
LPUAA884-22	GC1X7F	14
LPUAA885-22	GC1X7F	64
LPUAA886-22	GC1X7F	29
LPUAA887-22	GC1X7F	44
LPUAA888-22	GC1X7F	52
LPUAA889-22	GC1X7F	4
LPUAA890-22	GC1X7F	55
LPUAA891-22	GC1X7F	1
LPUAA892-22	GC1X7F	58
LPUAA893-22	GC1X7F	53
LPUAA894-22	GC1X7F	61
LPUAA895-22	GC1X7F	68
LPUAA896-22	GC1X7F	33
LPUAA897-22	GC1X7F	50
LPUAA898-22	GC1X7F	48
LPUAA899-22	GC1X7F	55
LPUAA900-22	GC1X7F	73
LPUAA901-22	GC1X7F	72
LPUAA902-22	GC1X7F	51
LPUAA903-22	GC1X7F	46
LPUAA904-22	GC1X7F	55
LPUAA905-22	GC1X7F	47
LPUAA906-22	GC1X7F	56
LPUAA907-22	GC1X7F	56
LPUAA908-22	GC1X7F	54
LPUAA909-22	GC1X7F	63
LPUAA910-22	GC1X7F	76
LPUAA911-22	GC1X7F	77
LPUAA912-22	GC1X7F	52
LPUAA913-22	GC1X7F	54
LPUAA914-22	GC1X7F	66
LPUAA915-22	GC1X7F	34
LPUAA916-22	GC1X7F	72
LPUAA917-22	GC1X7F	50
LPUAA918-22	GC1X7F	62
LPUAA919-22	GC1X7F	61
LPUAA920-22	GC1X7F	40
LPUAA921-22	GC1X7F	63
LPUAA922-22	GC1X7F	58
LPUAA923-22	GC1X7F	64
LPUAA924-22	GC1X7F	71
LPUAA925-22	GC1X7F	79
LPUAA926-22	GC1X7F	80
LPUAA927-22	GC1X7F	54
LPUAA928-22	GC1X7F	63
LPUAA929-22	GC1X7F	59
LPUAA930-22	GC1X7F	56
LPUAA931-22	GC1X7F	67
LPUAA932-22	GC1X7F	59
LPUAA933-22	GC1X7F	56
LPUAA934-22	GC1X7F	46
LPUAA935-22	GC1X7F	50
LPUAA936-22	GC1X7F	55
LPUAA937-22	GC1X7F	64
LPUAA938-22	GC1X7F	52
LPUAA939-22	GC1X7F	66
LPUAA940-22	GC1X7F	70
LPUAA941-22	GC1X7F	50
LPUAA942-22	GC1X7F	39
LPUAA943-22	GC1X7F	68
LPUAA944-22	GC1X7F	55
LPUAA945-22	GC1X7F	59
LPUAA946-22	GC1X7F	56
LPUAA947-22	GC1X7F	52
LPUAA948-22	GC1X7F	61
LPUAA949-22	GC1X7F	66
LPUAA950-22	GC1X7F	32
LPUAA951-22	GC1X7F	63
LPUAA952-22	GC1X7F	51
LPUAA953-22	GC1X7F	67
LPUAA954-22	GC1X7F	79
LPUAA955-22	GC1X7F	62
LPUAA956-22	GC1X7F	74
LPUAA957-22	GC1X7F	62
LPUAA958-22	GC1X7F	64
LPUAA959-22	GC1X7F	64
LPUAA960-22	GC1X7F	65
LPUAA961-22	GC1X7F	58
LPUAA962-22	GC1X7F	60
LPUAA963-22	GC1X7F	37
LPUAA964-22	GC1X7F	44
LPUAA965-22	GC1X7F	8
LPUAA966-22	GC1X7F	17
LPUAA967-22	GC1X7F	15
LPUAA968-22	GC1X7F	41
LPUAA969-22	GC1X7F	43
LPUAA970-22	GC1X7F	22
LPUAA971-22	GC1X7F	23
LPUAA972-22	GC1X7F	52
LPUAA973-22	GC1X7F	16
LPUAA974-22	GC1X7F	44
LPUAA975-22	GC1X7F	5
LPUAA976-22	GC1X7F	19
LPUAA977-22	GC1X7F	34
LPUAA979-22	GC1X7F	26
LPUAA980-22	GC1X7F	49
LPUAA981-22	GC1X7F	5
LPUAA982-22	GC1X7F	23
LPUAA983-22	GC1X7F	3
LPUAA985-22	GC1X7F	57
LPUAA986-22	GC1X7F	43
LPUAA987-22	GC1X7F	87
LPUAA988-22	GC1X7F	53
LPUAA989-22	GC1X7F	55
LPUAA990-22	GC1X7F	64
LPUAA991-22	GC1X7F	66
LPUAA992-22	GC1X7F	56
LPUAA993-22	GC1X7F	66
LPUAA994-22	GC1X7F	65
LPUAA995-22	GC1X7F	58
LPUAA996-22	GC1X7F	51
LPUAA997-22	GC1X7F	10
LPUAA998-22	GC1X7F	45
LPUAA999-22	GC1X7F	36
LPUAD2094-22	GFLAAK	22
LPUAD2095-22	GFLAAK	24
LPUAD2096-22	GFLAAK	17
LPUAD2097-22	GFLAAK	36
LPUAD2098-22	GFLAAK	11
LPUAD2099-22	GFLAAK	35
LPUAD2100-22	GFLAAK	36
LPUAD2101-22	GFLAAK	18
LPUAD2102-22	GFLAAK	19
LPUAD2103-22	GFLAAK	17
LPUAD2104-22	GFLAAK	24
LPUAD2105-22	GFLAAK	13
LPUAD2106-22	GFLAAK	35
LPUAD2107-22	GFLAAK	26
LPUAD2108-22	GFLAAK	26
LPUAD2109-22	GFLAAK	24
LPUAD2110-22	GFLAAK	19
LPUAD2111-22	GFLAAK	26
LPUAD2112-22	GFLAAK	34
LPUAD2113-22	GFLAAK	16
LPUAD2114-22	GFLAAK	34
LPUAD2115-22	GFLAAK	5
LPUAD2116-22	GFLAAK	19
LPUAD2117-22	GFLAAK	50
LPUAD2118-22	GFLAAK	27
LPUAD2119-22	GFLAAK	16
LPUAD2120-22	GFLAAK	21
LPUAD2121-22	GFLAAK	15
LPUAD2122-22	GFLAAK	32
LPUAD2123-22	GFLAAK	19
LPUAD2124-22	GFLAAK	2
LPUAD2125-22	GFLAAK	2
LPUAD2126-22	GFLAAK	44
LPUAD2127-22	GFLAAK	25
LPUAD2128-22	GFLAAK	14
LPUAD2129-22	GFLAAK	32
LPUAD2130-22	GFLAAK	21
LPUAD2131-22	GFLAAK	23
LPUAD2132-22	GFLAAK	26
LPUAD2133-22	GFLAAK	11
LPUAD2134-22	GFLAAK	29
LPUAD2135-22	GFLAAK	26
LPUAD2136-22	GFLAAK	27
LPUAD2137-22	GFLAAK	21
LPUAD2138-22	GFLAAK	21
LPUAD2139-22	GFLAAK	24
LPUAD2140-22	GFLAAK	15
LPUAD2141-22	GFLAAK	30
LPUAD2142-22	GFLAAK	34
LPUAD2143-22	GFLAAK	22
LPUAD2144-22	GFLAAK	22
LPUAD2145-22	GFLAAK	11
LPUAD2146-22	GFLAAK	4
LPUAD2147-22	GFLAAK	26
LPUAD2148-22	GFLAAK	28
LPUAD2149-22	GFLAAK	29
LPUAD2150-22	GFLAAK	6
LPUAD2151-22	GFLAAK	17
LPUAD2152-22	GFLAAK	15
LPUAD2153-22	GFLAAK	34
LPUAD2154-22	GFLAAK	24
LPUAD2155-22	GFLAAK	34
LPUAD2157-22	GFLAAK	2
LPUAD2159-22	GFLAAK	3
LPUAD2161-22	GFLAAK	1
LPUAD2162-22	GFLAAK	1
LPUAD2163-22	GFLAAK	29
LPUAD2165-22	GFLAAK	6
LPUAD2166-22	GFLAAK	29
LPUAD2167-22	GFLAAK	35
LPUAD2168-22	GFLAAK	23
LPUAD2169-22	GFLAAK	30
LPUAD2170-22	GFLAAK	23
LPUAD2171-22	GFLAAK	4
LPUAD2172-22	GFLAAK	12
LPUAD2174-22	GFLAAK	29
LPUAD2175-22	GFLAAK	43
LPUAD2176-22	GFLAAK	40
LPUAD2177-22	GFLAAK	18
LPUAD2178-22	GFLAAK	18
LPUAD2179-22	GFLAAK	17
LPUAD2180-22	GFLAAK	25
LPUAD2181-22	GFLAAK	31
LPUAD2182-22	GFLAAK	36
LPUAD2183-22	GFLAAK	38
LPUAD2184-22	GFLAAK	29
LPUAD2185-22	GFLAAK	38
LPUAD2186-22	GFLAAK	24
LPUAD2187-22	GFLAAK	23
LPUAD2188-22	GFLAAK	47
LPUAD2189-22	GFLAAK	36
LPUAD2190-22	GFLAAK	33
LPUAD2191-22	GFLAAK	29
LPUAD2192-22	GFLAAK	22
LPUAD2193-22	GFLAAK	36
LPUAD2194-22	GFLAAK	18
LPUAD2195-22	GFLAAK	28
LPUAD2196-22	GFLAAK	35
LPUAD2197-22	GFLAAK	4
LPUAD2198-22	GFLAAK	19
LPUAD2199-22	GFLAAK	27
LPUAD2200-22	GFLAAK	23
LPUAD2201-22	GFLAAK	30
LPUAD2202-22	GFLAAK	43
LPUAD2203-22	GFLAAK	41
LPUAD2204-22	GFLAAK	25
LPUAD2205-22	GFLAAK	34
LPUAD2206-22	GFLAAK	16
LPUAD2207-22	GFLAAK	13
LPUAD2208-22	GFLAAK	24
LPUAD2209-22	GFLAAK	18
LPUAD2210-22	GFLAAK	21
LPUAD2211-22	GFLAAK	37
LPUAD2212-22	GFLAAK	21
LPUAD2213-22	GFLAAK	41
LPUAD2214-22	GFLAAK	30
LPUAD2215-22	GFLAAK	31
LPUAD2216-22	GFLAAK	22
LPUAD2217-22	GFLAAK	46
LPUAD2218-22	GFLAAK	18
LPUAD2219-22	GFLAAK	24
LPUAD2220-22	GFLAAK	24
LPUAD2221-22	GFLAAK	17
LPUAD2222-22	GFLAAK	24
LPUAD2223-22	GFLAAK	33
LPUAD2224-22	GFLAAK	34
LPUAD2225-22	GFLAAK	31
LPUAD2226-22	GFLAAK	26
LPUAD2227-22	GFLAAK	48
LPUAD2228-22	GFLAAK	15
LPUAD2229-22	GFLAAK	36
LPUAD2230-22	GFLAAK	34
LPUAD2231-22	GFLAAK	21
LPUAD2232-22	GFLAAK	10
LPUAD2233-22	GFLAAK	13
LPUAD2234-22	GFLAAK	9
LPUAD2235-22	GFLAAK	34
LPUAD2236-22	GFLAAK	33
LPUAD2237-22	GFLAAK	26
LPUAD2238-22	GFLAAK	31
LPUAD2239-22	GFLAAK	25
LPUAD2240-22	GFLAAK	57
LPUAD2241-22	GFLAAK	28
LPUAD2242-22	GFLAAK	22
LPUAD2243-22	GFLAAK	29
LPUAD2244-22	GFLAAK	29
LPUAD2245-22	GFLAAK	25
LPUAD2246-22	GFLAAK	19
LPUAD2247-22	GFLAAK	24
LPUAD2248-22	GFLAAK	31
LPUAD2249-22	GFLAAK	31
LPUAD2250-22	GFLAAK	29
LPUAD2251-22	GFLAAK	24
LPUAD2252-22	GFLAAK	6
LPUAD2253-22	GFLAAK	25
LPUAD2254-22	GFLAAK	10
LPUAD2255-22	GFLAAK	19
LPUAD2256-22	GFLAAK	29
LPUAD2257-22	GFLAAK	19
LPUAD2258-22	GFLAAK	16
LPUAD2259-22	GFLAAK	32
LPUAD2260-22	GFLAAK	32
LPUAD2261-22	GFLAAK	34
LPUAD2262-22	GFLAAK	22
LPUAD2263-22	GFLAAK	39
LPUAD2264-22	GFLAAK	30
LPUAD2265-22	GFLAAK	32
LPUAD2266-22	GFLAAK	38
LPUAD2267-22	GFLAAK	31
LPUAD2268-22	GFLAAK	26
LPUAD2269-22	GFLAAK	30
LPUAD2270-22	GFLAAK	48
LPUAD2271-22	GFLAAK	12
LPUAD2272-22	GFLAAK	37
LPUAD2273-22	GFLAAK	29
LPUAD2274-22	GFLAAK	4
LPUAD2275-22	GFLAAK	33
LPUAD2276-22	GFLAAK	17
LPUAD2277-22	GFLAAK	35
LPUAD2278-22	GFLAAK	24
LPUAD2279-22	GFLAAK	41
LPUAD2280-22	GFLAAK	26
LPUAD2281-22	GFLAAK	21
LPUAD2282-22	GFLAAK	29
LPUAD2283-22	GFLAAK	27
LPUAD2284-22	GFLAAK	38
LPUAD2285-22	GFLAAK	32
LPUAD2286-22	GFLAAK	16
LPUAD2287-22	GFLAAK	17
LPUAD2288-22	GFLAAK	7
LPUAD2289-22	GFLAAK	24
LPUAD2290-22	GFLAAK	36
LPUAD2291-22	GFLAAK	17
LPUAD2292-22	GFLAAK	36
LPUAD2293-22	GFLAAK	2
LPUAD2294-22	GFLAAK	33
LPUAD2295-22	GFLAAK	49
LPUAD2296-22	GFLAAK	29
LPUAD2297-22	GFLAAK	27
LPUAD2298-22	GFLAAK	34
LPUAD2299-22	GFLAAK	23
LPUAD2300-22	GFLAAK	29
LPUAD2301-22	GFLAAK	4
LPUAD2302-22	GFLAAK	13
LPUAD2303-22	GFLAAK	24
LPUAD2304-22	GFLAAK	24
LPUAD2305-22	GFLAAK	35
LPUAD2306-22	GFLAAK	30
LPUAD2307-22	GFLAAK	26
LPUAD2308-22	GFLAAK	29
LPUAD2309-22	GFLAAK	25
LPUAD2310-22	GFLAAK	23
LPUAD2311-22	GFLAAK	24
LPUAD2312-22	GFLAAK	20
LPUAD2313-22	GFLAAK	17
LPUAD2314-22	GFLAAK	16
LPUAD2315-22	GFLAAK	31
LPUAD2316-22	GFLAAK	22
LPUAD2317-22	GFLAAK	28
LPUAD2318-22	GFLAAK	32
LPUAD2319-22	GFLAAK	22
LPUAD2320-22	GFLAAK	19
LPUAD2321-22	GFLAAK	22
LPUAD2322-22	GFLAAK	26
LPUAD2323-22	GFLAAK	16
LPUAD2324-22	GFLAAK	28
LPUAD2325-22	GFLAAK	22
LPUAD2326-22	GFLAAK	31
LPUAD2327-22	GFLAAK	23
LPUAD2328-22	GFLAAK	32
LPUAD2329-22	GFLAAK	35
LPUAD2330-22	GFLAAK	34
LPUAD2331-22	GFLAAK	27
LPUAD2332-22	GFLAAK	40
LPUAD2333-22	GFLAAK	37
LPUAD2334-22	GFLAAK	5
LPUAD2335-22	GFLAAK	26
LPUAD2336-22	GFLAAK	52
LPUAD2337-22	GFLAAK	33
LPUAD2338-22	GFLAAK	17
LPUAD2339-22	GFLAAK	28
LPUAD2340-22	GFLAAK	23
LPUAD2341-22	GFLAAK	16
LPUAD2342-22	GFLAAK	22
LPUAD2343-22	GFLAAK	14
LPUAD2344-22	GFLAAK	22
LPUAD2345-22	GFLAAK	6
LPUAD2346-22	GFLAAK	20
LPUAD2347-22	GFLAAK	25
LPUAD2348-22	GFLAAK	33
LPUAD2349-22	GFLAAK	36
LPUAD2350-22	GFLAAK	22
LPUAD2351-22	GFLAAK	43
LPUAD2352-22	GFLAAK	24
LPUAD2353-22	GFLAAK	2
LPUAD2354-22	GFLAAK	28
LPUAD2355-22	GFLAAK	18
LPUAD2356-22	GFLAAK	13
LPUAD2357-22	GFLAAK	40
LPUAD2358-22	GFLAAK	31
LPUAD2359-22	GFLAAK	27
LPUAD2360-22	GFLAAK	39
LPUAD2361-22	GFLAAK	28
LPUAD2362-22	GFLAAK	29
LPUAD2363-22	GFLAAK	17
LPUAD2364-22	GFLAAK	32
LPUAD2365-22	GFLAAK	29
LPUAD2366-22	GFLAAK	3
LPUAD2367-22	GFLAAK	36
LPUAD2368-22	GFLAAK	36
LPUAD2369-22	GFLAAK	23
LPUAD2370-22	GFLAAK	17
LPUAD2371-22	GFLAAK	22
LPUAD2372-22	GFLAAK	32
LPUAD2373-22	GFLAAK	36
LPUAD2374-22	GFLAAK	22
LPUAD2375-22	GFLAAK	20
LPUAD2376-22	GFLAAK	23
LPUAD2377-22	GFLAAK	27
LPUAD2378-22	GFLAAK	24
LPUAD2379-22	GFLAAK	5
LPUAD2380-22	GFLAAK	5
LPUAD2381-22	GFLAAK	5
LPUAD2382-22	GFLAAK	7
LPUAD2383-22	GFLAAK	9
LPUAD2384-22	GFLAAK	19
LPUAD2385-22	GFLAAK	19
LPUAD2386-22	GFLAAK	8
LPUAD2387-22	GFLAAK	20
LPUAD2388-22	GFLAAK	21
LPUAD2390-22	GFLAAK	22
LPUAD2391-22	GFLAAK	4
LPUAD2392-22	GFLAAK	21
LPUAD2393-22	GFLAAK	19
LPUAD2394-22	GFLAAK	1
LPUAD2395-22	GFLAAK	13
LPUAD2397-22	GFLAAK	23
LPUAD2398-22	GFLAAK	19
LPUAD2399-22	GFLAAK	22
LPUAD2400-22	GFLAAK	15
LPUAD2401-22	GFLAAK	3
LPUAD2402-22	GFLAAK	25
LPUAD2403-22	GFLAAK	7
LPUAD2404-22	GFLAAK	14
LPUAD2405-22	GFLAAK	3
LPUAD2406-22	GFLAAK	3
LPUAD2407-22	GFLAAK	7
LPUAD2408-22	GFLAAK	2
LPUAD2409-22	GFLAAK	6
LPUAD2410-22	GFLAAK	20
LPUAD2411-22	GFLAAK	3
LPUAD2412-22	GFLAAK	1
LPUAD2413-22	GFLAAK	27
LPUAD2414-22	GFLAAK	17
LPUAD2415-22	GFLAAK	26
LPUAD2416-22	GFLAAK	21
LPUAD2417-22	GFLAAK	30
LPUAD2418-22	GFLAAK	29
LPUAD2419-22	GFLAAK	3
LPUAD2420-22	GFLAAK	8
LPUAD2421-22	GFLAAK	12
LPUAD2422-22	GFLAAK	2
LPUAD2423-22	GFLAAK	6
LPUAD2424-22	GFLAAK	4
LPUAD2425-22	GFLAAK	8
LPUAD2426-22	GFLAAK	3
LPUAD2428-22	GFLAAK	17
LPUAD2429-22	GFLAAK	33
LPUAD2430-22	GFLAAK	39
LPUAD2431-22	GFLAAK	28
LPUAD2432-22	GFLAAK	12
LPUAD2433-22	GFLAAK	39
LPUAD2434-22	GFLAAK	20
LPUAD2435-22	GFLAAK	35
LPUAD2436-22	GFLAAK	18
LPUAD2437-22	GFLAAK	32
LPUAD2438-22	GFLAAK	25
LPUAD2439-22	GFLAAK	25
LPUAD2440-22	GFLAAK	54
LPUAD2441-22	GFLAAK	33
LPUAD2442-22	GFLAAK	26
LPUAD2443-22	GFLAAK	18
LPUAD2444-22	GFLAAK	26
LPUAD2445-22	GFLAAK	24
LPUAD2446-22	GFLAAK	43
LPUAD2447-22	GFLAAK	26
LPUAD2448-22	GFLAAK	6
LPUAD2449-22	GFLAAK	32
LPUAD2450-22	GFLAAK	25
LPUAD2451-22	GFLAAK	34
LPUAD2452-22	GFLAAK	35
LPUAD2453-22	GFLAAK	42
LPUAD2454-22	GFLAAK	38
LPUAD2455-22	GFLAAK	28
LPUAD2456-22	GFLAAK	11
LPUAD2457-22	GFLAAK	21
LPUAD2458-22	GFLAAK	43
LPUAD2459-22	GFLAAK	25
LPUAD2460-22	GFLAAK	34
LPUAD2461-22	GFLAAK	31
LPUAD2462-22	GFLAAK	38
LPUAD2463-22	GFLAAK	2
LPUAD2464-22	GFLAAK	22
LPUAD2465-22	GFLAAK	4
LPUAD2466-22	GFLAAK	1
LPUAD2467-22	GFLAAK	4
LPUAD2468-22	GFLAAK	29
LPUAD2469-22	GFLAAK	36
LPUAD2470-22	GFLAAK	29
LPUAD2471-22	GFLAAK	24
LPUAD2472-22	GFLAAK	35
LPUAD2473-22	GFLAAK	82
LPUAD2474-22	GFLAAK	58
LPUAD2475-22	GFLAAK	58
LPUAD2476-22	GFLAAK	67
LPUAD2477-22	GFLAAK	40
LPUAD2478-22	GFLAAK	58
LPUAD2479-22	GFLAAK	67
LPUAD2480-22	GFLAAK	60
LPUAD2481-22	GFLAAK	61
LPUAD2482-22	GFLAAK	62
LPUAD2483-22	GFLAAK	69
LPUAD2484-22	GFLAAK	57
LPUAD2485-22	GFLAAK	64
LPUAD2486-22	GFLAAK	55
LPUAD2487-22	GFLAAK	74
LPUAD2488-22	GFLAAK	59
LPUAD2489-22	GFLAAK	66
LPUAD2490-22	GFLAAK	54
LPUAD2491-22	GFLAAK	60
LPUAD2492-22	GFLAAK	74
LPUAD2493-22	GFLAAK	62
LPUAD2494-22	GFLAAK	56
LPUAD2495-22	GFLAAK	58
LPUAD2496-22	GFLAAK	74
LPUAD2497-22	GFLAAK	69
LPUAD2498-22	GFLAAK	50
LPUAD2499-22	GFLAAK	56
LPUAD2500-22	GFLAAK	69
LPUAD2501-22	GFLAAK	59
LPUAD2502-22	GFLAAK	74
LPUAD2503-22	GFLAAK	77
LPUAD2504-22	GFLAAK	63
LPUAD2505-22	GFLAAK	22
LPUAD2506-22	GFLAAK	59
LPUAD2507-22	GFLAAK	7
LPUAD2508-22	GFLAAK	64
LPUAD2509-22	GFLAAK	56
LPUAD2510-22	GFLAAK	61
LPUAD2511-22	GFLAAK	44
LPUAD2512-22	GFLAAK	72
LPUAD2513-22	GFLAAK	60
LPUAD2514-22	GFLAAK	50
LPUAD2515-22	GFLAAK	61
LPUAD2516-22	GFLAAK	38
LPUAD2517-22	GFLAAK	25
LPUAD2518-22	GFLAAK	72
LPUAD2519-22	GFLAAK	63
LPUAD2520-22	GFLAAK	62
LPUAD2521-22	GFLAAK	55
LPUAD2522-22	GFLAAK	67
LPUAD2523-22	GFLAAK	60
LPUAD2524-22	GFLAAK	63
LPUAD2525-22	GFLAAK	53
LPUAD2526-22	GFLAAK	79
LPUAD2527-22	GFLAAK	54
LPUAD2528-22	GFLAAK	51
LPUAD2529-22	GFLAAK	63
LPUAD2530-22	GFLAAK	65
LPUAD2531-22	GFLAAK	46
LPUAD2532-22	GFLAAK	58
LPUAD2533-22	GFLAAK	78
LPUAD2534-22	GFLAAK	47
LPUAD2535-22	GFLAAK	74
LPUAD2536-22	GFLAAK	37
LPUAD2537-22	GFLAAK	75
LPUAD2538-22	GFLAAK	67
LPUAD2539-22	GFLAAK	63
LPUAD2540-22	GFLAAK	61
LPUAD2541-22	GFLAAK	86
LPUAD2542-22	GFLAAK	68
LPUAD2543-22	GFLAAK	47
LPUAD2544-22	GFLAAK	66
LPUAD2545-22	GFLAAK	51
LPUAD2546-22	GFLAAK	64
LPUAD2547-22	GFLAAK	84
LPUAD2548-22	GFLAAK	66
LPUAD2549-22	GFLAAK	79
LPUAD2550-22	GFLAAK	81
LPUAD2551-22	GFLAAK	56
LPUAD2552-22	GFLAAK	51
LPUAD2553-22	GFLAAK	48
LPUAD2554-22	GFLAAK	38
LPUAD2555-22	GFLAAK	73
LPUAD2556-22	GFLAAK	58
LPUAD2558-22	GFLAAK	79
LPUAD2559-22	GFLAAK	33
LPUAD2560-22	GFLAAK	62
LPUAD2561-22	GFLAAK	69
LPUAD2562-22	GFLAAK	56
LPUAD2563-22	GFLAAK	35
LPUAD2564-22	GFLAAK	18
LPUAD2565-22	GFLAAK	56
LPUAD2566-22	GFLAAK	52
LPUAD2567-22	GFLAAK	59
LPUAD2568-22	GFLAAK	68
LPUAD2569-22	GFLAAK	60
LPUAD2570-22	GFLAAK	71
LPUAD2571-22	GFLAAK	68
LPUAD2572-22	GFLAAK	6
LPUAD2573-22	GFLAAK	65
LPUAD2574-22	GFLAAK	61
LPUAD2575-22	GFLAAK	52
LPUAD2576-22	GFLAAK	59
LPUAD2577-22	GFLAAK	65
LPUAD2578-22	GFLAAK	66
LPUAD2579-22	GFLAAK	78
LPUAD2581-22	GFLAAK	64
LPUAD2582-22	GFLAAK	64
LPUAD2583-22	GFLAAK	58
LPUAD2584-22	GFLAAK	71
LPUAD2585-22	GFLAAK	61
LPUAD2586-22	GFLAAK	57
LPUAD2587-22	GFLAAK	26
LPUAD2588-22	GFLAAK	67
LPUAD2589-22	GFLAAK	61
LPUAD2590-22	GFLAAK	57
LPUAD2591-22	GFLAAK	59
LPUAD2592-22	GFLAAK	1
LPUAD2593-22	GFLAAK	61
LPUAD2594-22	GFLAAK	55
LPUAD2595-22	GFLAAK	37
LPUAD2596-22	GFLAAK	67
LPUAD2597-22	GFLAAK	58
LPUAD2598-22	GFLAAK	68
LPUAD2599-22	GFLAAK	63
LPUAD2600-22	GFLAAK	55
LPUAD2601-22	GFLAAK	63
LPUAD2602-22	GFLAAK	64
LPUAD2603-22	GFLAAK	59
LPUAD2605-22	GFLAAK	69
LPUAD2606-22	GFLAAK	85
LPUAD2607-22	GFLAAK	62
LPUAD2608-22	GFLAAK	58
LPUAD2609-22	GFLAAK	39
LPUAD2610-22	GFLAAK	72
LPUAD2611-22	GFLAAK	63
LPUAD2612-22	GFLAAK	79
LPUAD2613-22	GFLAAK	59
LPUAD2614-22	GFLAAK	67
LPUAD2615-22	GFLAAK	70
LPUAD2617-22	GFLAAK	63
LPUAD2618-22	GFLAAK	42
LPUAD2619-22	GFLAAK	47
LPUAD2620-22	GFLAAK	50
LPUAD2621-22	GFLAAK	43
LPUAD2622-22	GFLAAK	66
LPUAD2623-22	GFLAAK	56
LPUAD2624-22	GFLAAK	69
LPUAD2625-22	GFLAAK	58
LPUAD2626-22	GFLAAK	65
LPUAD2627-22	GFLAAK	54
LPUAD2629-22	GFLAAK	53
LPUAD2630-22	GFLAAK	75
LPUAD2631-22	GFLAAK	69
LPUAD2632-22	GFLAAK	77
LPUAD2633-22	GFLAAK	65
LPUAD2634-22	GFLAAK	72
LPUAD2635-22	GFLAAK	77
LPUAD2636-22	GFLAAK	36
LPUAD2637-22	GFLAAK	52
LPUAD2638-22	GFLAAK	58
LPUAD2639-22	GFLAAK	48
LPUAD2640-22	GFLAAK	60
LPUAD2641-22	GFLAAK	47
LPUAD2642-22	GFLAAK	9
LPUAD2643-22	GFLAAK	75
LPUAD2644-22	GFLAAK	60
LPUAD2645-22	GFLAAK	73
LPUAD2646-22	GFLAAK	54
LPUAD2647-22	GFLAAK	60
LPUAD2648-22	GFLAAK	68
LPUAD2649-22	GFLAAK	59
LPUAD2650-22	GFLAAK	85
LPUAD2651-22	GFLAAK	66
LPUAD2652-22	GFLAAK	75
LPUAD2653-22	GFLAAK	89
LPUAD2654-22	GFLAAK	73
LPUAD2655-22	GFLAAK	57
LPUAD2656-22	GFLAAK	6
LPUAD2657-22	GFLAAK	51
LPUAD2658-22	GFLAAK	72
LPUAD2659-22	GFLAAK	58
LPUAD2660-22	GFLAAK	53
LPUAD2661-22	GFLAAK	75
LPUAD2662-22	GFLAAK	72
LPUAD2664-22	GFLAAK	81
LPUAD2665-22	GFLAAK	42
LPUAD2666-22	GFLAAK	48
LPUAD2667-22	GFLAAK	53
LPUAD2668-22	GFLAAK	49
LPUAD2669-22	GFLAAK	74
LPUAD2670-22	GFLAAK	61
LPUAD2671-22	GFLAAK	77
LPUAD2672-22	GFLAAK	61
LPUAD2673-22	GFLAAK	71
LPUAD2674-22	GFLAAK	5
LPUAD2675-22	GFLAAK	62
LPUAD2676-22	GFLAAK	63
LPUAD2677-22	GFLAAK	67
LPUAD2678-22	GFLAAK	37
LPUAD2679-22	GFLAAK	54
LPUAD2680-22	GFLAAK	47
LPUAD2681-22	GFLAAK	26
LPUAD2682-22	GFLAAK	27
LPUAD2683-22	GFLAAK	62
LPUAD2684-22	GFLAAK	77
LPUAD2685-22	GFLAAK	76
LPUAD2686-22	GFLAAK	58
LPUAD2687-22	GFLAAK	63
LPUAD2688-22	GFLAAK	70
LPUAD2689-22	GFLAAK	60
LPUAD2690-22	GFLAAK	71
LPUAD2691-22	GFLAAK	20
LPUAD2692-22	GFLAAK	48
LPUAD2693-22	GFLAAK	73
LPUAD2694-22	GFLAAK	67
LPUAD2695-22	GFLAAK	75
LPUAD2696-22	GFLAAK	72
LPUAD2697-22	GFLAAK	92
LPUAD2698-22	GFLAAK	46
LPUAD2699-22	GFLAAK	79
LPUAD2700-22	GFLAAK	54
LPUAD2701-22	GFLAAK	65
LPUAD2702-22	GFLAAK	55
LPUAD2703-22	GFLAAK	50
LPUAD2704-22	GFLAAK	69
LPUAD2705-22	GFLAAK	62
LPUAD2706-22	GFLAAK	69
LPUAD2707-22	GFLAAK	64
LPUAD2708-22	GFLAAK	70
LPUAD2709-22	GFLAAK	86
LPUAD2710-22	GFLAAK	78
LPUAD2711-22	GFLAAK	58
LPUAD2712-22	GFLAAK	61
LPUAD2713-22	GFLAAK	46
LPUAD2714-22	GFLAAK	55
LPUAD2715-22	GFLAAK	59
LPUAD2716-22	GFLAAK	55
LPUAD2717-22	GFLAAK	25
LPUAD2718-22	GFLAAK	40
LPUAD2719-22	GFLAAK	49
LPUAD2720-22	GFLAAK	51
LPUAD2721-22	GFLAAK	78
LPUAD2722-22	GFLAAK	54
LPUAD2723-22	GFLAAK	59
LPUAD2724-22	GFLAAK	58
LPUAD2725-22	GFLAAK	68
LPUAD2726-22	GFLAAK	83
LPUAD2727-22	GFLAAK	64
LPUAD2728-22	GFLAAK	85
LPUAD2729-22	GFLAAK	47
LPUAD2730-22	GFLAAK	63
LPUAD2731-22	GFLAAK	61
LPUAD2732-22	GFLAAK	56
LPUAD2733-22	GFLAAK	78
LPUAD2734-22	GFLAAK	67
LPUAD2735-22	GFLAAK	67
LPUAD2736-22	GFLAAK	74
LPUAD2737-22	GFLAAK	58
LPUAD2738-22	GFLAAK	55
LPUAD2739-22	GFLAAK	72
LPUAD2740-22	GFLAAK	56
LPUAD2741-22	GFLAAK	80
LPUAD2742-22	GFLAAK	78
LPUAD2743-22	GFLAAK	68
LPUAD2744-22	GFLAAK	62
LPUAD2745-22	GFLAAK	8
LPUAD2746-22	GFLAAK	71
LPUAD2747-22	GFLAAK	60
LPUAD2748-22	GFLAAK	56
LPUAD2749-22	GFLAAK	56
LPUAD2750-22	GFLAAK	54
LPUAD2751-22	GFLAAK	55
LPUAD2752-22	GFLAAK	57
LPUAD2753-22	GFLAAK	68
LPUAD2754-22	GFLAAK	47
LPUAD2755-22	GFLAAK	62
LPUAD2756-22	GFLAAK	61
LPUAD2757-22	GFLAAK	73
LPUAD2758-22	GFLAAK	54
LPUAD2759-22	GFLAAK	73
LPUAD2760-22	GFLAAK	22
LPUAD2761-22	GFLAAK	44
LPUAD2762-22	GFLAAK	54
LPUAD2763-22	GFLAAK	78
LPUAD2764-22	GFLAAK	47
LPUAD2765-22	GFLAAK	69
LPUAD2766-22	GFLAAK	64
LPUAD2767-22	GFLAAK	69
LPUAD2768-22	GFLAAK	64
LPUAD2770-22	GFLAAK	66
LPUAD2771-22	GFLAAK	85
LPUAD2772-22	GFLAAK	35
LPUAD2773-22	GFLAAK	52
LPUAD2774-22	GFLAAK	67
LPUAD2775-22	GFLAAK	53
LPUAD2776-22	GFLAAK	76
LPUAD2777-22	GFLAAK	43
LPUAD2778-22	GFLAAK	62
LPUAD2779-22	GFLAAK	62
LPUAD2780-22	GFLAAK	77
LPUAD2782-22	GFLAAK	56
LPUAD2783-22	GFLAAK	71
LPUAD2784-22	GFLAAK	52
LPUAD2785-22	GFLAAK	65
LPUAD2786-22	GFLAAK	71
LPUAD2787-22	GFLAAK	9
LPUAD2788-22	GFLAAK	69
LPUAD2789-22	GFLAAK	74
LPUAD2790-22	GFLAAK	70
LPUAD2791-22	GFLAAK	38
LPUAD2792-22	GFLAAK	72
LPUAD2793-22	GFLAAK	85
LPUAD2794-22	GFLAAK	66
LPUAD2795-22	GFLAAK	61
LPUAD2796-22	GFLAAK	58
LPUAD2797-22	GFLAAK	65
LPUAD2798-22	GFLAAK	60
LPUAD2799-22	GFLAAK	79
LPUAD2800-22	GFLAAK	63
LPUAD2801-22	GFLAAK	75
LPUAD2802-22	GFLAAK	58
LPUAD2803-22	GFLAAK	58
LPUAD2804-22	GFLAAK	49
LPUAD2805-22	GFLAAK	50
LPUAD2806-22	GFLAAK	60
LPUAD2807-22	GFLAAK	63
LPUAD2808-22	GFLAAK	55
LPUAD2809-22	GFLAAK	33
LPUAD2810-22	GFLAAK	57
LPUAD2811-22	GFLAAK	53
LPUAD2812-22	GFLAAK	64
LPUAD2813-22	GFLAAK	51
LPUAD2814-22	GFLAAK	44
LPUAD2815-22	GFLAAK	38
LPUAD2816-22	GFLAAK	70
LPUAD2817-22	GFLAAK	53
LPUAD2818-22	GFLAAK	52
LPUAD2819-22	GFLAAK	68
LPUAD2820-22	GFLAAK	57
LPUAD2821-22	GFLAAK	60
LPUAD2822-22	GFLAAK	52
LPUAD2823-22	GFLAAK	47
LPUAD2824-22	GFLAAK	70
LPUAD2825-22	GFLAAK	63
LPUAD2826-22	GFLAAK	39
LPUAD2827-22	GFLAAK	64
LPUAD2828-22	GFLAAK	72
LPUAD2829-22	GFLAAK	50
LPUAD2830-22	GFLAAK	61
LPUAD2831-22	GFLAAK	48
LPUAD2832-22	GFLAAK	58
LPUAD2833-22	GFLAAK	57
LPUAD2834-22	GFLAAK	66
LPUAD2835-22	GFLAAK	48
LPUAD2836-22	GFLAAK	59
LPUAD2837-22	GFLAAK	69
LPUAD2838-22	GFLAAK	49
LPUAD2839-22	GFLAAK	49
LPUAD2840-22	GFLAAK	87
LPUAD2841-22	GFLAAK	79
LPUAD2842-22	GFLAAK	54
LPUAD2843-22	GFLAAK	61
LPUAD2844-22	GFLAAK	43
LPUAD2845-22	GFLAAK	23
LPUAD2846-22	GFLAAK	59
LPUAD2847-22	GFLAAK	47
LPUAD2848-22	GFLAAK	14
LPUAD2849-22	GFLAAK	13
LPUAD2850-22	GFLAAK	68
LPUAD2851-22	GFLAAK	66
LPUAD2852-22	GFLAAK	61
LPUAD2853-22	GFLAAK	19
LPUAD2854-22	GFLAAK	44
LPUAD2855-22	GFLAAK	48
LPUAD2856-22	GFLAAK	18
LPUAD2857-22	GFLAAK	30
LPUAD2858-22	GFLAAK	27
LPUAD2859-22	GFLAAK	32
LPUAD2860-22	GFLAAK	32
LPUAD2861-22	GFLAAK	24
LPUAD2862-22	GFLAAK	36
LPUAD2863-22	GFLAAK	31
LPUAD2864-22	GFLAAK	22
LPUAD2865-22	GFLAAK	40
LPUAD2866-22	GFLAAK	23
LPUAD2867-22	GFLAAK	56
LPUAD2868-22	GFLAAK	29
LPUAD2869-22	GFLAAK	28
LPUAD2870-22	GFLAAK	35
LPUAD2871-22	GFLAAK	36
LPUAD2872-22	GFLAAK	32
LPUAD2873-22	GFLAAK	24
LPUAD2874-22	GFLAAK	37
LPUAD2875-22	GFLAAK	43
LPUAD2876-22	GFLAAK	33
LPUAD2877-22	GFLAAK	32
LPUAD2878-22	GFLAAK	36
LPUAD2879-22	GFLAAK	37
LPUAD2880-22	GFLAAK	33
LPUAD2881-22	GFLAAK	20
LPUAD2882-22	GFLAAK	41
LPUAD2883-22	GFLAAK	10
LPUAD2884-22	GFLAAK	26
LPUAD2885-22	GFLAAK	37
LPUAD2886-22	GFLAAK	32
LPUAD2887-22	GFLAAK	33
LPUAD2888-22	GFLAAK	19
LPUAD2889-22	GFLAAK	45
LPUAD2890-22	GFLAAK	31
LPUAD2891-22	GFLAAK	40
LPUAD2892-22	GFLAAK	18
LPUAD2893-22	GFLAAK	37
LPUAD2894-22	GFLAAK	37
LPUAD2895-22	GFLAAK	29
LPUAD2896-22	GFLAAK	24
LPUAD2897-22	GFLAAK	27
LPUAD2898-22	GFLAAK	19
LPUAD2899-22	GFLAAK	34
LPUAD2900-22	GFLAAK	21
LPUAD2901-22	GFLAAK	40
LPUAD2902-22	GFLAAK	27
LPUAD2903-22	GFLAAK	16
LPUAD2904-22	GFLAAK	16
LPUAD2905-22	GFLAAK	28
LPUAD2906-22	GFLAAK	28
LPUAD2907-22	GFLAAK	27
LPUAD2908-22	GFLAAK	40
LPUAD2909-22	GFLAAK	31
LPUAD2910-22	GFLAAK	42
LPUAD2911-22	GFLAAK	35
LPUAD2912-22	GFLAAK	21
LPUAD2913-22	GFLAAK	36
LPUAD2914-22	GFLAAK	20
LPUAD2915-22	GFLAAK	29
LPUAD2916-22	GFLAAK	27
LPUAD2917-22	GFLAAK	41
LPUAD2918-22	GFLAAK	28
LPUAD2919-22	GFLAAK	19
LPUAD2920-22	GFLAAK	35
LPUAD2921-22	GFLAAK	27
LPUAD2922-22	GFLAAK	29
LPUAD2923-22	GFLAAK	12
LPUAD2925-22	GFLAAK	50
LPUAD2926-22	GFLAAK	44
LPUAD2927-22	GFLAAK	35
LPUAD2929-22	GFLAAK	31
LPUAD2930-22	GFLAAK	36
LPUAD2931-22	GFLAAK	23
LPUAD2932-22	GFLAAK	33
LPUAD2933-22	GFLAAK	36
LPUAD2934-22	GFLAAK	28
LPUAD2935-22	GFLAAK	27
LPUAD2936-22	GFLAAK	19
LPUAD2937-22	GFLAAK	9
LPUAD2938-22	GFLAAK	38
LPUAD2939-22	GFLAAK	18
LPUAD2940-22	GFLAAK	46
LPUAD2941-22	GFLAAK	28
LPUAD2942-22	GFLAAK	32
LPUAD2943-22	GFLAAK	18
LPUAD2944-22	GFLAAK	40
LPUAD2945-22	GFLAAK	22
LPUAD2946-22	GFLAAK	28
LPUAD2947-22	GFLAAK	26
LPUAD2948-22	GFLAAK	41
LPUAD2949-22	GFLAAK	41
LPUAD2950-22	GFLAAK	47
LPUAD2951-22	GFLAAK	24
LPUAD2952-22	GFLAAK	5
LPUAD2953-22	GFLAAK	32
LPUAD2954-22	GFLAAK	28
LPUAD2955-22	GFLAAK	26
LPUAD2956-22	GFLAAK	27
LPUAD2957-22	GFLAAK	39
LPUAD2958-22	GFLAAK	25
LPUAD2959-22	GFLAAK	33
LPUAD2960-22	GFLAAK	40
LPUAD2961-22	GFLAAK	46
LPUAD2962-22	GFLAAK	33
LPUAD2963-22	GFLAAK	25
LPUAD2964-22	GFLAAK	19
LPUAD2965-22	GFLAAK	30
LPUAD2966-22	GFLAAK	28
LPUAD2967-22	GFLAAK	39
LPUAD2968-22	GFLAAK	23
LPUAD2969-22	GFLAAK	20
LPUAD2970-22	GFLAAK	28
LPUAD2971-22	GFLAAK	18
LPUAD2972-22	GFLAAK	8
LPUAD2973-22	GFLAAK	22
LPUAD2974-22	GFLAAK	34
LPUAD2975-22	GFLAAK	24
LPUAD2976-22	GFLAAK	42
LPUAD2977-22	GFLAAK	32
LPUAD2978-22	GFLAAK	16
LPUAD2979-22	GFLAAK	29
LPUAD2980-22	GFLAAK	38
LPUAD2981-22	GFLAAK	26
LPUAD2982-22	GFLAAK	31
LPUAD2983-22	GFLAAK	13
LPUAD2984-22	GFLAAK	39
LPUAD2985-22	GFLAAK	28
LPUAD2986-22	GFLAAK	31
LPUAD2987-22	GFLAAK	27
LPUAD2988-22	GFLAAK	27
LPUAD2989-22	GFLAAK	23
LPUAD2990-22	GFLAAK	34
LPUAD2991-22	GFLAAK	38
LPUAD2992-22	GFLAAK	28
LPUAD2993-22	GFLAAK	28
LPUAD2994-22	GFLAAK	30
LPUAD2995-22	GFLAAK	30
LPUAD2996-22	GFLAAK	24
LPUAD2997-22	GFLAAK	29
LPUAD2998-22	GFLAAK	40
LPUAD2999-22	GFLAAK	12
LPUAD3000-22	GFLAAK	20
LPUAD3001-22	GFLAAK	26
LPUAD3002-22	GFLAAK	15
LPUAD3004-22	GFLAAK	21
LPUAD3005-22	GFLAAK	21
LPUAD3006-22	GFLAAK	28
LPUAD3007-22	GFLAAK	12
LPUAD3008-22	GFLAAK	34
LPUAD3009-22	GFLAAK	32
LPUAD3010-22	GFLAAK	29
LPUAD3011-22	GFLAAK	29
LPUAD3012-22	GFLAAK	36
LPUAD3013-22	GFLAAK	9
LPUAD3014-22	GFLAAK	38
LPUAD3015-22	GFLAAK	32
LPUAD3016-22	GFLAAK	43
LPUAD3017-22	GFLAAK	30
LPUAD3018-22	GFLAAK	31
LPUAD3019-22	GFLAAK	31
LPUAD3020-22	GFLAAK	57
LPUAD3021-22	GFLAAK	22
LPUAD3022-22	GFLAAK	30
LPUAD3023-22	GFLAAK	16
LPUAD3024-22	GFLAAK	33
LPUAD3025-22	GFLAAK	22
LPUAD3026-22	GFLAAK	26
LPUAD3027-22	GFLAAK	20
LPUAD3028-22	GFLAAK	6
LPUAD3029-22	GFLAAK	28
LPUAD3030-22	GFLAAK	26
LPUAD3031-22	GFLAAK	15
LPUAD3032-22	GFLAAK	33
LPUAD3033-22	GFLAAK	40
LPUAD3034-22	GFLAAK	42
LPUAD3035-22	GFLAAK	30
LPUAD3036-22	GFLAAK	43
LPUAD3037-22	GFLAAK	22
LPUAD3039-22	GFLAAK	12
LPUAD3040-22	GFLAAK	41
LPUAD3041-22	GFLAAK	53
LPUAD3042-22	GFLAAK	25
LPUAD3044-22	GFLAAK	35
LPUAD3045-22	GFLAAK	12
LPUAD3046-22	GFLAAK	25
LPUAD3047-22	GFLAAK	26
LPUAD3048-22	GFLAAK	24
LPUAD3049-22	GFLAAK	35
LPUAD3050-22	GFLAAK	15
LPUAD3051-22	GFLAAK	39
LPUAD3052-22	GFLAAK	21
LPUAD3053-22	GFLAAK	34
LPUAD3054-22	GFLAAK	39
LPUAD3056-22	GFLAAK	38
LPUAD3057-22	GFLAAK	27
LPUAD3058-22	GFLAAK	25
LPUAD3059-22	GFLAAK	31
LPUAD3060-22	GFLAAK	30
LPUAD3061-22	GFLAAK	30
LPUAD3062-22	GFLAAK	20
LPUAD3063-22	GFLAAK	38
LPUAD3064-22	GFLAAK	38
LPUAD3065-22	GFLAAK	57
LPUAD3066-22	GFLAAK	47
LPUAD3067-22	GFLAAK	24
LPUAD3068-22	GFLAAK	32
LPUAD3069-22	GFLAAK	28
LPUAD3070-22	GFLAAK	45
LPUAD3071-22	GFLAAK	34
LPUAD3072-22	GFLAAK	35
LPUAD3073-22	GFLAAK	32
LPUAD3074-22	GFLAAK	34
LPUAD3075-22	GFLAAK	29
LPUAD3076-22	GFLAAK	43
LPUAD3077-22	GFLAAK	40
LPUAD3078-22	GFLAAK	43
LPUAD3079-22	GFLAAK	25
LPUAD3080-22	GFLAAK	34
LPUAD3081-22	GFLAAK	31
LPUAD3082-22	GFLAAK	30
LPUAD3083-22	GFLAAK	11
LPUAD3084-22	GFLAAK	42
LPUAD3085-22	GFLAAK	25
LPUAD3086-22	GFLAAK	33
LPUAD3087-22	GFLAAK	31
LPUAD3088-22	GFLAAK	44
LPUAD3089-22	GFLAAK	22
LPUAD3090-22	GFLAAK	38
LPUAD3091-22	GFLAAK	37
LPUAD3092-22	GFLAAK	24
LPUAD3093-22	GFLAAK	26
LPUAD3094-22	GFLAAK	32
LPUAD3095-22	GFLAAK	32
LPUAD3096-22	GFLAAK	16
LPUAD3097-22	GFLAAK	39
LPUAD3098-22	GFLAAK	22
LPUAD3099-22	GFLAAK	22
LPUAD3100-22	GFLAAK	31
LPUAD3101-22	GFLAAK	19
LPUAD3102-22	GFLAAK	41
LPUAD3103-22	GFLAAK	40
LPUAD3104-22	GFLAAK	46
LPUAD3105-22	GFLAAK	39
LPUAD3106-22	GFLAAK	18
LPUAD3107-22	GFLAAK	30
LPUAD3108-22	GFLAAK	24
LPUAD3109-22	GFLAAK	35
LPUAD3110-22	GFLAAK	38
LPUAD3111-22	GFLAAK	23
LPUAD3112-22	GFLAAK	12
LPUAD3113-22	GFLAAK	35
LPUAD3114-22	GFLAAK	32
LPUAD3115-22	GFLAAK	44
LPUAD3116-22	GFLAAK	49
LPUAD3117-22	GFLAAK	37
LPUAD3118-22	GFLAAK	31
LPUAD3119-22	GFLAAK	44
LPUAD3120-22	GFLAAK	36
LPUAD3121-22	GFLAAK	35
LPUAD3122-22	GFLAAK	30
LPUAD3123-22	GFLAAK	32
LPUAD3124-22	GFLAAK	41
LPUAD3125-22	GFLAAK	48
LPUAD3126-22	GFLAAK	47
LPUAD3127-22	GFLAAK	45
LPUAD3128-22	GFLAAK	42
LPUAD3129-22	GFLAAK	21
LPUAD3130-22	GFLAAK	37
LPUAD3131-22	GFLAAK	35
LPUAD3132-22	GFLAAK	35
LPUAD3133-22	GFLAAK	39
LPUAD3134-22	GFLAAK	43
LPUAD3135-22	GFLAAK	26
LPUAD3136-22	GFLAAK	39
LPUAD3137-22	GFLAAK	43
LPUAD3138-22	GFLAAK	55
LPUAD3139-22	GFLAAK	24
LPUAD3140-22	GFLAAK	57
LPUAD3141-22	GFLAAK	43
LPUAD3142-22	GFLAAK	46
LPUAD3143-22	GFLAAK	58
LPUAD3144-22	GFLAAK	33
LPUAD3145-22	GFLAAK	29
LPUAD3146-22	GFLAAK	46
LPUAD3147-22	GFLAAK	46
LPUAD3148-22	GFLAAK	50
LPUAD3150-22	GFLAAK	40
LPUAD3151-22	GFLAAK	54
LPUAD3152-22	GFLAAK	29
LPUAD3153-22	GFLAAK	59
LPUAD3154-22	GFLAAK	24
LPUAD3155-22	GFLAAK	53
LPUAD3156-22	GFLAAK	54
LPUAD3157-22	GFLAAK	40
LPUAD3158-22	GFLAAK	42
LPUAD3159-22	GFLAAK	50
LPUAD3160-22	GFLAAK	54
LPUAD3162-22	GFLAAK	48
LPUAD3163-22	GFLAAK	49
LPUAD3164-22	GFLAAK	47
LPUAD3165-22	GFLAAK	61
LPUAD3166-22	GFLAAK	53
LPUAD3167-22	GFLAAK	53
LPUAD3168-22	GFLAAK	44
LPUAD3169-22	GFLAAK	38
LPUAD3170-22	GFLAAK	56
LPUAD3171-22	GFLAAK	44
LPUAD3172-22	GFLAAK	57
LPUAD3173-22	GFLAAK	51
LPUAD3174-22	GFLAAK	42
LPUAD3175-22	GFLAAK	41
LPUAD3176-22	GFLAAK	46
LPUAD3177-22	GFLAAK	55
LPUAD3178-22	GFLAAK	44
LPUAD3179-22	GFLAAK	62
LPUAD3180-22	GFLAAK	53
LPUAD3181-22	GFLAAK	52
LPUAD3182-22	GFLAAK	53
LPUAD3183-22	GFLAAK	49
LPUAD3184-22	GFLAAK	52
LPUAD3185-22	GFLAAK	42
LPUAD3186-22	GFLAAK	52
LPUAD3187-22	GFLAAK	54
LPUAD3188-22	GFLAAK	43
LPUAD3189-22	GFLAAK	45
LPUAD3190-22	GFLAAK	45
LPUAD3191-22	GFLAAK	44
LPUAD3192-22	GFLAAK	40
LPUAD3193-22	GFLAAK	64
LPUAD3194-22	GFLAAK	40
LPUAD3195-22	GFLAAK	47
LPUAD3196-22	GFLAAK	58
LPUAD3197-22	GFLAAK	48
LPUAD3198-22	GFLAAK	64
LPUAD3199-22	GFLAAK	53
LPUAD3200-22	GFLAAK	39
LPUAD3201-22	GFLAAK	34
LPUAD3202-22	GFLAAK	61
LPUAD3203-22	GFLAAK	54
LPUAD3204-22	GFLAAK	38
LPUAD3205-22	GFLAAK	49
LPUAD3206-22	GFLAAK	23
LPUAD3207-22	GFLAAK	45
LPUAD3208-22	GFLAAK	41
LPUAD3209-22	GFLAAK	51
LPUAD3210-22	GFLAAK	66
LPUAD3211-22	GFLAAK	58
LPUAD3212-22	GFLAAK	67
LPUAD3213-22	GFLAAK	79
LPUAD3214-22	GFLAAK	47
LPUAD3215-22	GFLAAK	50
LPUAD3216-22	GFLAAK	54
LPUAD3217-22	GFLAAK	47
LPUAD3218-22	GFLAAK	60
LPUAD3219-22	GFLAAK	60
LPUAD3220-22	GFLAAK	11
LPUAD3221-22	GFLAAK	23
LPUAD3222-22	GFLAAK	63
LPUAD3223-22	GFLAAK	46
LPUAD3224-22	GFLAAK	38
LPUAD3225-22	GFLAAK	33
LPUAD3226-22	GFLAAK	58
LPUAD3227-22	GFLAAK	52
LPUAD3228-22	GFLAAK	34
LPUAD3229-22	GFLAAK	43
LPUAD3230-22	GFLAAK	45
LPUAD3231-22	GFLAAK	43
LPUAD3232-22	GFLAAK	49
LPUAD3613-22	GFLAAK	58
LPUAD3614-22	GFLAAK	1
LPUAD3615-22	GFLAAK	41
LPUAD3616-22	GFLAAK	44
LPUAD3617-22	GFLAAK	41
LPUAD3618-22	GFLAAK	41
LPUAD3619-22	GFLAAK	30
LPUAD3620-22	GFLAAK	48
LPUAD3621-22	GFLAAK	6
LPUAD3622-22	GFLAAK	16
LPUAD3623-22	GFLAAK	41
LPUAD3624-22	GFLAAK	35
LPUAD3625-22	GFLAAK	44
LPUAD3626-22	GFLAAK	50
LPUAD3627-22	GFLAAK	46
LPUAD3628-22	GFLAAK	35
LPUAD3629-22	GFLAAK	12
LPUAD3630-22	GFLAAK	43
LPUAD3631-22	GFLAAK	40
LPUAD3632-22	GFLAAK	39
LPUAD3633-22	GFLAAK	29
LPUAD3634-22	GFLAAK	38
LPUAD3635-22	GFLAAK	51
LPUAD3636-22	GFLAAK	48
LPUAD3637-22	GFLAAK	62
LPUAD3638-22	GFLAAK	42
LPUAD3639-22	GFLAAK	55
LPUAD3640-22	GFLAAK	53
LPUAD3641-22	GFLAAK	56
LPUAD3642-22	GFLAAK	58
LPUAD3643-22	GFLAAK	39
LPUAD3644-22	GFLAAK	57
LPUAD3645-22	GFLAAK	51
LPUAD3646-22	GFLAAK	58
LPUAD3647-22	GFLAAK	39
LPUAD3648-22	GFLAAK	42
LPUAD3649-22	GFLAAK	47
LPUAD3650-22	GFLAAK	41
LPUAD3651-22	GFLAAK	11
LPUAD3652-22	GFLAAK	33
LPUAD3653-22	GFLAAK	54
LPUAD3654-22	GFLAAK	36
LPUAD3655-22	GFLAAK	55
LPUAD3656-22	GFLAAK	36
LPUAD3657-22	GFLAAK	42
LPUAD3658-22	GFLAAK	62
LPUAD3659-22	GFLAAK	51
LPUAD3660-22	GFLAAK	46
LPUAD3661-22	GFLAAK	50
LPUAD3662-22	GFLAAK	53
LPUAD3663-22	GFLAAK	26
LPUAD3664-22	GFLAAK	32
LPUAD3665-22	GFLAAK	53
LPUAD3666-22	GFLAAK	33
LPUAD3667-22	GFLAAK	30
LPUAD3668-22	GFLAAK	47
LPUAD3669-22	GFLAAK	22
LPUAD3670-22	GFLAAK	2
LPUAD3672-22	GFLAAK	30
LPUAD3673-22	GFLAAK	57
LPUAD3674-22	GFLAAK	11
LPUAD3675-22	GFLAAK	10
LPUAD3676-22	GFLAAK	43
LPUAD3677-22	GFLAAK	52
LPUAD3678-22	GFLAAK	8
LPUAD3679-22	GFLAAK	2
LPUAD3682-22	GFLAAK	10
LPUAD3683-22	GFLAAK	12
LPUAD3684-22	GFLAAK	22
LPUAD3685-22	GFLAAK	3
LPUAD3686-22	GFLAAK	4
LPUAD3687-22	GFLAAK	7
LPUAD3688-22	GFLAAK	4
LPUAD3689-22	GFLAAK	15
LPUAD3690-22	GFLAAK	1
LPUAE001-22	G1P4N6	50
LPUAE002-22	G1P4N6	52
LPUAE003-22	G1P4N6	9
LPUAE004-22	G1P4N6	69
LPUAE005-22	G1P4N6	51
LPUAE006-22	G1P4N6	52
LPUAE007-22	G1P4N6	7
LPUAE008-22	G1P4N6	50
LPUAE009-22	G1P4N6	55
LPUAE010-22	G1P4N6	58
LPUAE011-22	G1P4N6	71
LPUAE012-22	G1P4N6	54
LPUAE013-22	G1P4N6	54
LPUAE014-22	G1P4N6	27
LPUAE015-22	G1P4N6	47
LPUAE016-22	G1P4N6	28
LPUAE017-22	G1P4N6	27
LPUAE018-22	G1P4N6	49
LPUAE019-22	G1P4N6	47
LPUAE020-22	G1P4N6	45
LPUAE021-22	G1P4N6	51
LPUAE022-22	G1P4N6	35
LPUAE023-22	G1P4N6	28
LPUAE024-22	G1P4N6	41
LPUAE025-22	G1P4N6	54
LPUAE026-22	G1P4N6	49
LPUAE027-22	G1P4N6	51
LPUAE028-22	G1P4N6	49
LPUAE029-22	G1P4N6	24
LPUAE030-22	G1P4N6	3
LPUAE031-22	G1P4N6	57
LPUAE032-22	G1P4N6	49
LPUAE033-22	G1P4N6	59
LPUAE034-22	G1P4N6	53
LPUAE035-22	G1P4N6	47
LPUAE036-22	G1P4N6	59
LPUAE037-22	G1P4N6	59
LPUAE038-22	G1P4N6	45
LPUAE039-22	G1P4N6	53
LPUAE040-22	G1P4N6	50
LPUAE041-22	G1P4N6	45
LPUAE042-22	G1P4N6	30
LPUAE043-22	G1P4N6	10
LPUAE044-22	G1P4N6	65
LPUAE045-22	G1P4N6	49
LPUAE046-22	G1P4N6	43
LPUAE047-22	G1P4N6	31
LPUAE048-22	G1P4N6	47
LPUAE049-22	G1P4N6	33
LPUAE050-22	G1P4N6	23
LPUAE051-22	G1P4N6	63
LPUAE052-22	G1P4N6	39
LPUAE053-22	G1P4N6	6
LPUAE054-22	G1P4N6	31
LPUAE055-22	G1P4N6	18
LPUAE056-22	G1P4N6	23
LPUAE057-22	G1P4N6	39
LPUAE058-22	G1P4N6	39
LPUAE059-22	G1P4N6	53
LPUAE060-22	G1P4N6	44
LPUAE061-22	G1P4N6	58
LPUAE062-22	G1P4N6	61
LPUAE063-22	G1P4N6	52
LPUAE064-22	G1P4N6	43
LPUAE065-22	G1P4N6	48
LPUAE066-22	G1P4N6	34
LPUAE067-22	G1P4N6	61
LPUAE068-22	G1P4N6	44
LPUAE069-22	G1P4N6	38
LPUAE070-22	G1P4N6	59
LPUAE071-22	G1P4N6	49
LPUAE072-22	G1P4N6	69
LPUAE073-22	G1P4N6	54
LPUAE074-22	G1P4N6	1
LPUAE075-22	G1P4N6	29
LPUAE076-22	G1P4N6	74
LPUAE077-22	G1P4N6	73
LPUAE078-22	G1P4N6	56
LPUAE079-22	G1P4N6	26
LPUAE080-22	G1P4N6	69
LPUAE081-22	G1P4N6	97
LPUAE082-22	G1P4N6	57
LPUAE083-22	G1P4N6	46
LPUAE084-22	G1P4N6	14
LPUAE085-22	G1P4N6	65
LPUAE086-22	G1P4N6	37
LPUAE087-22	G1P4N6	68
LPUAE088-22	G1P4N6	24
LPUAE089-22	G1P4N6	34
LPUAE090-22	G1P4N6	39
LPUAE091-22	G1P4N6	80
LPUAE092-22	G1P4N6	41
LPUAE093-22	G1P4N6	49
LPUAE094-22	G1P4N6	68
LPUAE095-22	G1P4N6	13
LPUAE096-22	G1P4N6	78
LPUAE097-22	G1P4N6	42
LPUAE098-22	G1P4N6	40
LPUAE099-22	G1P4N6	58
LPUAE100-22	G1P4N6	45
LPUAE101-22	G1P4N6	55
LPUAE102-22	G1P4N6	44
LPUAE103-22	G1P4N6	76
LPUAE104-22	G1P4N6	56
LPUAE105-22	G1P4N6	50
LPUAE106-22	G1P4N6	63
LPUAE107-22	G1P4N6	33
LPUAE108-22	G1P4N6	61
LPUAE109-22	G1P4N6	52
LPUAE110-22	G1P4N6	42
LPUAE111-22	G1P4N6	46
LPUAE112-22	G1P4N6	47
LPUAE113-22	G1P4N6	59
LPUAE114-22	G1P4N6	33
LPUAE115-22	G1P4N6	57
LPUAE116-22	G1P4N6	53
LPUAE117-22	G1P4N6	52
LPUAE118-22	G1P4N6	31
LPUAE119-22	G1P4N6	42
LPUAE120-22	G1P4N6	44
LPUAE121-22	G1P4N6	40
LPUAE122-22	G1P4N6	49
LPUAE123-22	G1P4N6	36
LPUAE124-22	G1P4N6	19
LPUAE125-22	G1P4N6	44
LPUAE126-22	G1P4N6	28
LPUAE127-22	G1P4N6	14
LPUAE128-22	G1P4N6	46
LPUAE129-22	G1P4N6	56
LPUAE130-22	G1P4N6	14
LPUAE131-22	G1P4N6	4
LPUAE132-22	G1P4N6	55
LPUAE133-22	G1P4N6	71
LPUAE134-22	G1P4N6	33
LPUAE135-22	G1P4N6	31
LPUAE136-22	G1P4N6	57
LPUAE137-22	G1P4N6	43
LPUAE138-22	G1P4N6	42
LPUAE139-22	G1P4N6	51
LPUAE140-22	G1P4N6	65
LPUAE141-22	G1P4N6	43
LPUAE142-22	G1P4N6	57
LPUAE143-22	G1P4N6	47
LPUAE144-22	G1P4N6	32
LPUAE145-22	G1P4N6	41
LPUAE146-22	G1P4N6	59
LPUAE147-22	G1P4N6	71
LPUAE148-22	G1P4N6	41
LPUAE149-22	G1P4N6	51
LPUAE150-22	G1P4N6	29
LPUAE151-22	G1P4N6	68
LPUAE152-22	G1P4N6	56
LPUAE153-22	G1P4N6	50
LPUAE154-22	G1P4N6	6
LPUAE155-22	G1P4N6	57
LPUAE156-22	G1P4N6	53
LPUAE157-22	G1P4N6	59
LPUAE158-22	G1P4N6	63
LPUAE159-22	G1P4N6	56
LPUAE160-22	G1P4N6	59
LPUAE161-22	G1P4N6	48
LPUAE162-22	G1P4N6	29
LPUAE163-22	G1P4N6	30
LPUAE164-22	G1P4N6	41
LPUAE165-22	G1P4N6	71
LPUAE167-22	G1P4N6	51
LPUAE168-22	G1P4N6	60
LPUAE169-22	G1P4N6	8
LPUAE170-22	G1P4N6	60
LPUAE171-22	G1P4N6	63
LPUAE172-22	G1P4N6	52
LPUAE173-22	G1P4N6	77
LPUAE174-22	G1P4N6	64
LPUAE175-22	G1P4N6	54
LPUAE176-22	G1P4N6	56
LPUAE177-22	G1P4N6	55
LPUAE178-22	G1P4N6	40
LPUAE179-22	G1P4N6	40
LPUAE180-22	G1P4N6	32
LPUAE181-22	G1P4N6	7
LPUAE182-22	G1P4N6	32
LPUAE183-22	G1P4N6	21
LPUAE184-22	G1P4N6	27
LPUAE185-22	G1P4N6	29
LPUAE186-22	G1P4N6	27
LPUAE187-22	G1P4N6	28
LPUAE188-22	G1P4N6	30
LPUAE189-22	G1P4N6	41
LPUAE190-22	G1P4N6	34
LPUAE191-22	G1P4N6	23
LPUAE192-22	G1P4N6	29
LPUAE193-22	G1P4N6	33
LPUAE194-22	G1P4N6	26
LPUAE195-22	G1P4N6	29
LPUAE196-22	G1P4N6	37
LPUAE197-22	G1P4N6	27
LPUAE198-22	G1P4N6	41
LPUAE199-22	G1P4N6	41
LPUAE200-22	G1P4N6	29
LPUAE201-22	G1P4N6	23
LPUAE202-22	G1P4N6	26
LPUAE203-22	G1P4N6	24
LPUAE204-22	G1P4N6	33
LPUAE205-22	G1P4N6	33
LPUAE206-22	G1P4N6	40
LPUAE207-22	G1P4N6	9
LPUAE208-22	G1P4N6	15
LPUAE209-22	G1P4N6	10
LPUAE210-22	G1P4N6	27
LPUAE211-22	G1P4N6	25
LPUAE212-22	G1P4N6	37
LPUAE213-22	G1P4N6	21
LPUAE214-22	G1P4N6	30
LPUAE215-22	G1P4N6	19
LPUAE216-22	G1P4N6	33
LPUAE217-22	G1P4N6	30
LPUAE218-22	G1P4N6	26
LPUAE219-22	G1P4N6	17
LPUAE220-22	G1P4N6	28
LPUAE221-22	G1P4N6	27
LPUAE222-22	G1P4N6	27
LPUAE223-22	G1P4N6	31
LPUAE224-22	G1P4N6	28
LPUAE225-22	G1P4N6	27
LPUAE226-22	G1P4N6	18
LPUAE227-22	G1P4N6	28
LPUAE228-22	G1P4N6	29
LPUAE229-22	G1P4N6	4
LPUAE230-22	G1P4N6	22
LPUAE231-22	G1P4N6	27
LPUAE232-22	G1P4N6	21
LPUAE233-22	G1P4N6	10
LPUAE234-22	G1P4N6	25
LPUAE235-22	G1P4N6	21
LPUAE236-22	G1P4N6	9
LPUAE238-22	G1P4N6	25
LPUAE239-22	G1P4N6	7
LPUAE240-22	G1P4N6	44
LPUAE241-22	G1P4N6	23
LPUAE242-22	G1P4N6	18
LPUAE244-22	G1P4N6	37
LPUAE246-22	G1P4N6	19
LPUAE247-22	G1P4N6	25
LPUAE248-22	G1P4N6	11
LPUAE249-22	G1P4N6	23
LPUAE250-22	G1P4N6	29
LPUAE251-22	G1P4N6	35
LPUAE252-22	G1P4N6	4
LPUAE253-22	G1P4N6	4
LPUAE254-22	G1P4N6	22
LPUAE255-22	G1P4N6	28
LPUAE256-22	G1P4N6	45
LPUAE257-22	G1P4N6	36
LPUAE259-22	G1P4N6	8
LPUAE260-22	G1P4N6	34
LPUAE261-22	G1P4N6	35
LPUAE262-22	G1P4N6	7
LPUAE263-22	G1P4N6	32
LPUAE264-22	G1P4N6	27
LPUAE265-22	G1P4N6	33
LPUAE266-22	G1P4N6	29
LPUAE267-22	G1P4N6	24
LPUAE268-22	G1P4N6	22
LPUAE269-22	G1P4N6	24
LPUAE270-22	G1P4N6	30
LPUAE271-22	G1P4N6	19
LPUAE272-22	G1P4N6	35
LPUAE273-22	G1P4N6	27
LPUAE275-22	G1P4N6	72
LPUAE276-22	G1P4N6	31
LPUAE277-22	G1P4N6	40
LPUAE278-22	G1P4N6	34
LPUAE279-22	G1P4N6	34
LPUAE280-22	G1P4N6	49
LPUAE281-22	G1P4N6	68
LPUAE282-22	G1P4N6	67
LPUAE283-22	G1P4N6	46
LPUAE284-22	G1P4N6	52
LPUAE285-22	G1P4N6	64
LPUAE286-22	G1P4N6	59
LPUAE287-22	G1P4N6	58
LPUAE288-22	G1P4N6	40
LPUAE289-22	G1P4N6	44
LPUAE290-22	G1P4N6	47
LPUAE291-22	G1P4N6	65
LPUAE292-22	G1P4N6	47
LPUAE293-22	G1P4N6	44
LPUAE294-22	G1P4N6	63
LPUAE295-22	G1P4N6	50
LPUAE296-22	G1P4N6	72
LPUAE297-22	G1P4N6	61
LPUAE298-22	G1P4N6	65
LPUAE299-22	G1P4N6	70
LPUAE300-22	G1P4N6	52
LPUAE301-22	G1P4N6	51
LPUAE302-22	G1P4N6	58
LPUAE303-22	G1P4N6	28
LPUAE304-22	G1P4N6	51
LPUAE305-22	G1P4N6	52
LPUAE306-22	G1P4N6	45
LPUAE307-22	G1P4N6	61
LPUAE308-22	G1P4N6	49
LPUAE310-22	G1P4N6	61
LPUAE311-22	G1P4N6	51
LPUAE312-22	G1P4N6	61
LPUAE313-22	G1P4N6	63
LPUAE314-22	G1P4N6	69
LPUAE315-22	G1P4N6	41
LPUAE316-22	G1P4N6	39
LPUAE317-22	G1P4N6	38
LPUAE318-22	G1P4N6	40
LPUAE319-22	G1P4N6	63
LPUAE320-22	G1P4N6	60
LPUAE321-22	G1P4N6	1
LPUAE322-22	G1P4N6	57
LPUAE323-22	G1P4N6	22
LPUAE324-22	G1P4N6	30
LPUAE325-22	G1P4N6	32
LPUAE326-22	G1P4N6	44
LPUAE327-22	G1P4N6	24
LPUAE328-22	G1P4N6	42
LPUAE329-22	G1P4N6	5
LPUAE330-22	G1P4N6	42
LPUAE331-22	G1P4N6	42
LPUAE332-22	G1P4N6	47
LPUAE333-22	G1P4N6	1
LPUAE334-22	G1P4N6	41
LPUAE335-22	G1P4N6	38
LPUAE336-22	G1P4N6	58
LPUAE337-22	G1P4N6	42
LPUAE338-22	G1P4N6	46
LPUAE339-22	G1P4N6	23
LPUAE340-22	G1P4N6	52
LPUAE341-22	G1P4N6	58
LPUAE342-22	G1P4N6	69
LPUAE343-22	G1P4N6	33
LPUAE344-22	G1P4N6	64
LPUAE346-22	G1P4N6	54
LPUAE347-22	G1P4N6	55
LPUAE348-22	G1P4N6	72
LPUAE349-22	G1P4N6	57
LPUAE350-22	G1P4N6	57
LPUAE351-22	G1P4N6	36
LPUAE352-22	G1P4N6	39
LPUAE353-22	G1P4N6	43
LPUAE354-22	G1P4N6	63
LPUAE356-22	G1P4N6	48
LPUAE358-22	G1P4N6	34
LPUAE359-22	G1P4N6	44
LPUAE360-22	G1P4N6	58
LPUAE361-22	G1P4N6	18
LPUAE362-22	G1P4N6	14
LPUAE363-22	G1P4N6	66
LPUAE364-22	G1P4N6	39
LPUAE365-22	G1P4N6	40
LPUAE366-22	G1P4N6	53
LPUAE367-22	G1P4N6	54
LPUAE368-22	G1P4N6	1
LPUAE369-22	G1P4N6	42
LPUAE370-22	G1P4N6	50
LPUAE371-22	G1P4N6	31
LPUAE372-22	G1P4N6	20
LPUAE373-22	G1P4N6	47
LPUAE374-22	G1P4N6	31
LPUAE375-22	G1P4N6	33
LPUAE376-22	G1P4N6	41
LPUAE377-22	G1P4N6	41
LPUAE378-22	G1P4N6	45
LPUAE379-22	G1P4N6	58
LPUAE380-22	G1P4N6	16
LPUAE381-22	G1P4N6	38
LPUAE382-22	G1P4N6	57
LPUAE383-22	G1P4N6	52
LPUAE384-22	G1P4N6	20
LPUAE385-22	G1P4N6	36
LPUAE386-22	G1P4N6	34
LPUAE387-22	G1P4N6	48
LPUAE388-22	G1P4N6	43
LPUAE389-22	G1P4N6	44
LPUAE390-22	G1P4N6	51
LPUAE391-22	G1P4N6	48
LPUAE392-22	G1P4N6	50
LPUAE393-22	G1P4N6	38
LPUAE394-22	G1P4N6	43
LPUAE395-22	G1P4N6	59
LPUAE396-22	G1P4N6	50
LPUAE397-22	G1P4N6	53
LPUAE398-22	G1P4N6	40
LPUAE399-22	G1P4N6	33
LPUAE400-22	G1P4N6	36
LPUAE401-22	G1P4N6	51
LPUAE402-22	G1P4N6	46
LPUAE403-22	G1P4N6	55
LPUAE404-22	G1P4N6	46
LPUAE405-22	G1P4N6	41
LPUAE406-22	G1P4N6	57
LPUAE407-22	G1P4N6	59
LPUAE408-22	G1P4N6	29
LPUAE409-22	G1P4N6	73
LPUAE410-22	G1P4N6	46
LPUAE411-22	G1P4N6	19
LPUAE412-22	G1P4N6	32
LPUAE413-22	G1P4N6	46
LPUAE414-22	G1P4N6	50
LPUAE415-22	G1P4N6	36
LPUAE416-22	G1P4N6	58
LPUAE417-22	G1P4N6	51
LPUAE418-22	G1P4N6	55
LPUAE419-22	G1P4N6	19
LPUAE420-22	G1P4N6	10
LPUAE421-22	G1P4N6	39
LPUAE422-22	G1P4N6	47
LPUAE423-22	G1P4N6	40
LPUAE424-22	G1P4N6	39
LPUAE425-22	G1P4N6	45
LPUAE426-22	G1P4N6	35
LPUAE427-22	G1P4N6	19
LPUAE428-22	G1P4N6	61
LPUAE429-22	G1P4N6	55
LPUAE430-22	G1P4N6	37
LPUAE431-22	G1P4N6	65
LPUAE432-22	G1P4N6	41
LPUAE433-22	G1P4N6	44
LPUAE434-22	G1P4N6	50
LPUAE435-22	G1P4N6	45
LPUAE436-22	G1P4N6	43
LPUAE437-22	G1P4N6	54
LPUAE438-22	G1P4N6	58
LPUAE439-22	G1P4N6	53
LPUAE440-22	G1P4N6	8
LPUAE441-22	G1P4N6	52
LPUAE442-22	G1P4N6	33
LPUAE443-22	G1P4N6	35
LPUAE444-22	G1P4N6	55
LPUAE445-22	G1P4N6	40
LPUAE446-22	G1P4N6	35
LPUAE447-22	G1P4N6	57
LPUAE448-22	G1P4N6	71
LPUAE449-22	G1P4N6	78
LPUAE451-22	G1P4N6	63
LPUAE452-22	G1P4N6	81
LPUAE453-22	G1P4N6	65
LPUAE454-22	G1P4N6	39
LPUAE455-22	G1P4N6	52
LPUAE456-22	G1P4N6	64
LPUAE457-22	G1P4N6	29
LPUAE458-22	G1P4N6	44
LPUAE459-22	G1P4N6	60
LPUAE460-22	G1P4N6	57
LPUAE461-22	G1P4N6	7
LPUAE462-22	G1P4N6	43
LPUAE463-22	G1P4N6	57
LPUAE464-22	G1P4N6	28
LPUAE465-22	G1P4N6	56
LPUAE466-22	G1P4N6	66
LPUAE467-22	G1P4N6	54
LPUAE468-22	G1P4N6	65
LPUAE469-22	G1P4N6	47
LPUAE470-22	G1P4N6	37
LPUAE471-22	G1P4N6	51
LPUAE472-22	G1P4N6	59
LPUAE473-22	G1P4N6	55
LPUAE474-22	G1P4N6	50
LPUAE475-22	G1P4N6	7
LPUAE476-22	G1P4N6	53
LPUAE477-22	G1P4N6	6
LPUAE478-22	G1P4N6	46
LPUAE479-22	G1P4N6	34
LPUAE480-22	G1P4N6	51
LPUAE481-22	G1P4N6	60
LPUAE482-22	G1P4N6	51
LPUAE483-22	G1P4N6	45
LPUAE484-22	G1P4N6	68
LPUAE485-22	G1P4N6	62
LPUAE486-22	G1P4N6	53
LPUAE487-22	G1P4N6	67
LPUAE488-22	G1P4N6	69
LPUAE489-22	G1P4N6	64
LPUAE490-22	G1P4N6	46
LPUAE491-22	G1P4N6	50
LPUAE492-22	G1P4N6	31
LPUAE493-22	G1P4N6	50
LPUAE494-22	G1P4N6	43
LPUAE495-22	G1P4N6	50
LPUAE496-22	G1P4N6	44
LPUAE497-22	G1P4N6	40
LPUAE498-22	G1P4N6	41
LPUAE499-22	G1P4N6	36
LPUAE500-22	G1P4N6	9
LPUAE501-22	G1P4N6	47
LPUAE502-22	G1P4N6	58
LPUAE503-22	G1P4N6	29
LPUAE504-22	G1P4N6	47
LPUAE505-22	G1P4N6	13
LPUAE506-22	G1P4N6	44
LPUAE507-22	G1P4N6	56
LPUAE508-22	G1P4N6	65
LPUAE509-22	G1P4N6	50
LPUAE510-22	G1P4N6	46
LPUAE511-22	G1P4N6	52
LPUAE512-22	G1P4N6	66
LPUAE513-22	G1P4N6	33
LPUAE514-22	G1P4N6	44
LPUAE515-22	G1P4N6	51
LPUAE516-22	G1P4N6	37
LPUAE517-22	G1P4N6	46
LPUAE518-22	G1P4N6	36
LPUAE519-22	G1P4N6	36
LPUAE520-22	G1P4N6	60
LPUAE521-22	G1P4N6	32
LPUAE522-22	G1P4N6	46
LPUAE524-22	G1P4N6	42
LPUAE525-22	G1P4N6	48
LPUAE526-22	G1P4N6	60
LPUAE527-22	G1P4N6	43
LPUAE528-22	G1P4N6	34
LPUAE529-22	G1P4N6	72
LPUAE530-22	G1P4N6	32
LPUAE531-22	G1P4N6	55
LPUAE532-22	G1P4N6	44
LPUAE533-22	G1P4N6	61
LPUAE534-22	G1P4N6	69
LPUAE536-22	G1P4N6	61
LPUAE537-22	G1P4N6	54
LPUAE538-22	G1P4N6	73
LPUAE539-22	G1P4N6	28
LPUAE540-22	G1P4N6	59
LPUAE541-22	G1P4N6	58
LPUAE542-22	G1P4N6	46
LPUAE543-22	G1P4N6	55
LPUAE544-22	G1P4N6	55
LPUAE545-22	G1P4N6	56
LPUAE546-22	G1P4N6	53
LPUAE547-22	G1P4N6	45
LPUAE548-22	G1P4N6	47
LPUAE549-22	G1P4N6	66
LPUAE550-22	G1P4N6	55
LPUAE551-22	G1P4N6	42
LPUAE552-22	G1P4N6	57
LPUAE553-22	G1P4N6	53
LPUAE554-22	G1P4N6	21
LPUAE555-22	G1P4N6	57
LPUAE556-22	G1P4N6	46
LPUAE557-22	G1P4N6	33
LPUAE558-22	G1P4N6	58
LPUAE559-22	G1P4N6	59
LPUAE560-22	G1P4N6	47
LPUAE561-22	G1P4N6	44
LPUAE562-22	G1P4N6	44
LPUAE563-22	G1P4N6	48
LPUAE564-22	G1P4N6	23
LPUAE565-22	G1P4N6	29
LPUAE566-22	G1P4N6	43
LPUAE567-22	G1P4N6	56
LPUAE568-22	G1P4N6	33
LPUAE570-22	G1P4N6	7
LPUAE571-22	G1P4N6	4
LPUAE572-22	G1P4N6	4
LPUAE573-22	G1P4N6	42
LPUAE574-22	G1P4N6	26
LPUAE575-22	G1P4N6	26
LPUAE576-22	G1P4N6	12
LPUAE577-22	G1P4N6	31
LPUAE578-22	G1P4N6	23
LPUAE579-22	G1P4N6	62
LPUAE580-22	G1P4N6	48
LPUAE581-22	G1P4N6	6
LPUAE582-22	G1P4N6	9
LPUAE583-22	G1P4N6	41
LPUAE584-22	G1P4N6	42
LPUAE585-22	G1P4N6	30
LPUAE586-22	G1P4N6	17
LPUAE587-22	G1P4N6	71
LPUAE588-22	G1P4N6	13
LPUAE589-22	G1P4N6	22
LPUAE590-22	G1P4N6	38
LPUAE591-22	G1P4N6	26
LPUAE592-22	G1P4N6	34
LPASA4394-22	GRS8LA	66
LPASA4395-22	GRS8LA	75
LPASA4396-22	G4FG95	16
LPASA4398-22	G9FAFS	40
LPASA4399-22	G9FAFS	20
LPASA4400-22	G9FAFS	52
LPASA4401-22	G9FAFS	77
LPASA4402-22	G9FAFS	31
LPASA4403-22	G9FAFS	76
LPASA4404-22	G9FAFS	11
LPASA4405-22	G9FAFS	59
LPASA4407-22	G9FAFS	5
LPASA4408-22	G9FAFS	53
LPASA4409-22	G9FAFS	57
LPASA4410-22	G9FAFS	62
LPASA4411-22	G9FAFS	68
LPASA4412-22	G9FAFS	63
LPASA4413-22	G9FAFS	63
LPASA4414-22	G9FAFS	76
LPASA4415-22	G9FAFS	82
LPASA4416-22	G9FAFS	15
LPASA4417-22	G9FAFS	77
LPASA4418-22	G9FAFS	85
LPASA4419-22	G9FAFS	80
LPASA4420-22	G9FAFS	66
LPASA4421-22	G9FAFS	61
LPASA4422-22	G9FAFS	39
LPASA4423-22	G9FAFS	74
LPASA4424-22	G9FAFS	72
LPASA4425-22	G9FAFS	66
LPASA4426-22	G9FAFS	94
LPASA4427-22	G9FAFS	62
LPASA4428-22	GE4WUW	71
LPASA4429-22	GE4WUW	40
LPASA4430-22	GE4WUW	62
LPASA4431-22	GE4WUW	16
LPASA4432-22	GE4WUW	82
LPASA4433-22	GE4WUW	42
LPASA4434-22	GE4WUW	58
LPASA4435-22	GE4WUW	61
LPASA4436-22	GE4WUW	57
LPASA4437-22	GE4WUW	63
LPASA4438-22	GE4WUW	63
LPASA4439-22	GE4WUW	70
LPASA4440-22	GE4WUW	66
LPASA4441-22	GE4WUW	27
LPASA4442-22	GE4WUW	40
LPASA4443-22	GE4WUW	20
LPASA4444-22	GE4WUW	123
LPASA4445-22	GE4WUW	97
LPASA4446-22	GE4WUW	98
LPASA4447-22	GE4WUW	24
LPASA4448-22	GE4WUW	38
LPASA4449-22	GE4WUW	35
LPASA4450-22	GE4WUW	38
LPASA4451-22	GE4WUW	22
LPASA4452-22	GE4WUW	27
LPASA4453-22	GE4WUW	23
LPASA4454-22	GE4WUW	26
LPASA4455-22	GE4WUW	38
LPASA4456-22	GE4WUW	43
LPASA4457-22	GE4WUW	32
LPASA4458-22	GE4WUW	32
LPASA4459-22	GE4WUW	49
LPASA4460-22	GE4WUW	25
LPASA4461-22	GE4WUW	30
LPASA4462-22	GE4WUW	34
LPASA4463-22	GE4WUW	41
LPASA4464-22	GE4WUW	28
LPASA4465-22	GE4WUW	29
LPASA4466-22	GE4WUW	33
LPASA4467-22	GE4WUW	33
LPASA4468-22	GE4WUW	40
LPASA4469-22	GE4WUW	21
LPASA4470-22	GE4WUW	41
LPASA4471-22	GE4WUW	41
LPASA4472-22	GE4WUW	29
LPASA4473-22	GE4WUW	40
LPASA4474-22	GE4WUW	41
LPASA4475-22	GE4WUW	36
LPASA4476-22	GE4WUW	63
LPASA4477-22	GE4WUW	50
LPASA4478-22	GE4WUW	30
LPASA4479-22	GE4WUW	80
LPASA4480-22	GZDUDR	88
LPASA4481-22	GZDUDR	86
LPASA4482-22	GZDUDR	70
LPASA4483-22	GZDUDR	77
LPASA4484-22	GYTL2T	24
LPASA4485-22	GYTL2T	38
LPASA4486-22	GUFP6B	59
LPASA4487-22	GUFP6B	74
LPASA4488-22	GUFP6B	67
LPASA4489-22	GUFP6B	18
LPASA4490-22	GXZY27	65
LPASA4491-22	GXZY27	83
LPASA4493-22	GXZY27	27
LPASA4494-22	GXZY27	26
LPASA4495-22	GF6DKS	58
LPASA4496-22	GF6DKS	31
LPASA4497-22	GF6DKS	47
LPASA4498-22	GF6DKS	39
LPASA4499-22	GF6DKS	42
LPASA4500-22	GF6DKS	31
LPASA4501-22	GF6DKS	67
LPASA4502-22	GF6DKS	24
LPASA4503-22	GF6DKS	53
LPASA4504-22	GF6DKS	48
LPASA4505-22	GF6DKS	42
LPASA4506-22	GF6DKS	46
LPASA4507-22	GF6DKS	25
LPASA4508-22	GF6DKS	44
LPASA4509-22	GF6DKS	20
LPASA4510-22	GF6DKS	52
LPASA4511-22	GF6DKS	33
LPASA4512-22	GF6DKS	24
LPASA4513-22	GF6DKS	32
LPASA4514-22	GF6DKS	29
LPASA4515-22	GF6DKS	12
LPASA4516-22	GF6DKS	31
LPASA4517-22	GF6DKS	32
LPASA4518-22	GF6DKS	33
LPASA4519-22	GF6DKS	13
LPASA4520-22	GF6DKS	9
LPASA4521-22	GF6DKS	28
LPASA4522-22	GF6DKS	45
LPASA4523-22	GF6DKS	8
LPASA4524-22	GF6DKS	25
LPASA4525-22	GF6DKS	36
LPASA4526-22	GF6DKS	35
LPASA4527-22	GF6DKS	23
LPASA4528-22	GF6DKS	17
LPASA4529-22	GF6DKS	8
LPASA4530-22	GF6DKS	58
LPASA4531-22	GF6DKS	10
LPASA4532-22	GF6DKS	31
LPASA4534-22	GF6DKS	39
LPASA4535-22	GF6DKS	22
LPASA4536-22	GF6DKS	6
LPASA4537-22	GF6DKS	28
LPASA4538-22	GF6DKS	19
LPASA4539-22	GF6DKS	18
LPASA4540-22	GF6DKS	3
LPASA4541-22	GF6DKS	18
LPASA4542-22	GF6DKS	46
LPASA4543-22	GF6DKS	8
LPASA4544-22	GF6DKS	20
LPASA4545-22	GF6DKS	4
LPASA4547-22	GF6DKS	21
LPASA4548-22	GF6DKS	33
LPASA4549-22	GF6DKS	40
LPASA4550-22	GF6DKS	27
LPASA4551-22	GF6DKS	3
LPASA4552-22	GF6DKS	11
LPASA4553-22	GF6DKS	12
LPASA4554-22	GF6DKS	27
LPASA4555-22	GF6DKS	39
LPASA4556-22	GF6DKS	37
LPASA4558-22	GF6DKS	26
LPASA4559-22	GF6DKS	33
LPASA4560-22	GF6DKS	25
LPASA4561-22	GF6DKS	9
LPASA4562-22	GF6DKS	27
LPASA4563-22	GF6DKS	21
LPASA4564-22	GF6DKS	18
LPASA4565-22	GF6DKS	37
LPASA4566-22	GF6DKS	42
LPASA4567-22	GF6DKS	58
LPASA4568-22	GF6DKS	31
LPASA4569-22	GF6DKS	33
LPASA4570-22	GF6DKS	43
LPASA4571-22	GF6DKS	58
LPASA4572-22	GF6DKS	42
LPASA4573-22	GF6DKS	33
LPASA4574-22	GF6DKS	46
LPASA4575-22	GF6DKS	48
LPASA4576-22	GF6DKS	51
LPASA4577-22	GF6DKS	72
LPASA4578-22	GF6DKS	15
LPASA4579-22	GF6DKS	27
LPASA4580-22	GF6DKS	7
LPASA4581-22	GF6DKS	57
LPASA4582-22	GF6DKS	34
LPASA4583-22	GF6DKS	47
LPASA4584-22	GF6DKS	21
LPASA4585-22	GF6DKS	16
LPASA4586-22	GF6DKS	16
LPASA4587-22	GF6DKS	37
LPASA4588-22	GF6DKS	26
LPASA4589-22	GF6DKS	20
LPASA4590-22	GF6DKS	57
LPASA4591-22	GF6DKS	51
LPASA4592-22	GF6DKS	83
LPASA4593-22	GF6DKS	74
LPASA4594-22	GF6DKS	17
LPASA4595-22	GF6DKS	57
LPASA4596-22	GF6DKS	51
LPASA4597-22	GF6DKS	55
LPASA4598-22	GF6DKS	43
LPASA4599-22	GF6DKS	33
LPASA4600-22	GF6DKS	9
LPASA4601-22	GF6DKS	44
LPASA4602-22	GF6DKS	38
LPASA4603-22	GF6DKS	42
LPASA4604-22	GF6DKS	25
LPASA4605-22	GF6DKS	21
LPASA4606-22	GF6DKS	18
LPASA4607-22	GF6DKS	57
LPASA4608-22	GF6DKS	57
LPASA4609-22	GF6DKS	38
LPASA4610-22	GF6DKS	70
LPASA4611-22	GF6DKS	49
LPASA4612-22	GF6DKS	60
LPASA4613-22	GF6DKS	42
LPASA4614-22	GF6DKS	40
LPASA4615-22	GF6DKS	64
LPASA4616-22	GF6DKS	60
LPASA4617-22	GF6DKS	75
LPASA4618-22	GF6DKS	47
LPASA4619-22	GF6DKS	54
LPASA4620-22	GF6DKS	67
LPASA4621-22	GF6DKS	42
LPASA4622-22	GF6DKS	47
LPASA4623-22	GF6DKS	42
LPASA4624-22	GF6DKS	53
LPASA4625-22	GF6DKS	48
LPASA4626-22	GF6DKS	77
LPASA4627-22	GF6DKS	46
LPASA4628-22	GF6DKS	53
LPASA4629-22	GF6DKS	30
LPASA4630-22	GF6DKS	39
LPASA4631-22	GF6DKS	38
LPASA4633-22	GF6DKS	43
LPASA4634-22	GF6DKS	38
LPASA4635-22	GF6DKS	40
LPASA4636-22	GF6DKS	37
LPASA4637-22	GF6DKS	46
LPASA4639-22	GF6DKS	38
LPASA4640-22	GF6DKS	72
LPASA4641-22	GF6DKS	31
LPASA4642-22	GF6DKS	35
LPASA4643-22	GF6DKS	21
LPASA4644-22	GF6DKS	45
LPASA4645-22	GF6DKS	41
LPASA4646-22	GF6DKS	57
LPASA4647-22	GF6DKS	53
LPASA4648-22	GF6DKS	48
LPASA4649-22	GF6DKS	55
LPASA4650-22	GF6DKS	58
LPASA4651-22	GF6DKS	44
LPASA4652-22	GF6DKS	46
LPASA4653-22	GF6DKS	58
LPASA4654-22	GF6DKS	55
LPASA4655-22	GF6DKS	30
LPASA4656-22	GF6DKS	38
LPASA4657-22	GF6DKS	49
LPASA4658-22	GF6DKS	49
LPASA4659-22	GF6DKS	37
LPASA4660-22	GF6DKS	49
LPASA4661-22	GF6DKS	32
LPASA4662-22	GF6DKS	48
LPASA4663-22	GF6DKS	39
LPASA4664-22	GF6DKS	12
LPASA4665-22	GF6DKS	33
LPASA4666-22	GF6DKS	40
LPASA4667-22	GF6DKS	47
LPASA4668-22	GF6DKS	39
LPASA4669-22	GF6DKS	26
LPASA4670-22	GF6DKS	32
LPASA4671-22	GF6DKS	27
LPASA4672-22	GF6DKS	72
LPASA4673-22	GF6DKS	62
LPASA4674-22	GF6DKS	68
LPASA4675-22	GF6DKS	27
LPASA4676-22	GF6DKS	57
LPASA4677-22	GF6DKS	25
LPASA4678-22	GF6DKS	55
LPASA4679-22	GF6DKS	32
LPASA4680-22	GF6DKS	33
LPASA4681-22	GF6DKS	38
LPASA4682-22	GF6DKS	65
LPASA4683-22	GF6DKS	22
LPASA4684-22	GF6DKS	21
LPASA4685-22	GF6DKS	38
LPASA4686-22	GF6DKS	27
LPASA4687-22	GF6DKS	12
LPASA4688-22	GF6DKS	19
LPASA4689-22	GF6DKS	14
LPASA4690-22	GF6DKS	41
LPASA4691-22	GF6DKS	24
LPASA4692-22	GF6DKS	28
LPASA4693-22	GF6DKS	49
LPASA4694-22	GF6DKS	48
LPASA4695-22	GF6DKS	37
LPASA4696-22	GF6DKS	9
LPASA4697-22	GF6DKS	38
LPASA4698-22	GF6DKS	31
LPASA4699-22	GF6DKS	30
LPASA4700-22	GF6DKS	74
LPASA4701-22	GF6DKS	55
LPASA4702-22	GF6DKS	33
LPASA4703-22	GF6DKS	34
LPASA4704-22	GF6DKS	54
LPASA4705-22	GF6DKS	37
LPASA4706-22	GF6DKS	52
LPASA4707-22	GF6DKS	33
LPASA4708-22	GF6DKS	55
LPASA4709-22	GF6DKS	66
LPASA4710-22	GF6DKS	68
LPASA4711-22	GF6DKS	8
LPASA4712-22	GF6DKS	51
LPASA4713-22	GF6DKS	41
LPASA4714-22	GF6DKS	31
LPASA4715-22	GF6DKS	44
LPASA4716-22	GF6DKS	65
LPASA4717-22	GF6DKS	49
LPASA4718-22	GF6DKS	70
LPASA4719-22	GF6DKS	64
LPASA4720-22	GF6DKS	45
LPASA4721-22	GF6DKS	18
LPASA4722-22	GF6DKS	32
LPASA4723-22	GF6DKS	51
LPASA4724-22	GF6DKS	43
LPASA4725-22	GF6DKS	41
LPASA4726-22	GF6DKS	38
LPASA4727-22	GF6DKS	28
LPASA4728-22	GF6DKS	37
LPASA4729-22	GF6DKS	22
LPASA4730-22	GF6DKS	16
LPASA4731-22	GF6DKS	35
LPASA4732-22	GF6DKS	47
LPASA4733-22	GF6DKS	29
LPASA4734-22	GF6DKS	49
LPASA4735-22	GF6DKS	52
LPASA4736-22	GF6DKS	48
LPASA4737-22	GF6DKS	46
LPASA4738-22	GF6DKS	28
LPASA4739-22	GF6DKS	58
LPASA4740-22	GF6DKS	47
LPASA4741-22	GF6DKS	46
LPASA4742-22	GF6DKS	42
LPASA4743-22	GF6DKS	44
LPASA4744-22	GF6DKS	76
LPASA4745-22	GF6DKS	55
LPASA4746-22	GF6DKS	54
LPASA4747-22	GF6DKS	50
LPASA4748-22	GF6DKS	26
LPASA4749-22	GF6DKS	43
LPASA4750-22	GF6DKS	35
LPASA4751-22	GF6DKS	37
LPASA4752-22	GF6DKS	43
LPASA4753-22	GF6DKS	54
LPASA4754-22	GF6DKS	36
LPASA4755-22	GF6DKS	47
LPASA4756-22	GF6DKS	44
LPASA4757-22	GF6DKS	52
LPASA4758-22	GF6DKS	8
LPASA4759-22	GF6DKS	59
LPASA4760-22	GF6DKS	48
LPASA4761-22	GF6DKS	28
LPASA4762-22	GF6DKS	42
LPASA4763-22	GF6DKS	44
LPASA4764-22	GF6DKS	29
LPASA4765-22	GF6DKS	38
LPASA4766-22	GF6DKS	29
LPASA4767-22	GF6DKS	56
LPASA4768-22	GF6DKS	55
LPASA4769-22	GF6DKS	39
LPASA4770-22	GF6DKS	43
LPASA4771-22	GF6DKS	33
LPASA4772-22	GF6DKS	31
LPASA4773-22	GF6DKS	40
LPASA4774-22	GF6DKS	30
LPASA4775-22	GF6DKS	29
LPASA4776-22	GF6DKS	45
LPASA4777-22	GF6DKS	64
LPASA4778-22	GF6DKS	33
LPASA4779-22	GF6DKS	17
LPASA4780-22	GF6DKS	39
LPASA4781-22	GF6DKS	30
LPASA4782-22	GF6DKS	57
LPASA4783-22	GF6DKS	44
LPASA4784-22	GF6DKS	38
LPASA4785-22	GF6DKS	41
LPASA4786-22	GF6DKS	42
LPASA4787-22	GF6DKS	30
LPASA4788-22	GF6DKS	32
LPASA4789-22	GF6DKS	33
LPASA4790-22	GF6DKS	31
LPASA4791-22	GF6DKS	45
LPASA4792-22	GF6DKS	43
LPASA4793-22	GF6DKS	28
LPASA4794-22	GF6DKS	49
LPASA4795-22	GF6DKS	29
LPASA4796-22	GF6DKS	54
LPASA4797-22	GF6DKS	11
LPASA4798-22	GF6DKS	28
LPASA4799-22	GF6DKS	33
LPASA4800-22	GF6DKS	20
LPASA4801-22	GF6DKS	69
LPASA4802-22	GF6DKS	10
LPASA4803-22	GF6DKS	54
LPASA4804-22	GF6DKS	54
LPASA4806-22	GF6DKS	59
LPASA4807-22	GF6DKS	17
LPASA4808-22	GF6DKS	58
LPASA4809-22	GF6DKS	62
LPASA4810-22	GF6DKS	37
LPASA4811-22	GF6DKS	37
LPASA4812-22	GF6DKS	44
LPASA4813-22	GF6DKS	53
LPASA4814-22	GF6DKS	69
LPASA4815-22	GF6DKS	11
LPASA4816-22	GF6DKS	25
LPASA4817-22	GF6DKS	32
LPASA4818-22	GF6DKS	38
LPASA4819-22	GF6DKS	69
LPASA4820-22	GF6DKS	50
LPASA4821-22	GF6DKS	45
LPASA4822-22	GF6DKS	25
LPASA4823-22	GF6DKS	23
LPASA4824-22	GF6DKS	38
LPASA4825-22	GF6DKS	30
LPASA4826-22	GF6DKS	25
LPASA4827-22	GF6DKS	47
LPASA4828-22	GF6DKS	41
LPASA4830-22	GF6DKS	7
LPASA4831-22	GF6DKS	3
LPASA4833-22	GF6DKS	5
LPASA4836-22	GF6DKS	8
LPASA4837-22	GF6DKS	7
LPASA4838-22	GF6DKS	4
LPASA4839-22	GF6DKS	19
LPASA4840-22	GF6DKS	33
LPASA4841-22	GF6DKS	15
LPASA4842-22	GF6DKS	2
LPASA4843-22	GF6DKS	7
LPASA4846-22	GF6DKS	25
LPASA4847-22	GF6DKS	10
LPASA4848-22	GF6DKS	13
LPASA4850-22	GF6DKS	5
LPASA4851-22	GF6DKS	13
LPASA4852-22	GF6DKS	13
LPASA4853-22	GF6DKS	14
LPASA4854-22	GF6DKS	23
LPASA4855-22	GF6DKS	5
LPASA4856-22	GF6DKS	26
LPASA4857-22	GF6DKS	21
LPASA4858-22	GF6DKS	11
LPASA4859-22	GF6DKS	16
LPASA4860-22	GF6DKS	16
LPASA4861-22	GF6DKS	17
LPASA4862-22	GF6DKS	4
LPASA4863-22	GF6DKS	23
LPASA4864-22	GF6DKS	10
LPASA4865-22	GF6DKS	11
LPASA4866-22	GF6DKS	2
LPASA4868-22	GF6DKS	35
LPASA4869-22	GF6DKS	9
LPASA4871-22	GF6DKS	7
LPASA4872-22	GF6DKS	11
LPASA4873-22	GF6DKS	3
LPASA4874-22	GF6DKS	1
LPASA4875-22	GF6DKS	11
LPASA4877-22	GF6DKS	5
LPASA4879-22	GF6DKS	8
LPASA4880-22	GF6DKS	3
LPASA4881-22	GF6DKS	3
LPASA4882-22	GF6DKS	3
LPASA4883-22	GF6DKS	11
LPASA4884-22	GF6DKS	14
LPASA4885-22	GF6DKS	12
LPASA4886-22	GF6DKS	6
LPASA4887-22	GF6DKS	7
LPASA4888-22	GF6DKS	7
LPASA4889-22	GF6DKS	7
LPASA4890-22	GF6DKS	12
LPASA4891-22	GF6DKS	8
LPASA4892-22	GF6DKS	31
LPASA4893-22	GF6DKS	5
LPASA4894-22	GF6DKS	65
LPASA4895-22	GF6DKS	17
LPASA4896-22	GF6DKS	54
LPASA4897-22	GF6DKS	50
LPASA4898-22	GF6DKS	47
LPASA4899-22	GF6DKS	74
LPASA4900-22	GF6DKS	51
LPASA4901-22	GF6DKS	22
LPASA4902-22	GF6DKS	41
LPASA4903-22	GF6DKS	50
LPASA4904-22	GF6DKS	45
LPASA4905-22	GF6DKS	68
LPASA4906-22	GF6DKS	31
LPASA4907-22	GF6DKS	48
LPASA4908-22	GF6DKS	39
LPASA4909-22	GF6DKS	46
LPASA4910-22	GF6DKS	10
LPASA4911-22	GF6DKS	48
LPASA4912-22	GF6DKS	32
LPASA4913-22	GF6DKS	61
LPASA4914-22	GF6DKS	45
LPASA4915-22	GF6DKS	10
LPASA4916-22	GF6DKS	64
LPASA4917-22	GF6DKS	31
LPASA4918-22	GF6DKS	41
LPASA4919-22	GF6DKS	60
LPASA4920-22	GF6DKS	43
LPASA4921-22	GF6DKS	44
LPASA4922-22	GF6DKS	31
LPASA4923-22	GF6DKS	13
LPASA4924-22	GF6DKS	19
LPASA4925-22	GF6DKS	44
LPASA4926-22	GF6DKS	10
LPASA4927-22	GF6DKS	30
LPASA4928-22	GF6DKS	30
LPASA4929-22	GF6DKS	46
LPASA4930-22	GF6DKS	29
LPASA4931-22	GE1S1W	74
LPASA4932-22	GE1S1W	57
LPASA4933-22	GE1S1W	71
LPASA4934-22	GE1S1W	62
LPASA4935-22	GE1S1W	71
LPASA4936-22	GE1S1W	51
LPASA4937-22	GE1S1W	54
LPASA4938-22	GE1S1W	81
LPASA4939-22	GE1S1W	62
LPASA4940-22	GE1S1W	67
LPASA4941-22	GE1S1W	72
LPASA4942-22	GE1S1W	71
LPASA4943-22	GE1S1W	65
LPASA4944-22	GE1S1W	58
LPASA4945-22	GE1S1W	67
LPASA4946-22	GE1S1W	61
LPASA4947-22	GE1S1W	55
LPASA4948-22	GE1S1W	68
LPASA4949-22	GE1S1W	77
LPASA4950-22	GE1S1W	64
LPASA4951-22	GE1S1W	93
LPASA4952-22	GE1S1W	68
LPASA4953-22	GE1S1W	59
LPASA4954-22	GE1S1W	49
LPASA4955-22	GE1S1W	63
LPASA4956-22	GE1S1W	68
LPASA4957-22	GE1S1W	33
LPASA4958-22	GE1S1W	47
LPASA4959-22	GE1S1W	65
LPASA4960-22	GE1S1W	11
LPASA4961-22	GE1S1W	6
LPASA4962-22	GE1S1W	6
LPASA4965-22	GE1S1W	70
LPASA4966-22	GE1S1W	18
LPASA4967-22	GE1S1W	14
LPASA4968-22	GE1S1W	8
LPASA4969-22	GE1S1W	68
LPASA4970-22	GE1S1W	47
LPASA4971-22	GE1S1W	25
LPASA4972-22	GE1S1W	61
LPASA4973-22	GE1S1W	89
LPASA4974-22	GE1S1W	60
LPASA4975-22	GE1S1W	73
LPASA4976-22	GE1S1W	85
LPASA4977-22	GE1S1W	62
LPASA4978-22	GE1S1W	69
LPASA4979-22	GE1S1W	55
LPASA4980-22	GE1S1W	74
LPASA4981-22	GE1S1W	70
LPASA4982-22	GE1S1W	5
LPASA4983-22	GNC8AY	77
LPASA4984-22	GNC8AY	66
LPASA4985-22	GNC8AY	73
LPASA4986-22	GNC8AY	46
LPASA4987-22	GNC8AY	78
LPASA4988-22	GNC8AY	82
LPASA4989-22	GNC8AY	79
LPASA4990-22	GNC8AY	68
LPASA4991-22	GNC8AY	82
LPASA4992-22	GNC8AY	81
LPASA4993-22	GNC8AY	41
LPASA4994-22	GNC8AY	77
LPASA4995-22	GNC8AY	92
LPASA4996-22	GNC8AY	24
LPASA4997-22	GNC8AY	93
LPASA4998-22	GNC8AY	79
LPASA4999-22	GNC8AY	81
LPASA5000-22	GNC8AY	75
LPASA5001-22	GNC8AY	69
LPASA5002-22	GNC8AY	66
LPASA5003-22	GNC8AY	70
LPASA5004-22	GNC8AY	67
LPASA5005-22	GNC8AY	67
LPASA5006-22	GNC8AY	79
LPASA5007-22	GNC8AY	98
LPASA5008-22	GNC8AY	69
LPASA5009-22	GNC8AY	69
LPASA5010-22	GNC8AY	70
LPASA5011-22	GNC8AY	82
LPASA5012-22	GNC8AY	58
LPASA5013-22	GNC8AY	70
LPASA5014-22	GNC8AY	67
LPASA5015-22	GNC8AY	60
LPASA5016-22	GNC8AY	51
LPASA5017-22	GNC8AY	39
LPASA5018-22	GNC8AY	52
LPASA5019-22	GNC8AY	76
LPASA5020-22	GNC8AY	92
LPASA5021-22	GNC8AY	70
LPASA5022-22	GNC8AY	61
LPASA5023-22	GNC8AY	58
LPASA5024-22	GNC8AY	59
LPASA5025-22	GNC8AY	50
LPASA5026-22	GNC8AY	56
LPASA5027-22	GNC8AY	41
LPASA5028-22	GNC8AY	45
LPASA5029-22	GNC8AY	43
LPASA5030-22	GNC8AY	65
LPASA5031-22	GNC8AY	49
LPASA5032-22	GNC8AY	53
LPASA5033-22	GNC8AY	42
LPASA5034-22	GNC8AY	102
LPASA5035-22	GNC8AY	56
LPASA5036-22	GNC8AY	82
LPASA5037-22	GNC8AY	32
LPASA5038-22	GNC8AY	57
LPASA5039-22	GNC8AY	60
LPASA5040-22	GNC8AY	37
LPASA5041-22	GNC8AY	48
LPASA5042-22	GNC8AY	93
LPASA5043-22	GNC8AY	34
LPASA5044-22	GNC8AY	59
LPASA5045-22	GNC8AY	43
LPASA5046-22	GNC8AY	45
LPASA5047-22	GNC8AY	67
LPASA5048-22	GNC8AY	51
LPASA5049-22	GNC8AY	50
LPASA5050-22	GNC8AY	60
LPASA5051-22	GNC8AY	59
LPASA5052-22	GNC8AY	64
LPASA5053-22	GNC8AY	54
LPASA5054-22	GNC8AY	69
LPASA5055-22	GNC8AY	49
LPASA5056-22	GNC8AY	40
LPASA5057-22	GNC8AY	58
LPASA5058-22	GNC8AY	73
LPASA5059-22	GNC8AY	65
LPASA5060-22	GNC8AY	42
LPASA5061-22	GNC8AY	71
LPASA5062-22	GNC8AY	58
LPASA5063-22	GNC8AY	41
LPASA5064-22	GNC8AY	61
LPASA5065-22	GNC8AY	61
LPASA5066-22	GNC8AY	64
LPASA5067-22	GNC8AY	63
LPASA5068-22	GNC8AY	65
LPASA5069-22	GNC8AY	40
LPASA5070-22	GNC8AY	27
LPASA5071-22	GNC8AY	58
LPASA5072-22	GNC8AY	47
LPASA5073-22	GNC8AY	97
LPASA5074-22	GNC8AY	51
LPASA5075-22	GNC8AY	58
LPASA5076-22	GNC8AY	59
LPASA5077-22	GNC8AY	49
LPASA5078-22	GNC8AY	44
LPASA5079-22	GNC8AY	51
LPASA5080-22	GNC8AY	68
LPASA5081-22	GNC8AY	54
LPASA5082-22	GNC8AY	77
LPASA5083-22	GNC8AY	55
LPASA5084-22	GNC8AY	54
LPASA5085-22	GNC8AY	62
LPASA5086-22	GNC8AY	65
LPASA5087-22	GNC8AY	61
LPASA5088-22	GNC8AY	44
LPASA5089-22	GNC8AY	67
LPASA5090-22	GNC8AY	72
LPASA5091-22	GNC8AY	54
LPASA5092-22	GNC8AY	61
LPASA5093-22	GNC8AY	59
LPASA5094-22	GNC8AY	57
LPASA5095-22	GNC8AY	66
LPASA5096-22	GNC8AY	73
LPASA5097-22	GNC8AY	73
LPASA5098-22	GNC8AY	73
LPASA5099-22	GNC8AY	57
LPASA5100-22	GNC8AY	33
LPASA5101-22	GNC8AY	68
LPASA5102-22	GNC8AY	62
LPASA5103-22	GNC8AY	71
LPASA5104-22	GNC8AY	1
LPASA5106-22	GNC8AY	87
LPASA5107-22	GNC8AY	82
LPASA5108-22	GNC8AY	50
LPASA5109-22	GNC8AY	59
LPASA5110-22	GNC8AY	33
LPASA5111-22	GNC8AY	50
LPASA5112-22	GNC8AY	68
LPASA5113-22	GNC8AY	55
LPASA5114-22	GNC8AY	76
LPASA5115-22	GNC8AY	64
LPASA5116-22	GNC8AY	48
LPASA5117-22	GNC8AY	86
LPASA5118-22	GNC8AY	87
LPASA5119-22	GNC8AY	35
LPASA5120-22	GNC8AY	28
LPASA5121-22	GNC8AY	44
LPASA5122-22	GNC8AY	28
LPASA5123-22	GNC8AY	72
LPASA5124-22	GNC8AY	35
LPASA5125-22	GNC8AY	45
LPASA5126-22	GNC8AY	50
LPASA5127-22	GNC8AY	34
LPASA5128-22	GNC8AY	25
LPASA5129-22	GNC8AY	54
LPASA5130-22	GNC8AY	67
LPASA5131-22	GNC8AY	22
LPASA5132-22	GNC8AY	68
LPASA5133-22	GNC8AY	36
LPASA5134-22	GNC8AY	35
LPASA5135-22	GNC8AY	61
LPASA5136-22	GNC8AY	55
LPASA5137-22	GNC8AY	52
LPASA5138-22	GNC8AY	64
LPASA5139-22	GNC8AY	83
LPASA5140-22	GNC8AY	23
LPASA5141-22	GNC8AY	74
LPASA5142-22	GNC8AY	73
LPASA5143-22	GNC8AY	46
LPASA5144-22	GNC8AY	42
LPASA5145-22	GNC8AY	68
LPASA5146-22	GNC8AY	46
LPASA5147-22	GNC8AY	53
LPASA5148-22	GNC8AY	42
LPASA5149-22	GNC8AY	37
LPASA5150-22	GNC8AY	24
LPASA5151-22	GNC8AY	72
LPASA5152-22	GNC8AY	71
LPASA5153-22	GNC8AY	63
LPASA5154-22	GNC8AY	60
LPASA5155-22	GNC8AY	48
LPASA5156-22	GNC8AY	38
LPASA5157-22	GNC8AY	49
LPASA5158-22	GNC8AY	43
LPASA5159-22	GNC8AY	31
LPASA5160-22	GNC8AY	60
LPASA5161-22	GNC8AY	71
LPASA5162-22	GNC8AY	47
LPASA5163-22	GNC8AY	90
LPASA5164-22	GNC8AY	83
LPASA5165-22	GNC8AY	17
LPASA5166-22	GNC8AY	30
LPASA5167-22	GNC8AY	41
LPASA5168-22	GNC8AY	33
LPASA5169-22	GNC8AY	65
LPASA5170-22	GNC8AY	47
LPASA5171-22	GNC8AY	42
LPASA5172-22	GNC8AY	70
LPASA5173-22	GNC8AY	66
LPASA5174-22	GNC8AY	65
LPASA5175-22	GNC8AY	84
LPASA5176-22	GNC8AY	78
LPASA5177-22	GNC8AY	66
LPASA5178-22	GNC8AY	52
LPASA5179-22	GNC8AY	78
LPASA5180-22	GNC8AY	61
LPASA5181-22	GNC8AY	75
LPASA5182-22	GNC8AY	74
LPASA5183-22	GNC8AY	82
LPASA5184-22	GNC8AY	38
LPASA5185-22	GNC8AY	82
LPASA5186-22	GNC8AY	61
LPASA5187-22	GNC8AY	50
LPASA5188-22	GNC8AY	93
LPASA5189-22	GNC8AY	98
LPASA5190-22	GNC8AY	70
LPASA5191-22	GNC8AY	64
LPASA5192-22	GNC8AY	70
LPASA5193-22	GNC8AY	80
LPASA5194-22	GNC8AY	48
LPASA5195-22	GNC8AY	64
LPASA5196-22	GNC8AY	46
LPASA5197-22	GNC8AY	61
LPASA5198-22	GNC8AY	74
LPASA5199-22	GNC8AY	79
LPASA5200-22	GNC8AY	30
LPASA5201-22	GNC8AY	50
LPASA5202-22	GNC8AY	61
LPASA5203-22	GNC8AY	57
LPASA5204-22	GNC8AY	22
LPASA5205-22	GNC8AY	85
LPASA5206-22	GNC8AY	66
LPASA5207-22	GNC8AY	63
LPASA5208-22	GNC8AY	76
LPASA5209-22	GNC8AY	57
LPASA5210-22	GNC8AY	49
LPASA5211-22	GNC8AY	95
LPASA5212-22	GNC8AY	95
LPASA5213-22	GNC8AY	67
LPASA5214-22	GNC8AY	27
LPASA5215-22	GNC8AY	70
LPASA5216-22	GNC8AY	19
LPASA5217-22	GNC8AY	54
LPASA5218-22	GNC8AY	55
LPASA5219-22	GNC8AY	25
LPASA5220-22	GNC8AY	69
LPASA5221-22	GNC8AY	22
LPASA5222-22	GNC8AY	68
LPASA5223-22	GNC8AY	40
LPASA5224-22	GNC8AY	37
LPASA5225-22	GNC8AY	41
LPASA5226-22	GNC8AY	37
LPASA5227-22	GNC8AY	43
LPASA5228-22	GNC8AY	37
LPASA5229-22	GNC8AY	77
LPASA5230-22	GNC8AY	41
LPASA5231-22	GNC8AY	66
LPASA5232-22	GNC8AY	55
LPASA5233-22	GNC8AY	73
LPASA5234-22	GNC8AY	82
LPASA5235-22	GNC8AY	57
LPASA5236-22	GNC8AY	55
LPASA5237-22	GNC8AY	59
LPASA5238-22	GNC8AY	81
LPASA5239-22	GNC8AY	67
LPASA5240-22	GNC8AY	68
LPASA5241-22	GNC8AY	58
LPASA5242-22	GNC8AY	67
LPASA5243-22	GNC8AY	69
LPASA5244-22	GNC8AY	53
LPASA5245-22	GNC8AY	44
LPASA5246-22	GNC8AY	63
LPASA5247-22	GNC8AY	79
LPASA5248-22	GNC8AY	85
LPASA5249-22	GNC8AY	21
LPASA5250-22	GNC8AY	50
LPASA5251-22	GNC8AY	33
LPASA5252-22	GNC8AY	60
LPASA5253-22	GNC8AY	47
LPASA5254-22	GNC8AY	74
LPASA5255-22	GNC8AY	34
LPASA5256-22	GNC8AY	36
LPASA5257-22	GNC8AY	58
LPASA5258-22	GNC8AY	65
LPASA5259-22	GNC8AY	83
LPASA5260-22	GNC8AY	61
LPASA5261-22	GNC8AY	47
LPASA5262-22	GNC8AY	33
LPASA5263-22	GNC8AY	76
LPASA5264-22	GNC8AY	37
LPASA5265-22	GNC8AY	68
LPASA5266-22	GNC8AY	48
LPASA5267-22	GNC8AY	55
LPASA5268-22	GNC8AY	20
LPASA5269-22	GNC8AY	106
LPASA5270-22	GNC8AY	45
LPASA5271-22	GNC8AY	51
LPASA5272-22	GNC8AY	55
LPASA5273-22	GNC8AY	86
LPASA5274-22	GNC8AY	83
LPASA5275-22	GNC8AY	64
LPASA5276-22	GNC8AY	41
LPASA5277-22	GNC8AY	79
LPASA5278-22	GNC8AY	95
LPASA5279-22	GNC8AY	69
LPASA5280-22	GNC8AY	87
LPASA5281-22	GNC8AY	78
LPASA5282-22	GNC8AY	26
LPASA5283-22	GNC8AY	43
LPASA5284-22	GNC8AY	72
LPASA5285-22	GNC8AY	69
LPASA5286-22	GNC8AY	56
LPASA5287-22	GNC8AY	64
LPASA5288-22	GNC8AY	39
LPASA5289-22	GNC8AY	40
LPASA5290-22	GNC8AY	66
LPASA5291-22	GNC8AY	66
LPASA5292-22	GNC8AY	69
LPASA5293-22	GNC8AY	42
LPASA5295-22	GNC8AY	1
LPASA5296-22	GNC8AY	19
LPASA5297-22	GNC8AY	42
LPASA5298-22	GNC8AY	61
LPASA5299-22	GNC8AY	38
LPASA5300-22	GNC8AY	59
LPASA5301-22	GNC8AY	69
LPASA5302-22	GNC8AY	50
LPASA5303-22	GNC8AY	37
LPASA5304-22	GNC8AY	71
LPASA5305-22	GNC8AY	57
LPASA5306-22	GNC8AY	97
LPASA5307-22	GNC8AY	110
LPASA5308-22	GNC8AY	20
LPASA5309-22	GNC8AY	79
LPASA5310-22	GNC8AY	47
LPASA5311-22	GNC8AY	34
LPASA5312-22	GNC8AY	25
LPASA5313-22	GNC8AY	63
LPASA5314-22	GNC8AY	40
LPASA5315-22	GNC8AY	48
LPASA5316-22	GNC8AY	43
LPASA5317-22	GNC8AY	14
LPASA5318-22	GNC8AY	58
LPASA5319-22	GNC8AY	63
LPASA5320-22	GNC8AY	70
LPASA5321-22	GNC8AY	46
LPASA5322-22	GNC8AY	63
LPASA5323-22	GNC8AY	25
LPASA5324-22	GNC8AY	53
LPASA5325-22	GNC8AY	16
LPASA5326-22	GNC8AY	49
LPASA5327-22	GNC8AY	37
LPASA5328-22	GNC8AY	38
LPASA5329-22	GNC8AY	45
LPASA5330-22	GNC8AY	52
LPASA5331-22	GNC8AY	73
LPASA5332-22	GNC8AY	65
LPASA5333-22	GNC8AY	54
LPASA5334-22	GNC8AY	31
LPASA5335-22	GNC8AY	51
LPASA5336-22	GNC8AY	46
LPASA5337-22	GNC8AY	55
LPASA5338-22	GNC8AY	46
LPASA5339-22	GNC8AY	45
LPASA5340-22	GNC8AY	36
LPASA5341-22	GNC8AY	48
LPASA5342-22	GNC8AY	68
LPASA5343-22	GNC8AY	57
LPASA5344-22	GNC8AY	53
LPASA5345-22	GNC8AY	50
LPASA5346-22	GNC8AY	67
LPASA5347-22	GNC8AY	48
LPASA5348-22	GNC8AY	32
LPASA5349-22	GNC8AY	47
LPASA5350-22	GNC8AY	36
LPASA5351-22	GNC8AY	47
LPASA5352-22	GNC8AY	36
LPASA5353-22	GNC8AY	41
LPASA5355-22	GNC8AY	58
LPASA5356-22	GNC8AY	65
LPASA5357-22	GNC8AY	53
LPASA5358-22	GNC8AY	14
LPASA5359-22	GNC8AY	21
LPASA5360-22	GNC8AY	19
LPASA5361-22	GNC8AY	12
LPASA5362-22	GNC8AY	27
LPASA5363-22	GNC8AY	17
LPASA5364-22	GNC8AY	40
LPASA5365-22	GNC8AY	44
LPASA5366-22	GNC8AY	26
LPASA5367-22	GNC8AY	49
LPASA5368-22	GNC8AY	31
LPASA5369-22	GNC8AY	50
LPASA5370-22	GNC8AY	21
LPASA5371-22	GNC8AY	39
LPASA5372-22	GNC8AY	22
LPASA5373-22	GNC8AY	45
LPASA5374-22	GNC8AY	18
LPASA5375-22	GNC8AY	23
LPASA5376-22	GNC8AY	42
LPASA5377-22	GNC8AY	39
LPASA5378-22	GNC8AY	42
LPASA5379-22	GNC8AY	57
LPASA5380-22	GNC8AY	38
LPASA5381-22	GNC8AY	43
LPASA5382-22	GNC8AY	49
LPASA5383-22	GNC8AY	46
LPASA5384-22	GNC8AY	17
LPASA5385-22	GNC8AY	30
LPASA5386-22	GNC8AY	26
LPASA5387-22	GNC8AY	17
LPASA5388-22	GNC8AY	64
LPASA5389-22	GNC8AY	17
LPASA5390-22	GNC8AY	55
LPASA5391-22	GNC8AY	53
LPASA5392-22	GNC8AY	44
LPASA5393-22	GNC8AY	33
LPASA5394-22	GNC8AY	47
LPASA5395-22	GNC8AY	66
LPASA5396-22	GNC8AY	55
LPASA5397-22	GNC8AY	43
LPASA5398-22	GNC8AY	55
LPASA5399-22	GNC8AY	73
LPASA5400-22	GNC8AY	38
LPASA5401-22	GNC8AY	92
LPASA5402-22	GNC8AY	90
LPASA5403-22	GNC8AY	78
LPASA5404-22	GNC8AY	44
LPASA5405-22	GNC8AY	74
LPASA5406-22	GNC8AY	52
LPASA5407-22	GNC8AY	50
LPASA5408-22	GNC8AY	46
LPASA5409-22	GNC8AY	39
LPASA5410-22	GNC8AY	45
LPASA5411-22	GNC8AY	48
LPASA5412-22	GNC8AY	52
LPASA5413-22	GNC8AY	48
LPASA5414-22	GNC8AY	73
LPASA5415-22	GNC8AY	83
LPASA5416-22	GNC8AY	75
LPASA5417-22	GNC8AY	62
LPASA5418-22	GNC8AY	25
LPASA5419-22	GNC8AY	74
LPASA5420-22	GNC8AY	60
LPASA5421-22	GNC8AY	56
LPASA5422-22	GNC8AY	65
LPASA5423-22	GNC8AY	34
LPASA5424-22	GNC8AY	74
LPASA5425-22	GNC8AY	69
LPASA5426-22	GNC8AY	83
LPASA5427-22	GNC8AY	72
LPASA5428-22	GNC8AY	29
LPASA5429-22	GNC8AY	34
LPASA5430-22	GNC8AY	69
LPASA5431-22	GNC8AY	79
LPASA5432-22	GNC8AY	41
LPASA5433-22	GNC8AY	53
LPASA5434-22	GNC8AY	34
LPASA5435-22	GNC8AY	54
LPASA5436-22	GNC8AY	49
LPASA5437-22	GNC8AY	73
LPASA5438-22	GNC8AY	72
LPASA5439-22	GNC8AY	74
LPASA5440-22	GNC8AY	52
LPASA5441-22	GNC8AY	47
LPASA5442-22	GNC8AY	46
LPASA5443-22	GNC8AY	56
LPASA5444-22	GNC8AY	71
LPASA5445-22	GNC8AY	16
LPASA5446-22	GNC8AY	53
LPASA5447-22	GNC8AY	46
LPASA5448-22	GNC8AY	39
LPASA5449-22	GNC8AY	22
LPASA5450-22	GNC8AY	71
LPASA5451-22	GNC8AY	72
LPASA5452-22	GNC8AY	90
LPASA5453-22	GNC8AY	60
LPASA5454-22	GNC8AY	80
LPASA5455-22	GNC8AY	49
LPASA5456-22	GNC8AY	64
LPASA5457-22	GNC8AY	86
LPASA5458-22	GNC8AY	63
LPASA5459-22	GNC8AY	27
LPASA5460-22	GNC8AY	45
LPASA5461-22	GNC8AY	58
LPASA5462-22	GNC8AY	69
LPASA5463-22	GNC8AY	106
LPASA5464-22	GNC8AY	56
LPASA5465-22	GNC8AY	75
LPASA5466-22	GNC8AY	69
LPASA5467-22	GNC8AY	77
LPASA5468-22	GNC8AY	70
LPASA5469-22	GNC8AY	69
LPASA5470-22	GNC8AY	70
LPASA5471-22	GNC8AY	60
LPASA5472-22	GNC8AY	64
LPASA5473-22	GNC8AY	89
LPASA5474-22	GNC8AY	94
LPASA5475-22	GNC8AY	80
LPASA5476-22	GNC8AY	57
LPASA5477-22	GNC8AY	65
LPASA5478-22	GNC8AY	58
LPASA5479-22	GNC8AY	90
LPASA5480-22	GNC8AY	48
LPASA5481-22	GNC8AY	68
LPASA5482-22	GNC8AY	8
LPASA5483-22	GNC8AY	75
LPASA5484-22	GNC8AY	50
LPASA5485-22	GNC8AY	65
LPASA5486-22	GNC8AY	79
LPASA5487-22	GNC8AY	85
LPASA5488-22	GNC8AY	82
LPASA5489-22	GNC8AY	26
LPASA5490-22	GNC8AY	49
LPASA5491-22	GNC8AY	52
LPASA5492-22	GNC8AY	54
LPASA5493-22	GNC8AY	21
LPASA5494-22	GNC8AY	73
LPASA5495-22	GNC8AY	56
LPASA5496-22	GNC8AY	95
LPASA5497-22	GNC8AY	94
LPASA5498-22	GNC8AY	62
LPASA5499-22	GNC8AY	47
LPASA5500-22	GNC8AY	41
LPASA5501-22	GNC8AY	69
LPASA5502-22	GNC8AY	57
LPASA5503-22	GNC8AY	64
LPASA5504-22	GNC8AY	68
LPASA5505-22	GNC8AY	35
LPASA5506-22	GNC8AY	57
LPASA5507-22	GNC8AY	77
LPASA5508-22	GNC8AY	87
LPASA5509-22	GNC8AY	72
LPASA5510-22	GNC8AY	67
LPASA5511-22	GNC8AY	79
LPASA5512-22	GNC8AY	88
LPASA5513-22	GNC8AY	62
LPASA5514-22	GNC8AY	74
LPASA5515-22	GNC8AY	46
LPASA5516-22	GNC8AY	70
LPASA5517-22	GNC8AY	60
LPASA5518-22	GNC8AY	60
LPASA5519-22	GNC8AY	33
LPASA5520-22	GNC8AY	62
LPASA5521-22	GNC8AY	80
LPASA5522-22	GNC8AY	28
LPASA5523-22	GNC8AY	49
LPASA5524-22	GNC8AY	33
LPASA5525-22	GNC8AY	38
LPASA5526-22	GNC8AY	49
LPASA5527-22	GNC8AY	54
LPASA5528-22	GNC8AY	47
LPASA5529-22	GNC8AY	19
LPASA5530-22	GNC8AY	60
LPASA5531-22	GNC8AY	61
LPASA5532-22	GNC8AY	51
LPASA5533-22	GNC8AY	19
LPASA5534-22	GNC8AY	69
LPASA5535-22	GNC8AY	43
LPASA5536-22	GNC8AY	52
LPASA5537-22	GNC8AY	29
LPASA5538-22	GNC8AY	50
LPASA5539-22	GNC8AY	74
LPASA5540-22	GNC8AY	43
LPASA5541-22	GNC8AY	43
LPASA5542-22	GNC8AY	29
LPASA5543-22	GNC8AY	56
LPASA5544-22	GNC8AY	87
LPASA5545-22	GNC8AY	78
LPASA5546-22	GNC8AY	115
LPASA5547-22	GNC8AY	31
LPASA5548-22	GNC8AY	44
LPASA5549-22	GNC8AY	58
LPASA5550-22	GNC8AY	94
LPASA5551-22	GNC8AY	58
LPASA5552-22	GNC8AY	50
LPASA5553-22	GNC8AY	39
LPASA5554-22	GNC8AY	28
LPASA5555-22	GNC8AY	77
LPASA5556-22	GNC8AY	89
LPASA5557-22	GNC8AY	34
LPASA5558-22	GNC8AY	51
LPASA5559-22	GNC8AY	70
LPASA5560-22	GNC8AY	48
LPASA5561-22	GNC8AY	71
LPASA5562-22	GNC8AY	67
LPASA5563-22	GNC8AY	78
LPASA5564-22	GNC8AY	58
LPASA5565-22	GNC8AY	50
LPASA5566-22	GNC8AY	68
LPASA5567-22	GNC8AY	41
LPASA5568-22	GNC8AY	63
LPASA5569-22	GNC8AY	108
LPASA5570-22	GNC8AY	93
LPASA5571-22	GNC8AY	92
LPASA5572-22	GNC8AY	72
LPASA5573-22	GNC8AY	48
LPASA5574-22	GNC8AY	24
LPASA5575-22	GNC8AY	68
LPASA5576-22	GNC8AY	52
LPASA5577-22	GNC8AY	51
LPASA5578-22	GNC8AY	61
LPASA5579-22	GNC8AY	67
LPASA5580-22	GNC8AY	88
LPASA5581-22	GNC8AY	24
LPASA5582-22	GNC8AY	76
LPASA5583-22	GNC8AY	36
LPASA5584-22	GNC8AY	24
LPASA5585-22	GNC8AY	44
LPASA5586-22	GNC8AY	21
LPASA5587-22	GNC8AY	31
LPASA5588-22	GNC8AY	36
LPASA5589-22	GNC8AY	23
LPASA5590-22	GNC8AY	33
LPASA5591-22	GNC8AY	28
LPASA5592-22	GNC8AY	70
LPASA5593-22	GNC8AY	17
LPASA5594-22	GNC8AY	14
LPASA5595-22	GNC8AY	35
LPASA5596-22	GNC8AY	46
LPASA5597-22	GNC8AY	15
LPASA5598-22	GNC8AY	50
LPASA5599-22	GNC8AY	36
LPASA5600-22	GNC8AY	13
LPASA5601-22	GNC8AY	20
LPASA5602-22	GNC8AY	80
LPASA5603-22	GNC8AY	69
LPASA5604-22	GNC8AY	38
LPASA5605-22	GNC8AY	72
LPASA5606-22	GNC8AY	88
LPASA5607-22	GNC8AY	49
LPASA5608-22	GNC8AY	42
LPASA5609-22	GNC8AY	32
LPASA5610-22	GNC8AY	53
LPASA5611-22	GNC8AY	26
LPASA5612-22	GNC8AY	38
LPASA5613-22	GNC8AY	45
LPASA5614-22	GNC8AY	54
LPASA5615-22	GNC8AY	86
LPASA5616-22	GNC8AY	84
LPASA5617-22	GNC8AY	58
LPASA5618-22	GNC8AY	57
LPASA5619-22	GNC8AY	61
LPASA5620-22	GNC8AY	42
LPASA5621-22	GNC8AY	39
LPASA5622-22	GNC8AY	46
LPASA5623-22	GNC8AY	28
LPASA5624-22	GNC8AY	24
LPASA5625-22	GNC8AY	62
LPASA5626-22	GNC8AY	68
LPASA5627-22	GNC8AY	65
LPASA5628-22	GNC8AY	92
LPASA5629-22	GNC8AY	48
LPASA5630-22	GNC8AY	35
LPASA5631-22	GNC8AY	56
LPASA5632-22	GNC8AY	39
LPASA5633-22	GNC8AY	27
LPASA5634-22	GNC8AY	58
LPASA5635-22	GNC8AY	58
LPASA5636-22	GNC8AY	31
LPASA5637-22	GNC8AY	54
LPASA5638-22	GNC8AY	65
LPASA5639-22	GNC8AY	80
LPASA5640-22	GNC8AY	46
LPASA5641-22	GNC8AY	78
LPASA5642-22	GNC8AY	43
LPASA5643-22	GNC8AY	25
LPASA5644-22	GNC8AY	24
LPASA5645-22	GNC8AY	57
LPASA5646-22	GNC8AY	69
LPASA5647-22	GNC8AY	61
LPASA5648-22	GNC8AY	28
LPASA5649-22	GNC8AY	40
LPASA5650-22	GNC8AY	64
LPASA5651-22	GNC8AY	53
LPASA5652-22	GNC8AY	38
LPASA5653-22	GNC8AY	75
LPASA5654-22	GNC8AY	63
LPASA5655-22	GNC8AY	81
LPASA5656-22	GNC8AY	56
LPASA5657-22	GNC8AY	39
LPASA5658-22	GNC8AY	35
LPASA5659-22	GNC8AY	53
LPASA5660-22	GNC8AY	25
LPASA5661-22	GNC8AY	59
LPASA5662-22	GNC8AY	47
LPASA5663-22	GNC8AY	110
LPASA5664-22	GNC8AY	83
LPASA5665-22	GNC8AY	33
LPASA5666-22	GNC8AY	84
LPASA5667-22	GNC8AY	28
LPASA5668-22	GNC8AY	58
LPASA5669-22	GNC8AY	86
LPASA5670-22	GNC8AY	34
LPASA5671-22	GNC8AY	50
LPASA5672-22	GNC8AY	81
LPASA5673-22	GNC8AY	86
LPASA5674-22	GNC8AY	91
LPASA5675-22	GNC8AY	50
LPASA5676-22	GNC8AY	85
LPASA5677-22	GNC8AY	76
LPASA5678-22	GNC8AY	91
LPASA5679-22	GNC8AY	96
LPASA5680-22	GNC8AY	90
LPASA5681-22	GNC8AY	54
LPASA5682-22	GNC8AY	48
LPASA5683-22	GNC8AY	74
LPASA5684-22	GNC8AY	62
LPASA5685-22	GNC8AY	81
LPASA5686-22	GNC8AY	94
LPASA5687-22	GNC8AY	103
LPASA5688-22	GNC8AY	56
LPASA5689-22	GNC8AY	46
LPASA5690-22	GNC8AY	19
LPASA5691-22	GNC8AY	50
LPASA5692-22	GNC8AY	52
LPASA5693-22	GNC8AY	31
LPASA5694-22	GNC8AY	45
LPASA5695-22	GNC8AY	36
LPASA5696-22	GNC8AY	56
LPASA5697-22	GNC8AY	42
LPASA5698-22	GNC8AY	51
LPASA5699-22	GNC8AY	66
LPASA5700-22	GNC8AY	97
LPASA5701-22	GNC8AY	15
LPASA5702-22	GNC8AY	32
LPASA5703-22	GNC8AY	45
LPASA5704-22	GNC8AY	43
LPASA5705-22	GNC8AY	33
LPASA5706-22	GNC8AY	15
LPASA5707-22	GNC8AY	34
LPASA5708-22	GNC8AY	38
LPASA5709-22	GNC8AY	40
LPASA5710-22	GNC8AY	50
LPASA5711-22	GNC8AY	79
LPASA5712-22	GNC8AY	48
LPASA5713-22	GNC8AY	42
LPASA5714-22	GNC8AY	22
LPASA5715-22	GNC8AY	14
LPASA5716-22	GNC8AY	46
LPASA5717-22	GNC8AY	54
LPASA5718-22	GNC8AY	31
LPASA5719-22	GNC8AY	19
LPASA5720-22	GNC8AY	27
LPASA5721-22	GNC8AY	45
LPASA5722-22	GNC8AY	48
LPASA5723-22	GNC8AY	44
LPASA5724-22	GNC8AY	39
LPASA5725-22	GNC8AY	61
LPASA5726-22	GNC8AY	45
LPASA5727-22	GNC8AY	36
LPASA5728-22	GNC8AY	44
LPASA5729-22	GNC8AY	56
LPASA5730-22	GNC8AY	14
LPASA5731-22	GNC8AY	26
LPASA5732-22	GNC8AY	45
LPASA5733-22	GNC8AY	23
LPASA5734-22	GNC8AY	32
LPASA5735-22	GNC8AY	63
LPASA5736-22	GNC8AY	78
LPASA5737-22	GNC8AY	61
LPASA5738-22	GNC8AY	75
LPASA5739-22	GNC8AY	25
LPASA5740-22	GNC8AY	66
LPASA5741-22	GNC8AY	96
LPASA5742-22	GNC8AY	54
LPASA5743-22	GNC8AY	74
LPASA5744-22	GNC8AY	58
LPASA5745-22	GNC8AY	36
LPASA5746-22	GNC8AY	86
LPASA5747-22	GNC8AY	23
LPASA5748-22	GNC8AY	95
LPASA5749-22	GNC8AY	67
LPASA5750-22	GNC8AY	79
LPASA5751-22	GNC8AY	55
LPASA5752-22	GNC8AY	53
LPASA5753-22	GNC8AY	57
LPASA5754-22	GNC8AY	45
LPASA5755-22	GNC8AY	35
LPASA5756-22	GNC8AY	38
LPASA5757-22	GNC8AY	19
LPASA5758-22	GNC8AY	56
LPASA5759-22	GNC8AY	88
LPASA5760-22	GNC8AY	82
LPASA5761-22	GNC8AY	97
LPASA5762-22	GNC8AY	61
LPASA5763-22	GNC8AY	90
LPASA5764-22	GNC8AY	52
LPASA5765-22	GNC8AY	82
LPASA5766-22	GNC8AY	36
LPASA5767-22	GNC8AY	36
LPASA5768-22	GNC8AY	71
LPASA5769-22	GNC8AY	63
LPASA5770-22	GNC8AY	69
LPASA5771-22	GNC8AY	89
LPASA5772-22	GNC8AY	114
LPASA5773-22	GNC8AY	32
LPASA5774-22	GNC8AY	21
LPASA5775-22	GNC8AY	78
LPASA5776-22	GNC8AY	77
LPASA5777-22	GNC8AY	64
LPASA5778-22	GNC8AY	71
LPASA5779-22	GNC8AY	56
LPASA5780-22	GNC8AY	76
LPASA5781-22	GNC8AY	92
LPASA5782-22	GNC8AY	79
LPASA5783-22	GNC8AY	109
LPASA5784-22	GNC8AY	88
LPASA5785-22	GNC8AY	32
LPASA5786-22	GNC8AY	46
LPASA5787-22	GNC8AY	73
LPASA5788-22	GNC8AY	77
LPASA5789-22	GNC8AY	57
LPASA5790-22	GNC8AY	94
LPASA5791-22	GNC8AY	59
LPASA5792-22	GNC8AY	27
LPASA5793-22	GNC8AY	38
LPASA5794-22	GNC8AY	79
LPASA5795-22	GNC8AY	60
LPASA5796-22	GNC8AY	29
LPASA5797-22	GNC8AY	66
LPASA5798-22	GNC8AY	42
LPASA5799-22	GNC8AY	43
LPASA5800-22	GNC8AY	42
LPASA5801-22	GNC8AY	22
LPASA5802-22	GNC8AY	36
LPASA5803-22	GNC8AY	49
LPASA5804-22	GNC8AY	50
LPASA5805-22	GNC8AY	66
LPASA5806-22	GNC8AY	64
LPASA5807-22	GNC8AY	91
LPASA5808-22	GNC8AY	70
LPASA5809-22	GNC8AY	66
LPASA5810-22	GNC8AY	65
LPASA5811-22	GNC8AY	68
LPASA5812-22	GNC8AY	65
LPASA5813-22	GNC8AY	26
LPASA5814-22	GNC8AY	13
LPASA5815-22	GNC8AY	14
LPASA5816-22	GNC8AY	38
LPASA5817-22	GNC8AY	42
LPASA5818-22	GNC8AY	68
LPASA5819-22	GNC8AY	16
LPASA5820-22	GNC8AY	107
LPASA5821-22	GNC8AY	90
LPASA5822-22	GNC8AY	53
LPASA5823-22	GNC8AY	46
LPASA5824-22	GNC8AY	84
LPASA5825-22	GNC8AY	62
LPASA5826-22	GNC8AY	48
LPASA5827-22	GNC8AY	42
LPASA5828-22	GNC8AY	51
LPASA5829-22	GNC8AY	91
LPASA5830-22	GNC8AY	70
LPASA5831-22	GNC8AY	112
LPASA5832-22	GNC8AY	68
LPASA5833-22	GNC8AY	67
LPASA5834-22	GNC8AY	54
LPASA5835-22	GNC8AY	64
LPASA5836-22	GNC8AY	68
LPASA5837-22	GNC8AY	72
LPASA5838-22	GNC8AY	20
LPASA5839-22	GNC8AY	50
LPASA5840-22	GNC8AY	34
LPASA5841-22	GNC8AY	54
LPASA5842-22	GNC8AY	38
LPASA5843-22	GNC8AY	32
LPASA5844-22	GNC8AY	83
LPASA5845-22	GNC8AY	55
LPASA5846-22	GNC8AY	65
LPASA5847-22	GNC8AY	62
LPASA5848-22	GNC8AY	28
LPASA5849-22	GNC8AY	67
LPASA5850-22	GNC8AY	39
LPASA5851-22	GNC8AY	51
LPASA5852-22	GNC8AY	40
LPASA5853-22	GNC8AY	39
LPASA5854-22	GNC8AY	86
LPASA5855-22	GNC8AY	54
LPASA5856-22	GNC8AY	67
LPASA5857-22	GNC8AY	96
LPASA5858-22	GNC8AY	62
LPASA5859-22	GNC8AY	34
LPASA5860-22	GNC8AY	53
LPASA5861-22	GNC8AY	72
LPASA5862-22	GNC8AY	85
LPASA5863-22	GNC8AY	47
LPASA5864-22	GNC8AY	66
LPASA5865-22	GNC8AY	76
LPASA5866-22	GNC8AY	114
LPASA5867-22	GNC8AY	79
LPASA5868-22	GNC8AY	84
LPASA5869-22	GNC8AY	104
LPASA5870-22	GNC8AY	32
LPASA5871-22	GNC8AY	78
LPASA5872-22	GNC8AY	59
LPASA5873-22	GNC8AY	64
LPASA5874-22	GNC8AY	29
LPASA5875-22	GNC8AY	75
LPASA5876-22	GNC8AY	78
LPASA5877-22	GNC8AY	69
LPASA5878-22	GNC8AY	60
LPASA5879-22	GNC8AY	49
LPASA5880-22	GNC8AY	50
LPASA5881-22	GNC8AY	33
LPASA5882-22	GNC8AY	38
LPASA5883-22	GNC8AY	30
LPASA5884-22	GNC8AY	45
LPASA5885-22	GNC8AY	43
LPASA5886-22	GNC8AY	69
LPASA5887-22	GNC8AY	55
LPASA5888-22	GNC8AY	56
LPASA5889-22	GNC8AY	33
LPASA5890-22	GNC8AY	49
LPASA5891-22	GNC8AY	41
LPASA5892-22	GNC8AY	68
LPASA5893-22	GNC8AY	49
LPASA5894-22	GNC8AY	28
LPASA5895-22	GNC8AY	84
LPASA5896-22	GNC8AY	40
LPASA5897-22	GNC8AY	26
LPASA5898-22	GNC8AY	22
LPASA5899-22	GNC8AY	15
LPASA5900-22	GNC8AY	27
LPASA5901-22	GNC8AY	43
LPASA5902-22	GNC8AY	62
LPASA5903-22	GNC8AY	32
LPASA5904-22	GNC8AY	31
LPASA5905-22	GNC8AY	24
LPASA5906-22	GNC8AY	51
LPASA5907-22	GNC8AY	40
LPASA5908-22	GNC8AY	27
LPASA5909-22	GNC8AY	37
LPASA5910-22	GNC8AY	41
LPASA5911-22	GNC8AY	37
LPASA5912-22	GNC8AY	30
LPASA5913-22	GNC8AY	75
LPASA5914-22	GNC8AY	61
LPASA5915-22	GNC8AY	27
LPASA5916-22	GNC8AY	31
LPASA5917-22	GNC8AY	33
LPASA5918-22	GNC8AY	52
LPASA5919-22	GNC8AY	55
LPASA5920-22	GNC8AY	47
LPASA5921-22	GNC8AY	66
LPASA5922-22	GNC8AY	46
LPASA5923-22	GNC8AY	28
LPASA5924-22	GNC8AY	66
LPASA5925-22	GNC8AY	85
LPASA5926-22	GNC8AY	79
LPASA5927-22	GNC8AY	40
LPASA5928-22	GNC8AY	50
LPASA5929-22	GNC8AY	37
LPASA5930-22	GNC8AY	39
LPASA5931-22	GNC8AY	62
LPASA5932-22	GNC8AY	44
LPASA5933-22	GNC8AY	14
LPASA5934-22	GNC8AY	64
LPASA5935-22	GNC8AY	55
LPASA5936-22	GNC8AY	71
LPASA5937-22	GNC8AY	72
LPASA5938-22	GNC8AY	67
LPASA5939-22	GNC8AY	57
LPASA5940-22	GNC8AY	45
LPASA5941-22	GNC8AY	78
LPASA5942-22	GNC8AY	27
LPASA5943-22	GNC8AY	84
LPASA5944-22	GNC8AY	45
LPASA5945-22	GNC8AY	81
LPASA5946-22	GNC8AY	55
LPASA5947-22	GNC8AY	79
LPASA5948-22	GNC8AY	26
LPASA5949-22	GNC8AY	93
LPASA5950-22	GNC8AY	17
LPASA5951-22	GNC8AY	50
LPASA5952-22	GNC8AY	33
LPASA5953-22	GNC8AY	87
LPASA5954-22	GNC8AY	67
LPASA5955-22	GNC8AY	76
LPASA5956-22	GNC8AY	87
LPASA5957-22	GNC8AY	75
LPASA5958-22	GNC8AY	43
LPASA5959-22	GNC8AY	37
LPASA5960-22	GNC8AY	36
LPASA5961-22	GNC8AY	44
LPASA5962-22	GNC8AY	26
LPASA5963-22	GNC8AY	38
LPASA5964-22	GNC8AY	40
LPASA5965-22	GNC8AY	21
LPASA5966-22	GNC8AY	22
LPASA5967-22	GNC8AY	13
LPASA5969-22	GNC8AY	16
LPASA5970-22	GNC8AY	9
LPASA5971-22	GNC8AY	18
LPASA5972-22	GNC8AY	28
LPASA5973-22	GNC8AY	76
LPASA5974-22	GNC8AY	22
LPASA5975-22	GNC8AY	38
LPASA5976-22	GNC8AY	8
LPASA5977-22	GNC8AY	24
LPASA5978-22	GNC8AY	88
LPASA5979-22	GNC8AY	35
LPASA5980-22	GNC8AY	29
LPASA5981-22	GNC8AY	16
LPASA5982-22	GNC8AY	13
LPASA5983-22	GNC8AY	23
LPASA5984-22	GNC8AY	34
LPASA5985-22	GNC8AY	30
LPASA5986-22	GNC8AY	50
LPASA5987-22	GNC8AY	60
LPASA5988-22	GNC8AY	13
LPASA5989-22	GNC8AY	66
LPASA5990-22	GNC8AY	22
LPASA5991-22	GNC8AY	30
LPASA5992-22	GNC8AY	44
LPASA5993-22	GNC8AY	52
LPASA5994-22	GNC8AY	57
LPASA5995-22	GNC8AY	65
LPASA5996-22	GNC8AY	62
LPASA5997-22	GNC8AY	16
LPASA5998-22	GNC8AY	16
LPASA5999-22	GNC8AY	15
LPASA6000-22	GNC8AY	14
LPASA6001-22	GNC8AY	17
LPASA6002-22	GNC8AY	25
LPASA6003-22	GNC8AY	9
LPASA6004-22	GNC8AY	13
LPASA6005-22	GNC8AY	27
LPASA6006-22	GNC8AY	25
LPASA6007-22	GNC8AY	19
LPASA6008-22	GNC8AY	63
LPASA6009-22	GNC8AY	12
LPASA6010-22	GNC8AY	14
LPASA6011-22	GNC8AY	17
LPASA6012-22	GNC8AY	11
LPASA6013-22	GNC8AY	76
LPASA6014-22	GNC8AY	38
LPASA6015-22	GNC8AY	5
LPASA6016-22	GNC8AY	9
LPASA6017-22	GNC8AY	10
LPASA6018-22	GNC8AY	12
LPASA6019-22	GNC8AY	28
LPASA6021-22	GNC8AY	16
LPASA6022-22	GNC8AY	11
LPASA6023-22	GNC8AY	16
LPASA6024-22	GNC8AY	21
LPASA6025-22	GNC8AY	6
LPASA6026-22	GNC8AY	15
LPASA6027-22	GNC8AY	12
LPASA6028-22	GNC8AY	16
LPASA6029-22	GNC8AY	17
LPASA6030-22	GNC8AY	31
LPASA6031-22	GNC8AY	22
LPASA6032-22	GNC8AY	16
LPASA6033-22	GNC8AY	18
LPASA6034-22	GNC8AY	15
LPASA6035-22	GNC8AY	43
LPASA6036-22	GNC8AY	13
LPASA6037-22	GNC8AY	19
LPASA6038-22	GNC8AY	9
LPASA6039-22	GNC8AY	26
LPASA6040-22	GNC8AY	27
LPASA6041-22	GNC8AY	12
LPASA6042-22	GNC8AY	10
LPASA6043-22	GNC8AY	33
LPASA6045-22	GNC8AY	41
LPASA6046-22	GNC8AY	10
LPASA6047-22	GNC8AY	11
LPASA6048-22	GNC8AY	27
LPASA6050-22	GNC8AY	17
LPASA6051-22	GNC8AY	9
LPASA6052-22	GNC8AY	18
LPASA6053-22	GNC8AY	16
LPASA6054-22	GNC8AY	12
LPASA6055-22	GNC8AY	34
LPASA6056-22	GNC8AY	40
LPASA6057-22	GNC8AY	50
LPASA6058-22	GNC8AY	24
LPASA6059-22	GNC8AY	29
LPASA6060-22	GNC8AY	35
LPASA6061-22	GNC8AY	22
LPASA6062-22	GNC8AY	24
LPASA6063-22	GNC8AY	23
LPASA6064-22	GNC8AY	47
LPASA6065-22	GNC8AY	33
LPASA6066-22	GNC8AY	43
LPASA6067-22	GNC8AY	60
LPASA6068-22	GNC8AY	12
LPASA6069-22	GNC8AY	26
LPASA6070-22	GNC8AY	29
LPASA6071-22	GNC8AY	52
LPASA6072-22	GNC8AY	13
LPASA6073-22	GNC8AY	19
LPASA6074-22	GNC8AY	14
LPASA6075-22	GNC8AY	25
LPASA6076-22	GNC8AY	35
LPASA6077-22	GNC8AY	15
LPASA6078-22	GNC8AY	18
LPASA6079-22	GNC8AY	27
LPASA6081-22	GNC8AY	26
LPASA6082-22	GNC8AY	9
LPASA6083-22	GNC8AY	21
LPASA6084-22	GNC8AY	32
LPASA6085-22	GNC8AY	67
LPASA6086-22	GNC8AY	14
LPASA6087-22	GNC8AY	12
LPASA6088-22	GNC8AY	17
LPASA6089-22	GNC8AY	21
LPASA6090-22	GNC8AY	23
LPASA6091-22	GNC8AY	25
LPASA6093-22	GNC8AY	13
LPASA6094-22	GNC8AY	11
LPASA6095-22	GNC8AY	4
LPASA6096-22	GNC8AY	8
LPASA6097-22	GNC8AY	6
LPASA6098-22	GNC8AY	6
LPASA6100-22	GNC8AY	11
LPASA6101-22	GNC8AY	7
LPASA6102-22	GNC8AY	18
LPASA6103-22	GNC8AY	7
LPASA6104-22	GNC8AY	7
LPASA6105-22	GNC8AY	12
LPASA6106-22	GNC8AY	3
LPASA6107-22	GNC8AY	10
LPASA6108-22	GNC8AY	5
LPASA6110-22	GNC8AY	7
LPASA6111-22	GNC8AY	6
LPASA6112-22	GNC8AY	8
LPASA6113-22	GNC8AY	9
LPASA6115-22	GNC8AY	20
LPASA6116-22	GNC8AY	2
LPASA6118-22	GNC8AY	7
LPASA6119-22	GNC8AY	3
LPASA6120-22	GNC8AY	12
LPASA6121-22	GNC8AY	6
LPASA6122-22	GNC8AY	11
LPASA6123-22	GNC8AY	24
LPASA6124-22	GNC8AY	39
LPASA6125-22	GNC8AY	13
LPASA6126-22	GNC8AY	13
LPASA6127-22	GNC8AY	10
LPASA6128-22	GNC8AY	18
LPASA6129-22	GNC8AY	12
LPASA6130-22	GNC8AY	17
LPASA6131-22	GNC8AY	12
LPASA6132-22	GNC8AY	10
LPASA6133-22	GNC8AY	35
LPASA6134-22	GNC8AY	14
LPASA6135-22	GNC8AY	58
LPASA6136-22	GNC8AY	12
LPASA6137-22	GNC8AY	16
LPASA6138-22	GNC8AY	17
LPASA6139-22	GNC8AY	28
LPASA6140-22	GNC8AY	44
LPASA6142-22	GNC8AY	15
LPASA6143-22	GNC8AY	14
LPASA6144-22	GNC8AY	15
LPASA6145-22	GNC8AY	6
LPASA6146-22	GNC8AY	6
LPASA6147-22	GNC8AY	33
LPASA6148-22	GNC8AY	5
LPASA6149-22	GNC8AY	24
LPASA6150-22	GNC8AY	19
LPASA6151-22	GNC8AY	15
LPASA6152-22	GNC8AY	27
LPASA6153-22	GNC8AY	31
LPASA6154-22	GNC8AY	7
LPASA6155-22	GNC8AY	5
LPASA6156-22	GNC8AY	9
LPASA6157-22	GNC8AY	10
LPASA6158-22	GNC8AY	6
LPASA6159-22	GNC8AY	13
LPASA6161-22	GNC8AY	59
LPASA6162-22	GNC8AY	50
LPASA6163-22	GNC8AY	46
LPASA6164-22	GNC8AY	40
LPASA6165-22	GNC8AY	27
LPASA6166-22	GNC8AY	42
LPASA6168-22	GNC8AY	40
LPASA6169-22	GNC8AY	32
LPASA6170-22	GNC8AY	56
LPASA6171-22	GNC8AY	34
LPASA6172-22	GNC8AY	40
LPASA6173-22	GNC8AY	35
LPASA6174-22	GNC8AY	65
LPASA6175-22	GNC8AY	5
LPASA6176-22	GNC8AY	42
LPASA6177-22	GNC8AY	40
LPASA6178-22	GNC8AY	35
LPASA6179-22	GNC8AY	22
LPASA6180-22	GNC8AY	40
LPASA6181-22	GNC8AY	58
LPASA6182-22	GNC8AY	52
LPASA6183-22	GNC8AY	40
LPASA6184-22	GNC8AY	41
LPASA6185-22	GNC8AY	51
LPASA6186-22	GNC8AY	32
LPASA6187-22	GNC8AY	38
LPASA6188-22	GNC8AY	37
LPASA6189-22	GNC8AY	39
LPASA6190-22	GNC8AY	47
LPASA6191-22	GNC8AY	38
LPASA6192-22	GNC8AY	43
LPASA6193-22	GNC8AY	34
LPASA6194-22	GNC8AY	49
LPASA6195-22	GNC8AY	30
LPASA6196-22	GNC8AY	8
LPASA6197-22	GNC8AY	26
LPASA6198-22	GNC8AY	22
LPASA6199-22	GNC8AY	31
LPASA6200-22	GNC8AY	33
LPASA6201-22	GNC8AY	36
LPASA6202-22	GNC8AY	30
LPASA6203-22	GNC8AY	43
LPASA6204-22	GNC8AY	17
LPASA6205-22	GNC8AY	12
LPASA6206-22	GNC8AY	38
LPASA6207-22	GNC8AY	40
LPASA6208-22	GNC8AY	13
LPASA6209-22	GNC8AY	58
LPASA6210-22	GNC8AY	44
LPASA6211-22	GNC8AY	30
LPASA6212-22	GNC8AY	22
LPASA6213-22	GNC8AY	16
LPASA6214-22	GNC8AY	11
LPASA6215-22	GE1S1W	23
LPASA6216-22	GNC8AY	26
LPASA6217-22	GNC8AY	24
LPASA6218-22	GNC8AY	51
LPASA6219-22	GNC8AY	25
LPASA6220-22	GNC8AY	52
LPASA6221-22	GNC8AY	48
LPASA6222-22	GNC8AY	37
LPASA6223-22	GNC8AY	60
LPASA6224-22	GNC8AY	35
LPASA6225-22	GNC8AY	42
LPASA6226-22	GNC8AY	49
LPASA6227-22	GNC8AY	36
LPHTA1000-22	G9YBS1	53
LPHTA1001-22	G9YBS1	12
LPHTA1002-22	G9YBS1	54
LPHTA1003-22	G9YBS1	44
LPHTA1004-22	G9YBS1	45
LPHTA1005-22	G9YBS1	50
LPHTA1006-22	G9YBS1	29
LPHTA1007-22	G9YBS1	58
LPHTA1008-22	G9YBS1	40
LPHTA1010-22	G9YBS1	75
LPHTA1011-22	G9YBS1	11
LPHTA1012-22	G9YBS1	57
LPHTA1013-22	G9YBS1	80
LPHTA1014-22	G9YBS1	52
LPHTA1015-22	G9YBS1	65
LPHTA1016-22	G9YBS1	50
LPHTA1017-22	G9YBS1	53
LPHTA1018-22	G9YBS1	62
LPHTA1019-22	G9YBS1	17
LPHTA1020-22	G9YBS1	21
LPHTA1021-22	G9YBS1	53
LPHTA1022-22	G9YBS1	26
LPHTA1023-22	G9YBS1	9
LPHTA1024-22	G9YBS1	13
LPHTA1025-22	G9YBS1	67
LPHTA1026-22	G9YBS1	48
LPHTA1027-22	G9YBS1	6
LPHTA1028-22	G9YBS1	58
LPHTA1029-22	G9YBS1	60
LPHTA1030-22	G9YBS1	63
LPHTA1031-22	G9YBS1	68
LPHTA1032-22	G9YBS1	41
LPHTA1033-22	G9YBS1	67
LPHTA1034-22	G9YBS1	72
LPHTA1035-22	G9YBS1	37
LPHTA1036-22	G9YBS1	64
LPHTA1037-22	G9YBS1	81
LPHTA1038-22	G9YBS1	22
LPHTA1039-22	G9YBS1	10
LPHTA1040-22	G9YBS1	63
LPHTA1041-22	G9YBS1	6
LPHTA1042-22	G9YBS1	59
LPHTA1043-22	G9YBS1	54
LPHTA1044-22	G9YBS1	27
LPHTA1045-22	G9YBS1	41
LPHTA1046-22	G9YBS1	12
LPHTA1047-22	G9YBS1	8
LPHTA1048-22	G9YBS1	19
LPHTA1049-22	G9YBS1	88
LPHTA1050-22	G9YBS1	52
LPHTA1051-22	G9YBS1	41
LPHTA1052-22	G9YBS1	34
LPHTA1053-22	G9YBS1	9
LPHTA1054-22	G9YBS1	89
LPHTA1055-22	G9YBS1	62
LPHTA1056-22	G9YBS1	51
LPHTA1057-22	G9YBS1	48
LPHTA1058-22	G9YBS1	43
LPHTA1059-22	G9YBS1	16
LPHTA1060-22	G9YBS1	8
LPHTA1061-22	G9YBS1	94
LPHTA1062-22	G9YBS1	63
LPHTA1063-22	G9YBS1	62
LPHTA1064-22	G9YBS1	9
LPHTA1065-22	G9YBS1	13
LPHTA1066-22	G9YBS1	10
LPHTA1067-22	G9YBS1	75
LPHTA1068-22	G9YBS1	25
LPHTA1069-22	G9YBS1	62
LPHTA1070-22	G9YBS1	12
LPHTA1071-22	G9YBS1	16
LPHTA1072-22	G9YBS1	81
LPHTA1073-22	G9YBS1	71
LPHTA1074-22	G9YBS1	87
LPHTA1075-22	G9YBS1	60
LPHTA1076-22	G9YBS1	73
LPHTA1077-22	G9YBS1	63
LPHTA1078-22	G9YBS1	37
LPHTA1079-22	G9YBS1	11
LPHTA1080-22	G9YBS1	102
LPHTA1081-22	G9YBS1	81
LPHTA1082-22	G9YBS1	11
LPHTA1083-22	G9YBS1	60
LPHTA1084-22	G9YBS1	77
LPHTA1085-22	G9YBS1	98
LPHTA1086-22	G9YBS1	80
LPHTA1087-22	G9YBS1	86
LPHTA1088-22	G9YBS1	87
LPHTA1089-22	G9YBS1	79
LPHTA1090-22	G9YBS1	74
LPHTA1091-22	G9YBS1	77
LPHTA1092-22	G9YBS1	64
LPHTA1093-22	G9YBS1	77
LPHTA1094-22	G9YBS1	88
LPHTA1095-22	G9YBS1	74
LPHTA1096-22	G9YBS1	106
LPHTA1097-22	G9YBS1	93
LPHTA1098-22	G9YBS1	81
LPHTA1099-22	G9YBS1	80
LPHTA1100-22	G9YBS1	85
LPHTA1101-22	G9YBS1	83
LPHTA1102-22	G9YBS1	75
LPHTA1103-22	G9YBS1	74
LPHTA1104-22	G9YBS1	80
LPHTA1105-22	G9YBS1	68
LPHTA1106-22	G9YBS1	83
LPHTA1107-22	G9YBS1	83
LPHTA1108-22	G9YBS1	81
LPHTA1109-22	G9YBS1	123
LPHTA1110-22	G9YBS1	93
LPHTA1111-22	G9YBS1	101
LPHTA1112-22	G9YBS1	71
LPHTA1113-22	G9YBS1	79
LPHTA1114-22	G9YBS1	82
LPHTA1115-22	G9YBS1	62
LPHTA1116-22	G9YBS1	88
LPHTA1117-22	G9YBS1	61
LPHTA1118-22	G9YBS1	62
LPHTA1119-22	G9YBS1	79
LPHTA1120-22	G9YBS1	92
LPHTA1121-22	G9YBS1	88
LPHTA1122-22	G9YBS1	81
LPHTA1123-22	G9YBS1	61
LPHTA1124-22	G9YBS1	69
LPHTA1125-22	G9YBS1	67
LPHTA1126-22	G9YBS1	94
LPHTA1127-22	G9YBS1	62
LPHTA1128-22	G9YBS1	78
LPHTA1129-22	G9YBS1	64
LPHTA1130-22	G9YBS1	78
LPHTA1131-22	G9YBS1	69
LPHTA1132-22	G9YBS1	81
LPHTA1133-22	G9YBS1	82
LPHTA1134-22	G9YBS1	81
LPHTA1135-22	G9YBS1	87
LPHTA1136-22	G9YBS1	65
LPHTA1137-22	G9YBS1	57
LPHTA1138-22	G9YBS1	81
LPHTA1139-22	G9YBS1	79
LPHTA1140-22	G9YBS1	70
LPHTA1141-22	G9YBS1	72
LPHTA1142-22	G9YBS1	70
LPHTA1143-22	G9YBS1	75
LPHTA1144-22	G9YBS1	78
LPHTA1145-22	G9YBS1	10
LPHTA1146-22	G9YBS1	94
LPHTA1147-22	G9YBS1	80
LPHTA1148-22	G9YBS1	78
LPHTA1149-22	G9YBS1	88
LPHTA1150-22	G9YBS1	84
LPHTA1151-22	G9YBS1	72
LPHTA1152-22	G9YBS1	73
LPHTA1153-22	G9YBS1	84
LPHTA1154-22	G9YBS1	75
LPHTA1155-22	G9YBS1	72
LPHTA1156-22	G9YBS1	80
LPHTA1157-22	G9YBS1	81
LPHTA1158-22	G9YBS1	81
LPHTA1159-22	G9YBS1	77
LPHTA1160-22	G9YBS1	67
LPHTA1161-22	G9YBS1	60
LPHTA1162-22	G9YBS1	63
LPHTA1163-22	G9YBS1	89
LPHTA1164-22	G9YBS1	80
LPHTA1165-22	G9YBS1	75
LPHTA1166-22	G9YBS1	80
LPHTA1167-22	G9YBS1	78
LPHTA1168-22	G9YBS1	96
LPHTA1169-22	G9YBS1	87
LPHTA1170-22	G9YBS1	113
LPHTA1171-22	G9YBS1	104
LPHTA1172-22	G9YBS1	87
LPHTA1173-22	G9YBS1	88
LPHTA1174-22	G9YBS1	95
LPHTA1175-22	G9YBS1	82
LPHTA1176-22	G9YBS1	114
LPHTA1177-22	G9YBS1	98
LPHTA1178-22	G9YBS1	96
LPHTA1179-22	G9YBS1	98
LPHTA1180-22	G9YBS1	89
LPHTA1181-22	G9YBS1	99
LPHTA1182-22	G9YBS1	84
LPHTA1183-22	G9YBS1	103
LPHTA1184-22	G9YBS1	73
LPHTA1185-22	G9YBS1	46
LPHTA1186-22	G9YBS1	93
LPHTA1187-22	G9YBS1	72
LPHTA1188-22	G9YBS1	78
LPHTA1189-22	G9YBS1	90
LPHTA1190-22	G9YBS1	93
LPHTA1191-22	G9YBS1	84
LPHTA1192-22	G9YBS1	84
LPHTA1193-22	G9YBS1	80
LPHTA1194-22	G9YBS1	14
LPHTA1195-22	G9YBS1	79
LPHTA1196-22	G9YBS1	75
LPHTA1197-22	G9YBS1	76
LPHTA1198-22	G9YBS1	71
LPHTA1199-22	G9YBS1	80
LPHTA1200-22	G9YBS1	64
LPHTA1201-22	G9YBS1	96
LPHTA1202-22	G9YBS1	69
LPHTA1203-22	G9YBS1	95
LPHTA1204-22	G9YBS1	85
LPHTA1205-22	G9YBS1	66
LPHTA1206-22	G9YBS1	81
LPHTA1207-22	G9YBS1	65
LPHTA1208-22	G9YBS1	69
LPHTA1209-22	G9YBS1	25
LPHTA1210-22	G9YBS1	60
LPHTA1211-22	G9YBS1	83
LPHTA1212-22	G9YBS1	24
LPHTA1213-22	G9YBS1	73
LPHTA1214-22	G9YBS1	75
LPHTA1215-22	G9YBS1	79
LPHTA1216-22	G9YBS1	96
LPHTA1217-22	G9YBS1	87
LPHTA1218-22	G9YBS1	100
LPHTA1219-22	G9YBS1	69
LPHTA1220-22	G9YBS1	59
LPHTA1221-22	G9YBS1	57
LPHTA1222-22	G9YBS1	63
LPHTA1223-22	G9YBS1	59
LPHTA1224-22	G9YBS1	26
LPHTA1225-22	G9YBS1	77
LPHTA1226-22	G9YBS1	54
LPHTA1227-22	G9YBS1	75
LPHTA1228-22	G9YBS1	104
LPHTA1229-22	G9YBS1	89
LPHTA1230-22	G9YBS1	81
LPHTA1231-22	G9YBS1	70
LPHTA1232-22	G9YBS1	63
LPHTA1233-22	G9YBS1	87
LPHTA1234-22	G9YBS1	76
LPHTA1235-22	G9YBS1	80
LPHTA1236-22	G9YBS1	52
LPHTA1237-22	G9YBS1	88
LPHTA1238-22	G9YBS1	88
LPHTA1239-22	G9YBS1	82
LPHTA1240-22	G9YBS1	85
LPHTA1241-22	G9YBS1	89
LPHTA1242-22	G9YBS1	75
LPHTA1243-22	G9YBS1	80
LPHTA1244-22	G9YBS1	74
LPHTA1245-22	G9YBS1	73
LPHTA1246-22	G9YBS1	84
LPHTA1247-22	G9YBS1	73
LPHTA1248-22	G9YBS1	71
LPHTA1249-22	G9YBS1	80
LPHTA1250-22	G9YBS1	74
LPHTA1251-22	G9YBS1	79
LPHTA1252-22	G9YBS1	76
LPHTA1253-22	G9YBS1	102
LPHTA1254-22	G9YBS1	97
LPHTA1255-22	G9YBS1	70
LPHTA1256-22	G9YBS1	68
LPHTA1257-22	G9YBS1	97
LPHTA1258-22	G9YBS1	88
LPHTA1259-22	G9YBS1	76
LPHTA1260-22	G9YBS1	84
LPHTA1261-22	G9YBS1	76
LPHTA1262-22	G9YBS1	91
LPHTA1263-22	G9YBS1	101
LPHTA1264-22	G9YBS1	107
LPHTA1265-22	G9YBS1	93
LPHTA1266-22	G9YBS1	72
LPHTA1267-22	G9YBS1	87
LPHTA1268-22	G9YBS1	100
LPHTA1269-22	G9YBS1	80
LPHTA1270-22	G9YBS1	54
LPHTA1271-22	G9YBS1	99
LPHTA1272-22	G9YBS1	110
LPHTA1273-22	G9YBS1	105
LPHTA1274-22	G9YBS1	72
LPHTA1275-22	G9YBS1	53
LPHTA1276-22	G9YBS1	34
LPHTA1277-22	G9YBS1	54
LPHTA1278-22	G9YBS1	57
LPHTA1279-22	G9YBS1	30
LPHTA1280-22	G9YBS1	47
LPHTA1281-22	G9YBS1	60
LPHTA1282-22	G9YBS1	78
LPHTA1283-22	G9YBS1	73
LPHTA1284-22	G9YBS1	86
LPHTA1285-22	G9YBS1	91
LPHTA1286-22	G9YBS1	60
LPHTA1287-22	G9YBS1	75
LPHTA1288-22	G9YBS1	67
LPHTA1289-22	G9YBS1	55
LPHTA1290-22	G9YBS1	5
LPHTA1291-22	G9YBS1	51
LPHTA1292-22	G9YBS1	74
LPHTA1293-22	G9YBS1	51
LPHTA1294-22	G9YBS1	56
LPHTA1295-22	G9YBS1	10
LPHTA1296-22	G9YBS1	61
LPHTA1297-22	G9YBS1	82
LPHTA1298-22	G9YBS1	39
LPHTA1299-22	G9YBS1	87
LPHTA1300-22	G9YBS1	47
LPHTA1301-22	G9YBS1	54
LPHTA1302-22	G9YBS1	66
LPHTA1303-22	G9YBS1	41
LPHTA1304-22	G9YBS1	34
LPHTA1305-22	G9YBS1	77
LPHTA1306-22	G9YBS1	71
LPHTA1307-22	G9YBS1	43
LPHTA1308-22	G9YBS1	82
LPHTA1309-22	G9YBS1	88
LPHTA1310-22	G9YBS1	64
LPHTA1311-22	G9YBS1	59
LPHTA1312-22	G9YBS1	49
LPHTA1313-22	G9YBS1	7
LPHTA1314-22	G9YBS1	8
LPHTA1315-22	G9YBS1	6
LPHTA1316-22	G9YBS1	67
LPHTA1317-22	G9YBS1	65
LPHTA1318-22	G9YBS1	4
LPHTA1319-22	G9YBS1	64
LPHTA1320-22	G9YBS1	84
LPHTA1321-22	G9YBS1	67
LPHTA1322-22	G9YBS1	78
LPHTA1323-22	G9YBS1	83
LPHTA1324-22	G9YBS1	50
LPHTA1325-22	G9YBS1	38
LPHTA1326-22	G9YBS1	43
LPHTA1327-22	G9YBS1	63
LPHTA1328-22	G9YBS1	65
LPHTA1329-22	G9YBS1	9
LPHTA1330-22	G9YBS1	41
LPHTA1331-22	G9YBS1	60
LPHTA1332-22	G9YBS1	55
LPHTA1333-22	G9YBS1	45
LPHTA1334-22	G9YBS1	90
LPHTA1335-22	G9YBS1	72
LPHTA1336-22	G9YBS1	6
LPHTA1337-22	G9YBS1	51
LPHTA1338-22	G9YBS1	8
LPHTA1339-22	G9YBS1	42
LPHTA1340-22	G9YBS1	74
LPHTA1341-22	G9YBS1	54
LPHTA1342-22	G9YBS1	76
LPHTA1343-22	G9YBS1	72
LPHTA1344-22	G9YBS1	63
LPHTA1345-22	G9YBS1	66
LPHTA1346-22	G9YBS1	68
LPHTA1347-22	G9YBS1	80
LPHTA1348-22	G9YBS1	22
LPHTA1349-22	G9YBS1	11
LPHTA1350-22	G9YBS1	58
LPHTA1351-22	G9YBS1	89
LPHTA1352-22	G9YBS1	87
LPHTA1353-22	G9YBS1	88
LPHTA1354-22	G9YBS1	57
LPHTA1355-22	G9YBS1	59
LPHTA1356-22	G9YBS1	89
LPHTA1357-22	G9YBS1	75
LPHTA1358-22	G9YBS1	81
LPHTA1359-22	G9YBS1	8
LPHTA1360-22	G9YBS1	48
LPHTA1361-22	G9YBS1	68
LPHTA1362-22	G9YBS1	76
LPHTA1363-22	G9YBS1	80
LPHTA1364-22	G9YBS1	54
LPHTA1365-22	G9YBS1	60
LPHTA1366-22	G9YBS1	59
LPHTA1367-22	G9YBS1	54
LPHTA1368-22	G9YBS1	78
LPHTA1369-22	G9YBS1	10
LPHTA1370-22	G9YBS1	93
LPHTA1372-22	G9YBS1	10
LPHTA1373-22	G9YBS1	56
LPHTA1374-22	G9YBS1	44
LPHTA1375-22	G9YBS1	61
LPHTA1376-22	G9YBS1	50
LPHTA1377-22	G9YBS1	52
LPHTA1378-22	G9YBS1	42
LPHTA1379-22	G9YBS1	12
LPHTA1380-22	G9YBS1	76
LPHTA1381-22	G9YBS1	86
LPHTA1382-22	G9YBS1	5
LPHTA1383-22	G9YBS1	61
LPHTA1384-22	G9YBS1	65
LPHTA1385-22	G9YBS1	7
LPHTA1386-22	G9YBS1	62
LPHTA1387-22	G9YBS1	57
LPHTA1388-22	G9YBS1	62
LPHTA1389-22	G9YBS1	56
LPHTA1390-22	G9YBS1	75
LPHTA1391-22	G9YBS1	77
LPHTA1392-22	G9YBS1	9
LPHTA1393-22	G9YBS1	67
LPHTA1394-22	G9YBS1	8
LPHTA1395-22	G9YBS1	8
LPHTA1396-22	G9YBS1	70
LPHTA1397-22	G9YBS1	61
LPHTA1398-22	G9YBS1	11
LPHTA1399-22	G9YBS1	8
LPHTA1400-22	G9YBS1	67
LPHTA1401-22	G9YBS1	37
LPHTA1402-22	G9YBS1	69
LPHTA1403-22	G9YBS1	10
LPHTA1404-22	G9YBS1	9
LPHTA1405-22	G9YBS1	49
LPHTA1406-22	G9YBS1	72
LPHTA1407-22	G9YBS1	48
LPHTA1408-22	G9YBS1	64
LPHTA1410-22	G9YBS1	10
LPHTA1411-22	G9YBS1	9
LPHTA1413-22	G9YBS1	50
LPHTA1414-22	G9YBS1	80
LPHTA1415-22	G9YBS1	5
LPHTA1416-22	G9YBS1	46
LPHTA1417-22	G9YBS1	69
LPHTA1418-22	G9YBS1	4
LPHTA1419-22	G9YBS1	9
LPHTA1420-22	G9YBS1	65
LPHTA1421-22	G9YBS1	8
LPHTA1422-22	G9YBS1	44
LPHTA1423-22	G9YBS1	10
LPHTA1424-22	G9YBS1	50
LPHTA1426-22	G9YBS1	68
LPHTA1427-22	G9YBS1	9
LPHTA1429-22	G9YBS1	83
LPHTA1430-22	G9YBS1	7
LPHTA1431-22	G9YBS1	5
LPHTA1432-22	G9YBS1	88
LPHTA1433-22	G9YBS1	66
LPHTA1434-22	G9YBS1	80
LPHTA1435-22	G9YBS1	46
LPHTA1436-22	G9YBS1	38
LPHTA1437-22	G9YBS1	72
LPHTA1438-22	G9YBS1	76
LPHTA1439-22	G9YBS1	78
LPHTA1440-22	G9YBS1	65
LPHTA1441-22	G9YBS1	13
LPHTA1442-22	G9YBS1	80
LPHTA1443-22	G9YBS1	77
LPHTA1444-22	G9YBS1	57
LPHTA1445-22	G9YBS1	67
LPHTA1446-22	G9YBS1	85
LPHTA1447-22	G9YBS1	67
LPHTA1448-22	G9YBS1	58
LPHTA1449-22	G9YBS1	70
LPHTA1450-22	G9YBS1	80
LPHTA1451-22	G9YBS1	88
LPHTA1452-22	G9YBS1	91
LPHTA1453-22	G9YBS1	64
LPHTA1454-22	G9YBS1	63
LPHTA1455-22	G9YBS1	76
LPHTA1456-22	G9YBS1	10
LPHTA1457-22	G9YBS1	84
LPHTA1458-22	G9YBS1	52
LPHTA1459-22	G9YBS1	66
LPHTA1460-22	G9YBS1	76
LPHTA1461-22	G9YBS1	86
LPHTA1462-22	G9YBS1	82
LPHTA1463-22	G9YBS1	60
LPHTA1464-22	G9YBS1	70
LPHTA1465-22	G9YBS1	10
LPHTA1466-22	G9YBS1	42
LPHTA1467-22	G9YBS1	87
LPHTA1468-22	G9YBS1	66
LPHTA1469-22	G9YBS1	52
LPHTA1470-22	G9YBS1	45
LPHTA1471-22	G9YBS1	57
LPHTA1472-22	G9YBS1	63
LPHTA1473-22	G9YBS1	30
LPHTA1474-22	G9YBS1	62
LPHTA1475-22	G9YBS1	82
LPHTA1476-22	G9YBS1	115
LPHTA1477-22	G9YBS1	93
LPHTA1478-22	G9YBS1	53
LPHTA1479-22	G9YBS1	82
LPHTA1480-22	G9YBS1	78
LPHTA1481-22	G9YBS1	46
LPHTA1482-22	G9YBS1	50
LPHTA1483-22	G9YBS1	55
LPHTA1484-22	G9YBS1	59
LPHTA1485-22	G9YBS1	44
LPHTA1486-22	G9YBS1	74
LPHTA1487-22	G9YBS1	61
LPHTA1488-22	G9YBS1	81
LPHTA1489-22	G9YBS1	69
LPHTA1490-22	G9YBS1	82
LPHTA1491-22	G9YBS1	66
LPHTA1492-22	G9YBS1	77
LPHTA1493-22	G9YBS1	75
LPHTA1494-22	G9YBS1	84
LPHTA1495-22	G9YBS1	90
LPHTA1496-22	G9YBS1	84
LPHTA1497-22	G9YBS1	65
LPHTA1498-22	G9YBS1	49
LPHTA1499-22	G9YBS1	87
LPHTA1500-22	G9YBS1	60
LPHTA1501-22	G9YBS1	101
LPHTA1502-22	G9YBS1	49
LPHTA1503-22	G9YBS1	56
LPHTA1504-22	G9YBS1	29
LPHTA1505-22	G9YBS1	44
LPHTA1506-22	G9YBS1	66
LPHTA1507-22	G9YBS1	43
LPHTA1508-22	G9YBS1	26
LPHTA1509-22	G9YBS1	76
LPHTA1510-22	G9YBS1	57
LPHTA1511-22	G9YBS1	68
LPHTA1513-22	G9YBS1	78
LPHTA1514-22	G9YBS1	91
LPHTA1515-22	G9YBS1	65
LPHTA1516-22	G9YBS1	56
LPHTA1517-22	G9YBS1	32
LPHTA1518-22	G9YBS1	55
LPHTA1519-22	G9YBS1	56
LPHTA1520-22	G9YBS1	52
LPHTA1521-22	G9YBS1	27
LPHTA1522-22	G9YBS1	68
LPHTA1523-22	G9YBS1	66
LPHTA1524-22	G9YBS1	73
LPHTA1525-22	G9YBS1	70
LPHTA1526-22	G9YBS1	73
LPHTA1527-22	G9YBS1	60
LPHTA1528-22	G9YBS1	34
LPHTA1529-22	G9YBS1	61
LPHTA1530-22	G9YBS1	90
LPHTA1531-22	G9YBS1	64
LPHTA1532-22	G9YBS1	16
LPHTA1533-22	G9YBS1	56
LPHTA1534-22	G9YBS1	50
LPHTA1535-22	G9YBS1	62
LPHTA1536-22	G9YBS1	72
LPHTA1537-22	G9YBS1	76
LPHTA1538-22	G9YBS1	60
LPHTA1540-22	G9YBS1	67
LPHTA1541-22	G9YBS1	45
LPHTA1542-22	G9YBS1	64
LPHTA1543-22	G9YBS1	57
LPHTA1544-22	G9YBS1	12
LPHTA1545-22	G9YBS1	65
LPHTA1546-22	G9YBS1	37
LPHTA1547-22	G9YBS1	60
LPHTA1548-22	G9YBS1	91
LPHTA1549-22	G9YBS1	107
LPHTA1550-22	G9YBS1	90
LPHTA1551-22	G9YBS1	80
LPHTA1552-22	G9YBS1	72
LPHTA1553-22	G9YBS1	90
LPHTA1554-22	G9YBS1	100
LPHTA1555-22	G9YBS1	8
LPHTA1556-22	G9YBS1	89
LPHTA1557-22	G9YBS1	41
LPHTA1558-22	G9YBS1	29
LPHTA1559-22	G9YBS1	70
LPHTA1560-22	G9YBS1	35
LPHTA1561-22	G9YBS1	98
LPHTA1562-22	G9YBS1	97
LPHTA1563-22	G9YBS1	72
LPHTA1564-22	G9YBS1	87
LPHTA1565-22	G9YBS1	73
LPHTA1566-22	G9YBS1	66
LPHTA1567-22	G9YBS1	55
LPHTA1568-22	G9YBS1	78
LPHTA1569-22	G9YBS1	41
LPHTA1570-22	G9YBS1	8
LPHTA1571-22	G9YBS1	78
LPHTA1572-22	G9YBS1	87
LPHTA1573-22	G9YBS1	9
LPHTA1574-22	G9YBS1	70
LPHTA1575-22	G9YBS1	76
LPHTA1576-22	G9YBS1	73
LPHTA1577-22	G9YBS1	30
LPHTA1578-22	G9YBS1	53
LPHTA1579-22	G9YBS1	56
LPHTA1580-22	G9YBS1	65
LPHTA1581-22	G9YBS1	69
LPHTA1582-22	G9YBS1	70
LPHTA1583-22	G9YBS1	63
LPHTA1584-22	G9YBS1	85
LPHTA1585-22	G9YBS1	81
LPHTA1586-22	G9YBS1	70
LPHTA1587-22	G9YBS1	62
LPHTA1588-22	G9YBS1	65
LPHTA1589-22	G9YBS1	48
LPHTA1590-22	G9YBS1	56
LPHTA1591-22	G9YBS1	77
LPHTA1592-22	G9YBS1	69
LPHTA1593-22	G9YBS1	41
LPHTA1594-22	G9YBS1	69
LPHTA1595-22	G9YBS1	99
LPHTA1596-22	G9YBS1	69
LPHTA1597-22	G9YBS1	80
LPHTA1598-22	G9YBS1	32
LPHTA1599-22	G9YBS1	63
LPHTA1600-22	G9YBS1	68
LPHTA1601-22	G9YBS1	56
LPHTA1602-22	G9YBS1	60
LPHTA1603-22	G9YBS1	54
LPHTA1604-22	G9YBS1	60
LPHTA1605-22	G9YBS1	52
LPHTA1606-22	G9YBS1	71
LPHTA1607-22	G9YBS1	69
LPHTA1608-22	G9YBS1	67
LPHTA1609-22	G9YBS1	61
LPHTA1610-22	G9YBS1	54
LPHTA1611-22	G9YBS1	74
LPHTA1612-22	G9YBS1	57
LPHTA1613-22	G9YBS1	43
LPHTA1614-22	G9YBS1	56
LPHTA1615-22	G9YBS1	67
LPHTA1616-22	G9YBS1	61
LPHTA1617-22	G9YBS1	51
LPHTA1618-22	G9YBS1	60
LPHTA1619-22	G9YBS1	74
LPHTA1620-22	G9YBS1	83
LPHTA1621-22	G9YBS1	42
LPHTA1622-22	G9YBS1	68
LPHTA1623-22	G9YBS1	57
LPHTA1624-22	G9YBS1	31
LPHTA1625-22	G9YBS1	85
LPHTA1626-22	G9YBS1	82
LPHTA1627-22	G9YBS1	65
LPHTA1628-22	G9YBS1	48
LPHTA1629-22	G9YBS1	70
LPHTA1630-22	G9YBS1	17
LPHTA1631-22	G9YBS1	105
LPHTA1632-22	G9YBS1	89
LPHTA1633-22	G9YBS1	12
LPHTA1634-22	G9YBS1	106
LPHTA1635-22	G9YBS1	52
LPHTA1636-22	G9YBS1	27
LPHTA1637-22	G9YBS1	9
LPHTA1638-22	G9YBS1	56
LPHTA1639-22	G9YBS1	70
LPHTA1640-22	G9YBS1	52
LPHTA1641-22	G9YBS1	68
LPHTA1642-22	G9YBS1	59
LPHTA1643-22	G9YBS1	94
LPHTA1644-22	G9YBS1	138
LPHTA1645-22	G9YBS1	123
LPHTA1646-22	G9YBS1	85
LPHTA1647-22	G9YBS1	71
LPHTA1648-22	G9YBS1	76
LPHTA1649-22	G9YBS1	80
LPHTA1650-22	G9YBS1	78
LPHTA1651-22	G9YBS1	86
LPHTA1652-22	G9YBS1	75
LPHTA1653-22	G9YBS1	70
LPHTA1654-22	G9YBS1	80
LPHTA1655-22	G9YBS1	32
LPHTA1656-22	G9YBS1	27
LPHTA1657-22	G9YBS1	28
LPHTA1658-22	G9YBS1	35
LPHTA1659-22	G9YBS1	40
LPHTA1660-22	G9YBS1	49
LPHTA1661-22	G9YBS1	59
LPHTA1662-22	G9YBS1	8
LPHTA1663-22	G9YBS1	70
LPHTA1664-22	G9YBS1	78
LPHTA1665-22	G9YBS1	34
LPHTA1666-22	G9YBS1	37
LPHTA1667-22	G9YBS1	17
LPHTA1668-22	G9YBS1	35
LPHTA1669-22	G9YBS1	15
LPHTA1670-22	G9YBS1	45
LPHTA1671-22	G9YBS1	67
LPHTA1673-22	G9YBS1	10
LPHTA1674-22	G9YBS1	33
LPHTA1675-22	G9YBS1	9
LPHTA1676-22	G9YBS1	19
LPHTA1677-22	G9YBS1	64
LPHTA1678-22	G9YBS1	16
LPHTA1679-22	G9YBS1	90
LPHTA1680-22	G9YBS1	57
LPHTA1681-22	G9YBS1	16
LPHTA1682-22	G9YBS1	21
LPHTA1683-22	G9YBS1	79
LPHTA1684-22	G9YBS1	73
LPHTA1685-22	G9YBS1	50
LPHTA1686-22	G9YBS1	9
LPHTA1687-22	G9YBS1	43
LPHTA1688-22	G9YBS1	11
LPHTA1689-22	G9YBS1	71
LPHTA1690-22	G9YBS1	9
LPHTA1691-22	G9YBS1	83
LPHTA1693-22	G9YBS1	7
LPHTA1694-22	G9YBS1	9
LPHTA1695-22	G9YBS1	32
LPHTA1696-22	G9YBS1	67
LPHTA1697-22	G9YBS1	13
LPHTA1698-22	G9YBS1	8
LPHTA1699-22	G9YBS1	24
LPHTA1700-22	G9YBS1	56
LPHTA1701-22	G9YBS1	23
LPHTA1702-22	G9YBS1	45
LPHTA1703-22	G9YBS1	53
LPHTA1704-22	G9YBS1	33
LPHTA1705-22	G9YBS1	42
LPHTA1706-22	G9YBS1	14
LPHTA1707-22	G9YBS1	33
LPHTA1708-22	G9YBS1	47
LPHTA1709-22	G9YBS1	8
LPHTA1710-22	G9YBS1	32
LPHTA1711-22	G9YBS1	20
LPHTA1712-22	G9YBS1	12
LPHTA1713-22	G9YBS1	69
LPHTA1714-22	G9YBS1	55
LPHTA1715-22	G9YBS1	11
LPHTA1716-22	G9YBS1	23
LPHTA1717-22	G9YBS1	14
LPHTA1718-22	G9YBS1	50
LPHTA1719-22	G9YBS1	45
LPHTA1720-22	G9YBS1	70
LPHTA1721-22	G9YBS1	15
LPHTA1722-22	G9YBS1	4
LPHTA1723-22	G9YBS1	29
LPHTA1724-22	G9YBS1	9
LPHTA1725-22	G9YBS1	8
LPHTA1726-22	G9YBS1	14
LPHTA1727-22	G9YBS1	80
LPHTA1728-22	G9YBS1	8
LPHTA1729-22	G9YBS1	61
LPHTA1731-22	G9YBS1	36
LPHTA1733-22	G9YBS1	56
LPHTA1734-22	G9YBS1	20
LPHTA1735-22	G9YBS1	56
LPHTA1736-22	G9YBS1	35
LPHTA1737-22	G9YBS1	6
LPHTA1738-22	G9YBS1	11
LPHTA1739-22	G9YBS1	116
LPHTA1740-22	G9YBS1	15
LPHTA1741-22	G9YBS1	14
LPHTA1742-22	G9YBS1	8
LPHTA1743-22	G9YBS1	41
LPHTA1744-22	G9YBS1	101
LPHTA1745-22	G9YBS1	25
LPHTA1746-22	G9YBS1	9
LPHTA1747-22	G9YBS1	43
LPHTA1748-22	G9YBS1	71
LPHTA1749-22	G9YBS1	80
LPHTA1750-22	G9YBS1	83
LPHTA1751-22	G9YBS1	21
LPHTA1752-22	G9YBS1	8
LPHTA1753-22	G9YBS1	68
LPHTA1754-22	G9YBS1	50
LPHTA1755-22	G9YBS1	46
LPHTA1756-22	G9YBS1	41
LPHTA1757-22	G9YBS1	54
LPHTA1758-22	G9YBS1	55
LPHTA1759-22	G9YBS1	32
LPHTA1760-22	G9YBS1	52
LPHTA1761-22	G9YBS1	55
LPHTA1762-22	G9YBS1	5
LPHTA1763-22	G9YBS1	84
LPHTA1764-22	G9YBS1	58
LPHTA1765-22	G9YBS1	17
LPHTA1766-22	G9YBS1	11
LPHTA1767-22	G9YBS1	60
LPHTA1768-22	G9YBS1	6
LPHTA1769-22	G9YBS1	29
LPHTA1770-22	G9YBS1	12
LPHTA1771-22	G9YBS1	21
LPHTA1772-22	G9YBS1	62
LPHTA1773-22	G9YBS1	11
LPHTA1774-22	G9YBS1	83
LPHTA1775-22	G9YBS1	78
LPHTA1776-22	G9YBS1	55
LPHTA1777-22	G9YBS1	45
LPHTA1778-22	G9YBS1	71
LPHTA1779-22	G9YBS1	33
LPHTA1780-22	G9YBS1	17
LPHTA1781-22	G9YBS1	22
LPHTA1782-22	G9YBS1	72
LPHTA1783-22	G9YBS1	82
LPHTA1784-22	G9YBS1	90
LPHTA1785-22	G9YBS1	72
LPHTA1786-22	G9YBS1	11
LPHTA1787-22	G9YBS1	23
LPHTA1788-22	G9YBS1	44
LPHTA1790-22	G9YBS1	45
LPHTA1791-22	G9YBS1	60
LPHTA1792-22	G9YBS1	37
LPHTA1793-22	G9YBS1	5
LPHTA1794-22	G9YBS1	61
LPHTA1795-22	G9YBS1	59
LPHTA1796-22	G9YBS1	18
LPHTA1797-22	G9YBS1	35
LPHTA1798-22	G9YBS1	46
LPHTA1799-22	G9YBS1	54
LPHTA1800-22	G9YBS1	5
LPHTA1801-22	G9YBS1	65
LPHTA1802-22	G9YBS1	66
LPHTA1803-22	G9YBS1	22
LPHTA1804-22	G9YBS1	13
LPHTA1805-22	G9YBS1	43
LPHTA1806-22	G9YBS1	7
LPHTA1807-22	G9YBS1	19
LPHTA1809-22	G9YBS1	70
LPHTA1810-22	G9YBS1	89
LPHTA1811-22	G9YBS1	59
LPHTA1812-22	G9YBS1	67
LPHTA1813-22	G9YBS1	68
LPHTA1814-22	G9YBS1	23
LPHTA1815-22	G9YBS1	80
LPHTA1816-22	G9YBS1	55
LPHTA1817-22	G9YBS1	13
LPHTA1818-22	G9YBS1	28
LPHTA1819-22	G9YBS1	16
LPHTA1820-22	G9YBS1	17
LPHTA1821-22	G9YBS1	21
LPHTA1822-22	G9YBS1	57
LPHTA1823-22	G9YBS1	23
LPHTA1824-22	G9YBS1	14
LPHTA1825-22	G9YBS1	63
LPHTA1826-22	G9YBS1	36
LPHTA1827-22	G9YBS1	39
LPHTA1828-22	G9YBS1	25
LPHTA1829-22	G9YBS1	24
LPHTA1830-22	G9YBS1	66
LPHTA1831-22	G9YBS1	35
LPHTA1832-22	G9YBS1	75
LPHTA1833-22	G9YBS1	33
LPHTA1834-22	G9YBS1	34
LPHTA1836-22	G9YBS1	17
LPHTA1837-22	G9YBS1	46
LPHTA1838-22	G9YBS1	25
LPHTA1839-22	G9YBS1	46
LPHTA1840-22	G9YBS1	63
LPHTA1841-22	G9YBS1	29
LPHTA1842-22	G9YBS1	62
LPHTA1843-22	G9YBS1	31
LPHTA1844-22	G9YBS1	75
LPHTA1845-22	G9YBS1	27
LPHTA1846-22	G9YBS1	97
LPHTA1847-22	G9YBS1	90
LPHTA1848-22	G9YBS1	72
LPHTA1849-22	G9YBS1	33
LPHTA1850-22	G9YBS1	87
LPHTA1851-22	G9YBS1	91
LPHTA1852-22	G9YBS1	39
LPHTA1853-22	G9YBS1	55
LPHTA1854-22	G9YBS1	55
LPHTA1855-22	G9YBS1	77
LPHTA1856-22	G9YBS1	90
LPHTA1857-22	G9YBS1	94
LPHTA1858-22	G9YBS1	71
LPHTA1859-22	G9YBS1	76
LPHTA1860-22	G9YBS1	69
LPHTA1861-22	G9YBS1	70
LPHTA1862-22	G9YBS1	59
LPHTA1863-22	G9YBS1	76
LPHTA1864-22	G9YBS1	71
LPHTA1865-22	G9YBS1	61
LPHTA1866-22	G9YBS1	81
LPHTA1867-22	G9YBS1	68
LPHTA1868-22	G9YBS1	89
LPHTA1869-22	G9YBS1	95
LPHTA1870-22	G9YBS1	87
LPHTA1871-22	G9YBS1	64
LPHTA1872-22	G9YBS1	50
LPHTA1873-22	G9YBS1	70
LPHTA1874-22	G9YBS1	71
LPHTA1875-22	G9YBS1	67
LPHTA1876-22	G9YBS1	80
LPHTA1877-22	G9YBS1	43
LPHTA1879-22	G9YBS1	64
LPHTA1880-22	G9YBS1	68
LPHTA1881-22	G9YBS1	72
LPHTA1882-22	G9YBS1	70
LPHTA1883-22	G9YBS1	56
LPHTA1884-22	G9YBS1	19
LPHTA1885-22	G9YBS1	53
LPHTA1886-22	G9YBS1	66
LPHTA1887-22	G9YBS1	43
LPHTA1888-22	G9YBS1	40
LPHTA1889-22	G9YBS1	48
LPHTA1890-22	G9YBS1	13
LPHTA1891-22	G9YBS1	39
LPHTA1892-22	G9YBS1	88
LPHTA1893-22	G9YBS1	98
LPHTA1894-22	G9YBS1	79
LPHTA1895-22	G9YBS1	58
LPHTA1896-22	G9YBS1	68
LPHTA1897-22	G9YBS1	50
LPHTA1898-22	G9YBS1	75
LPHTA1899-22	G9YBS1	80
LPHTA1900-22	G9YBS1	58
LPHTA1901-22	G9YBS1	45
LPHTA1902-22	G9YBS1	78
LPHTA1903-22	G9YBS1	59
LPHTA1904-22	G9YBS1	87
LPHTA1905-22	G9YBS1	51
LPHTA1906-22	G9YBS1	76
LPHTA1907-22	G9YBS1	69
LPHTA1908-22	G9YBS1	71
LPHTA1909-22	G9YBS1	53
LPHTA1910-22	G9YBS1	65
LPHTA1911-22	G9YBS1	53
LPHTA1912-22	G9YBS1	72
LPHTA1913-22	G9YBS1	9
LPHTA1914-22	G9YBS1	71
LPHTA1915-22	G9YBS1	64
LPHTA1916-22	G9YBS1	77
LPHTA1917-22	G9YBS1	76
LPHTA1918-22	G9YBS1	29
LPHTA1919-22	G9YBS1	82
LPHTA1920-22	G9YBS1	55
LPHTA1921-22	G9YBS1	81
LPHTA1922-22	G9YBS1	96
LPHTA1923-22	G9YBS1	69
LPHTA1924-22	G9YBS1	82
LPHTA1925-22	G9YBS1	27
LPHTA1926-22	G9YBS1	55
LPHTA1927-22	G9YBS1	87
LPHTA1928-22	G9YBS1	56
LPHTA1929-22	G9YBS1	47
LPHTA1930-22	G9YBS1	67
LPHTA1931-22	G9YBS1	45
LPHTA1932-22	G9YBS1	66
LPHTA1933-22	G9YBS1	79
LPHTA1934-22	G9YBS1	64
LPHTA1935-22	G9YBS1	75
LPHTA1936-22	G9YBS1	74
LPHTA1937-22	G9YBS1	70
LPHTA1938-22	G9YBS1	66
LPHTA1939-22	G9YBS1	75
LPHTA1940-22	G9YBS1	69
LPHTA1941-22	G9YBS1	86
LPHTA1942-22	G9YBS1	105
LPHTA1943-22	G9YBS1	65
LPHTA1944-22	G9YBS1	76
LPHTA1945-22	G9YBS1	38
LPHTA1946-22	G9YBS1	78
LPHTA1947-22	G9YBS1	73
LPHTA1948-22	G9YBS1	66
LPHTA1949-22	G9YBS1	93
LPHTA1950-22	G9YBS1	74
LPHTA1951-22	G9YBS1	91
LPHTA1952-22	G9YBS1	71
LPHTA1953-22	G9YBS1	61
LPHTA1954-22	G9YBS1	76
LPHTA1955-22	G9YBS1	73
LPHTA1956-22	G9YBS1	51
LPHTA1957-22	G9YBS1	18
LPHTA1958-22	G9YBS1	62
LPHTA1959-22	G9YBS1	59
LPHTA1960-22	G9YBS1	55
LPHTA1961-22	G9YBS1	10
LPHTA1962-22	G9YBS1	72
LPHTA1963-22	G9YBS1	93
LPHTA1964-22	G9YBS1	36
LPHTA1965-22	G9YBS1	76
LPHTA1967-22	G9YBS1	10
LPHTA1968-22	G9YBS1	44
LPHTA1969-22	G9YBS1	90
LPHTA1970-22	G9YBS1	47
LPHTA1971-22	G9YBS1	76
LPHTA1972-22	G9YBS1	59
LPHTA1973-22	G9YBS1	64
LPHTA1974-22	G9YBS1	74
LPHTA1975-22	G9YBS1	101
LPHTA1976-22	G9YBS1	54
LPHTA1977-22	G9YBS1	52
LPHTA1978-22	G9YBS1	75
LPHTA1979-22	G9YBS1	41
LPHTA1980-22	G9YBS1	34
LPHTA1981-22	G9YBS1	41
LPHTA1982-22	G9YBS1	43
LPHTA1983-22	G9YBS1	78
LPHTA1984-22	G9YBS1	55
LPHTA1985-22	G9YBS1	15
LPHTA1986-22	G9YBS1	10
LPHTA1987-22	G9YBS1	73
LPHTA1988-22	G9YBS1	7
LPHTA1989-22	G9YBS1	9
LPHTA1990-22	G9YBS1	61
LPHTA1991-22	G9YBS1	57
LPHTA1992-22	G9YBS1	13
LPHTA1993-22	G9YBS1	13
LPHTA1994-22	G9YBS1	30
LPHTA1995-22	G9YBS1	73
LPHTA1996-22	G9YBS1	67
LPHTA1997-22	G9YBS1	48
LPHTA1998-22	G9YBS1	63
LPHTA1999-22	G9YBS1	61
LPHTA2000-22	G9YBS1	66
LPHTA2001-22	G9YBS1	88
LPHTA2002-22	G9YBS1	98
LPHTA2003-22	G9YBS1	74
LPHTA2004-22	G9YBS1	100
LPHTA2005-22	G9YBS1	45
LPHTA2006-22	G9YBS1	79
LPHTA2007-22	G9YBS1	89
LPHTA2008-22	G9YBS1	55
LPHTA2009-22	G9YBS1	57
LPHTA2010-22	G9YBS1	90
LPHTA2011-22	G9YBS1	87
LPHTA2012-22	G9YBS1	72
LPHTA2013-22	G9YBS1	92
LPHTA2014-22	G9YBS1	83
LPHTA2015-22	G9YBS1	80
LPHTA2016-22	G9YBS1	28
LPHTA2017-22	G9YBS1	80
LPHTA2018-22	G9YBS1	60
LPHTA2019-22	G9YBS1	66
LPHTA2020-22	G9YBS1	66
LPHTA2021-22	G9YBS1	68
LPHTA2023-22	G9YBS1	101
LPHTA2024-22	G9YBS1	87
LPHTA2025-22	G9YBS1	64
LPHTA2026-22	G9YBS1	91
LPHTA2027-22	G9YBS1	72
LPHTA2028-22	G9YBS1	86
LPHTA2029-22	G9YBS1	86
LPHTA2030-22	G9YBS1	7
LPHTA2031-22	G9YBS1	7
LPHTA2032-22	G9YBS1	19
LPHTA2033-22	G9YBS1	86
LPHTA2034-22	G9YBS1	92
LPHTA2035-22	G9YBS1	117
LPHTA2036-22	G9YBS1	58
LPHTA2037-22	G9YBS1	29
LPHTA2038-22	G9YBS1	24
LPHTA2039-22	G9YBS1	44
LPHTA2040-22	G9YBS1	36
LPHTA2041-22	G9YBS1	13
LPHTA2042-22	G9YBS1	23
LPHTA2043-22	G9YBS1	24
LPHTA2044-22	G9YBS1	16
LPHTA2045-22	G9YBS1	28
LPHTA2046-22	G9YBS1	12
LPHTA2047-22	G9YBS1	26
LPHTA2048-22	G9YBS1	16
LPHTA2049-22	G9YBS1	15
LPHTA2050-22	G9YBS1	18
LPHTA2051-22	G9YBS1	22
LPHTA2052-22	G9YBS1	18
LPHTA2053-22	G9YBS1	38
LPHTA2054-22	G9YBS1	20
LPHTA2055-22	G9YBS1	91
LPHTA2056-22	G9YBS1	29
LPHTA2057-22	G9YBS1	30
LPHTA2058-22	G9YBS1	42
LPHTA2059-22	G9YBS1	10
LPHTA2060-22	G9YBS1	24
LPHTA2061-22	G9YBS1	43
LPHTA2062-22	G9YBS1	8
LPHTA2063-22	G9YBS1	23
LPHTA2064-22	G9YBS1	23
LPHTA2065-22	G9YBS1	11
LPHTA2066-22	G9YBS1	18
LPHTA2067-22	G9YBS1	38
LPHTA2068-22	G9YBS1	13
LPHTA2069-22	G9YBS1	26
LPHTA2070-22	G9YBS1	41
LPHTA2071-22	G9YBS1	11
LPHTA2072-22	G9YBS1	34
LPHTA2073-22	G9YBS1	28
LPHTA2074-22	G9YBS1	64
LPHTA2075-22	G9YBS1	12
LPHTA2076-22	G9YBS1	10
LPHTA2077-22	G9YBS1	38
LPHTA2078-22	G9YBS1	25
LPHTA2079-22	G9YBS1	63
LPHTA2080-22	G9YBS1	13
LPHTA2081-22	G9YBS1	31
LPHTA2082-22	G9YBS1	17
LPHTA2083-22	G9YBS1	55
LPHTA2084-22	G9YBS1	41
LPHTA2085-22	G9YBS1	34
LPHTA2086-22	G9YBS1	59
LPHTA2087-22	G9YBS1	27
LPHTA2088-22	G9YBS1	10
LPHTA2089-22	G9YBS1	48
LPHTA2090-22	G9YBS1	44
LPHTA2091-22	G9YBS1	25
LPHTA2092-22	G9YBS1	35
LPHTA2093-22	G9YBS1	41
LPHTA2094-22	G9YBS1	35
LPHTA2095-22	G9YBS1	14
LPHTA2096-22	G9YBS1	15
LPHTA2097-22	G9YBS1	11
LPHTA2098-22	G9YBS1	57
LPHTA2099-22	G9YBS1	41
LPHTA2100-22	G9YBS1	59
LPHTA2101-22	G9YBS1	16
LPHTA2102-22	G9YBS1	22
LPHTA2103-22	G9YBS1	23
LPHTA2104-22	G9YBS1	26
LPHTA2105-22	G9YBS1	19
LPHTA2106-22	G9YBS1	12
LPHTA2107-22	G9YBS1	13
LPHTA2108-22	G9YBS1	32
LPHTA2109-22	G9YBS1	55
LPHTA2110-22	G9YBS1	39
LPHTA2111-22	G9YBS1	42
LPHTA2112-22	G9YBS1	6
LPHTA2113-22	G9YBS1	44
LPHTA2115-22	G9YBS1	29
LPHTA2116-22	G9YBS1	35
LPHTA2117-22	G9YBS1	51
LPHTA2118-22	G9YBS1	16
LPHTA2119-22	G9YBS1	6
LPHTA2120-22	G9YBS1	35
LPHTA2121-22	G9YBS1	20
LPHTA2122-22	G9YBS1	18
LPHTA2123-22	G9YBS1	22
LPHTA2124-22	G9YBS1	28
LPHTA2126-22	G9YBS1	38
LPHTA2127-22	G9YBS1	8
LPHTA2128-22	G9YBS1	60
LPHTA2129-22	G9YBS1	63
LPHTA2130-22	G9YBS1	113
LPHTA2131-22	G9YBS1	126
LPHTA2132-22	G9YBS1	103
LPHTA2133-22	G9YBS1	91
LPHTA2134-22	G9YBS1	116
LPHTA2135-22	G9YBS1	129
LPHTA2136-22	G9YBS1	103
LPHTA2137-22	G9YBS1	82
LPHTA2138-22	G9YBS1	91
LPHTA2139-22	G9YBS1	96
LPHTA2140-22	G9YBS1	101
LPHTA2141-22	G9YBS1	122
LPHTA2142-22	G9YBS1	81
LPHTA2143-22	G9YBS1	79
LPHTA2144-22	G9YBS1	95
LPHTA2145-22	G9YBS1	99
LPHTA2146-22	G9YBS1	67
LPHTA2147-22	G9YBS1	75
LPHTA2148-22	G9YBS1	90
LPHTA2149-22	G9YBS1	68
LPHTA2150-22	G9YBS1	76
LPHTA2151-22	G9YBS1	85
LPHTA2152-22	G9YBS1	76
LPHTA2153-22	G9YBS1	101
LPHTA2154-22	G9YBS1	94
LPHTA2155-22	G9YBS1	82
LPHTA2156-22	G9YBS1	55
LPHTA2157-22	G9YBS1	87
LPHTA2158-22	G9YBS1	116
LPHTA2159-22	G9YBS1	87
LPHTA2160-22	G9YBS1	65
LPHTA2161-22	G9YBS1	87
LPHTA2162-22	G9YBS1	87
LPHTA2163-22	G9YBS1	86
LPHTA2164-22	G9YBS1	95
LPHTA2165-22	G9YBS1	83
LPHTA2166-22	G9YBS1	85
LPHTA2167-22	G9YBS1	75
LPHTA2168-22	G9YBS1	97
LPHTA2169-22	G9YBS1	83
LPHTA2170-22	G9YBS1	81
LPHTA2171-22	G9YBS1	67
LPHTA2172-22	G9YBS1	88
LPHTA2173-22	G9YBS1	81
LPHTA2174-22	G9YBS1	88
LPHTA2175-22	G9YBS1	70
LPHTA2176-22	G9YBS1	98
LPHTA2177-22	G9YBS1	92
LPHTA2178-22	G9YBS1	73
LPHTA2179-22	G9YBS1	83
LPHTA2180-22	G9YBS1	71
LPHTA2181-22	G9YBS1	61
LPHTA2182-22	G9YBS1	72
LPHTA2183-22	G9YBS1	84
LPHTA2184-22	G9YBS1	77
LPHTA2185-22	G9YBS1	83
LPHTA2186-22	G9YBS1	69
LPHTA2187-22	G9YBS1	78
LPHTA2188-22	G9YBS1	102
LPHTA2189-22	G9YBS1	117
LPHTA2190-22	G9YBS1	126
LPHTA2191-22	G9YBS1	78
LPHTA2192-22	G9YBS1	105
LPHTA2193-22	G9YBS1	81
LPHTA2194-22	G9YBS1	95
LPHTA2195-22	G9YBS1	91
LPHTA2196-22	G9YBS1	113
LPHTA2197-22	G9YBS1	85
LPHTA2198-22	G9YBS1	112
LPHTA2199-22	G9YBS1	76
LPHTA2200-22	G9YBS1	99
LPHTA2201-22	G9YBS1	89
LPHTA2202-22	G9YBS1	90
LPHTA2203-22	G9YBS1	97
LPHTA2204-22	G9YBS1	106
LPHTA2205-22	G9YBS1	78
LPHTA2206-22	G9YBS1	100
LPHTA2207-22	G9YBS1	101
LPHTA2208-22	G9YBS1	89
LPHTA2209-22	G9YBS1	79
LPHTA2210-22	G9YBS1	104
LPHTA2211-22	G9YBS1	66
LPHTA2212-22	G9YBS1	105
LPHTA2213-22	G9YBS1	99
LPHTA2214-22	G9YBS1	122
LPHTA2215-22	G9YBS1	110
LPHTA2217-22	G9YBS1	94
LPHTA2218-22	G9YBS1	99
LPHTA2219-22	G9YBS1	97
LPHTA2220-22	G9YBS1	91
LPHTA2221-22	G9YBS1	92
LPHTA2222-22	G9YBS1	62
LPHTA2223-22	G9YBS1	91
LPHTA2224-22	G9YBS1	67
LPHTA2225-22	G9YBS1	87
LPHTA2226-22	G9YBS1	73
LPHTA2227-22	G9YBS1	62
LPHTA2228-22	G9YBS1	70
LPHTA2229-22	G9YBS1	56
LPHTA2230-22	G9YBS1	35
LPHTA2231-22	G9YBS1	86
LPHTA2232-22	G9YBS1	64
LPHTA2233-22	G9YBS1	37
LPHTA2234-22	G9YBS1	63
LPHTA2235-22	G9YBS1	77
LPHTA2236-22	G9YBS1	74
LPHTA2237-22	G9YBS1	44
LPHTA2238-22	G9YBS1	67
LPHTA2239-22	G9YBS1	54
LPHTA2240-22	G9YBS1	87
LPHTA2241-22	G9YBS1	45
LPHTA2242-22	G9YBS1	64
LPHTA2243-22	G9YBS1	60
LPHTA2244-22	G9YBS1	57
LPHTA2245-22	G9YBS1	59
LPHTA2246-22	G9YBS1	62
LPHTA2247-22	G9YBS1	65
LPHTA2248-22	G9YBS1	51
LPHTA2249-22	G9YBS1	64
LPHTA2250-22	G9YBS1	66
LPHTA2251-22	G9YBS1	57
LPHTA2252-22	G9YBS1	61
LPHTA2253-22	G9YBS1	15
LPHTA2254-22	G9YBS1	70
LPHTA2255-22	G9YBS1	75
LPHTA2256-22	G9YBS1	68
LPHTA2257-22	G9YBS1	55
LPHTA2258-22	G9YBS1	83
LPHTA2259-22	G9YBS1	61
LPHTA2260-22	G9YBS1	75
LPHTA2261-22	G9YBS1	59
LPHTA2262-22	G9YBS1	77
LPHTA2263-22	G9YBS1	44
LPHTA2264-22	G9YBS1	4
LPHTA2265-22	G9YBS1	15
LPHTA2266-22	G9YBS1	73
LPHTA2267-22	G9YBS1	41
LPHTA2268-22	G9YBS1	55
LPHTA2269-22	G9YBS1	61
LPHTA2270-22	G9YBS1	47
LPHTA2271-22	G9YBS1	54
LPHTA2272-22	G9YBS1	79
LPHTA2273-22	G9YBS1	69
LPHTA2274-22	G9YBS1	67
LPHTA2275-22	G9YBS1	51
LPHTA2276-22	G9YBS1	27
LPHTA2277-22	G9YBS1	53
LPHTA2278-22	G9YBS1	48
LPHTA2279-22	G9YBS1	50
LPHTA2280-22	G9YBS1	34
LPHTA2281-22	G9YBS1	53
LPHTA2282-22	G9YBS1	74
LPHTA2283-22	G9YBS1	65
LPHTA2284-22	G9YBS1	12
LPHTA2285-22	G9YBS1	64
LPHTA2286-22	G9YBS1	58
LPHTA2287-22	G9YBS1	10
LPHTA2288-22	G9YBS1	67
LPHTA2289-22	G9YBS1	52
LPHTA2290-22	G9YBS1	86
LPHTA2291-22	G9YBS1	56
LPHTA2292-22	G9YBS1	80
LPHTA2293-22	G9YBS1	28
LPHTA2294-22	G9YBS1	75
LPHTA2295-22	G9YBS1	71
LPHTA2296-22	G9YBS1	62
LPHTA2297-22	G9YBS1	64
LPHTA2298-22	G9YBS1	50
LPHTA2299-22	G9YBS1	43
LPHTA2300-22	G9YBS1	62
LPHTA2301-22	G9YBS1	48
LPHTA2302-22	G9YBS1	69
LPHTA2303-22	G9YBS1	77
LPHTA2304-22	G9YBS1	73
LPHTA2305-22	G9YBS1	56
LPHTA2306-22	G9YBS1	47
LPHTA2307-22	G9YBS1	45
LPHTA2308-22	G9YBS1	75
LPHTA2309-22	G9YBS1	48
LPHTA2310-22	G9YBS1	80
LPHTA2311-22	G9YBS1	70
LPHTA2312-22	G9YBS1	75
LPHTA2313-22	G9YBS1	83
LPHTA2314-22	G9YBS1	99
LPHTA2315-22	G9YBS1	74
LPHTA2316-22	G9YBS1	52
LPHTA2318-22	G9YBS1	78
LPHTA2319-22	G9YBS1	112
LPHTA2320-22	G9YBS1	70
LPHTA2321-22	G9YBS1	29
LPHTA2322-22	G9YBS1	64
LPHTA2323-22	G9YBS1	73
LPHTA2324-22	G9YBS1	65
LPHTA2325-22	G9YBS1	28
LPHTA2326-22	G9YBS1	79
LPHTA2327-22	G9YBS1	29
LPHTA2328-22	G9YBS1	70
LPHTA2329-22	G9YBS1	81
LPHTA2330-22	G9YBS1	91
LPHTA2331-22	G9YBS1	88
LPHTA2332-22	G9YBS1	61
LPHTA2333-22	G9YBS1	74
LPHTA2334-22	G9YBS1	38
LPHTA2335-22	G9YBS1	31
LPHTA2336-22	G9YBS1	60
LPHTA2337-22	G9YBS1	64
LPHTA2338-22	G9YBS1	51
LPHTA2339-22	G9YBS1	72
LPHTA2340-22	G9YBS1	55
LPHTA2341-22	G9YBS1	54
LPHTA2342-22	G9YBS1	54
LPHTA2343-22	G9YBS1	89
LPHTA2344-22	G9YBS1	89
LPHTA2345-22	G9YBS1	59
LPHTA2346-22	G9YBS1	61
LPHTA2347-22	G9YBS1	62
LPHTA2348-22	G9YBS1	70
LPHTA2349-22	G9YBS1	74
LPHTA2350-22	G9YBS1	47
LPHTA2351-22	G9YBS1	73
LPHTA2352-22	G9YBS1	43
LPHTA2353-22	G9YBS1	73
LPHTA2354-22	G9YBS1	75
LPHTA2355-22	G9YBS1	75
LPHTA2356-22	G9YBS1	70
LPHTA2357-22	G9YBS1	65
LPHTA2358-22	G9YBS1	61
LPHTA2359-22	G9YBS1	63
LPHTA2360-22	G9YBS1	53
LPHTA2361-22	G9YBS1	37
LPHTA2362-22	G9YBS1	57
LPHTA2363-22	G9YBS1	55
LPHTA2364-22	G9YBS1	42
LPHTA2365-22	G9YBS1	56
LPHTA2366-22	G9YBS1	79
LPHTA2367-22	G9YBS1	99
LPHTA2368-22	G9YBS1	99
LPHTA2369-22	G9YBS1	76
LPHTA2370-22	G9YBS1	59
LPHTA2371-22	G9YBS1	76
LPHTA2372-22	G9YBS1	50
LPHTA2373-22	G9YBS1	54
LPHTA2374-22	G9YBS1	64
LPHTA2375-22	G9YBS1	77
LPHTA2376-22	G9YBS1	64
LPHTA2377-22	G9YBS1	27
LPHTA2378-22	G9YBS1	59
LPHTA2379-22	G9YBS1	53
LPHTA2380-22	G9YBS1	55
LPHTA2381-22	G9YBS1	78
LPHTA2382-22	G9YBS1	69
LPHTA2383-22	G9YBS1	16
LPHTA2384-22	G9YBS1	58
LPHTA2385-22	G9YBS1	59
LPHTA2386-22	G9YBS1	66
LPHTA2387-22	G9YBS1	94
LPHTA2388-22	G9YBS1	47
LPHTA2389-22	G9YBS1	73
LPHTA2390-22	G9YBS1	64
LPHTA2391-22	G9YBS1	82
LPHTA2392-22	G9YBS1	81
LPHTA2393-22	G9YBS1	81
LPHTA2394-22	G9YBS1	69
LPHTA2395-22	G9YBS1	72
LPHTA2396-22	G9YBS1	56
LPHTA2397-22	G9YBS1	15
LPHTA2398-22	G9YBS1	95
LPHTA2399-22	G9YBS1	88
LPHTA2400-22	G9YBS1	97
LPHTA2401-22	G9YBS1	92
LPHTA2402-22	G9YBS1	100
LPHTA2403-22	G9YBS1	85
LPHTA2404-22	G9YBS1	70
LPHTA2405-22	G9YBS1	50
LPHTA2406-22	G9YBS1	83
LPHTA2407-22	G9YBS1	54
LPHTA2408-22	G9YBS1	60
LPHTA2409-22	G9YBS1	52
LPHTA2410-22	G9YBS1	64
LPHTA2411-22	G9YBS1	73
LPHTA2412-22	G9YBS1	57
LPHTA2413-22	G9YBS1	86
LPHTA2414-22	G9YBS1	40
LPHTA2415-22	G9YBS1	19
LPHTA2416-22	G9YBS1	23
LPHTA2417-22	G9YBS1	20
LPHTA2418-22	G9YBS1	18
LPHTA2419-22	G9YBS1	20
LPHTA2420-22	G9YBS1	65
LPHTA2421-22	G9YBS1	46
LPHTA2422-22	G9YBS1	35
LPHTA2423-22	G9YBS1	11
LPHTA2424-22	G9YBS1	11
LPHTA2425-22	G9YBS1	29
LPHTA2426-22	G9YBS1	29
LPHTA2427-22	G9YBS1	32
LPHTA2428-22	G9YBS1	39
LPHTA2429-22	G9YBS1	26
LPHTA2430-22	G9YBS1	21
LPHTA2431-22	G9YBS1	8
LPHTA2432-22	G9YBS1	16
LPHTA2433-22	G9YBS1	14
LPHTA2434-22	G9YBS1	26
LPHTA2435-22	G9YBS1	32
LPHTA2436-22	G9YBS1	26
LPHTA2437-22	G9YBS1	48
LPHTA2438-22	G9YBS1	78
LPHTA2439-22	G9YBS1	15
LPHTA2440-22	G9YBS1	19
LPHTA2441-22	G9YBS1	15
LPHTA2442-22	G9YBS1	11
LPHTA2443-22	G9YBS1	22
LPHTA2444-22	G9YBS1	54
LPHTA2445-22	G9YBS1	53
LPHTA2446-22	G9YBS1	19
LPHTA2447-22	G9YBS1	9
LPHTA2448-22	G9YBS1	38
LPHTA2449-22	G9YBS1	32
LPHTA2450-22	G9YBS1	47
LPHTA2451-22	G9YBS1	29
LPHTA2452-22	G9YBS1	6
LPHTA2453-22	G9YBS1	37
LPHTA2454-22	G9YBS1	59
LPHTA2455-22	G9YBS1	9
LPHTA2456-22	G9YBS1	51
LPHTA2457-22	G9YBS1	17
LPHTA2458-22	G9YBS1	15
LPHTA2459-22	G9YBS1	38
LPHTA2460-22	G9YBS1	25
LPHTA2461-22	G9YBS1	59
LPHTA2462-22	G9YBS1	55
LPHTA2463-22	G9YBS1	8
LPHTA2464-22	G9YBS1	20
LPHTA2465-22	G9YBS1	31
LPHTA2466-22	G9YBS1	44
LPHTA2467-22	G9YBS1	4
LPHTA2468-22	G9YBS1	51
LPHTA2469-22	G9YBS1	49
LPHTA2470-22	G9YBS1	41
LPHTA2471-22	G9YBS1	20
LPHTA2472-22	G9YBS1	18
LPHTA2473-22	G9YBS1	21
LPHTA2474-22	G9YBS1	72
LPHTA2475-22	G9YBS1	45
LPHTA2476-22	G9YBS1	16
LPHTA2477-22	G9YBS1	14
LPHTA2478-22	G9YBS1	16
LPHTA2479-22	G9YBS1	42
LPHTA2480-22	G9YBS1	12
LPHTA2481-22	G9YBS1	57
LPHTA2484-22	G9YBS1	13
LPHTA2485-22	G9YBS1	58
LPHTA2486-22	G9YBS1	25
LPHTA2487-22	G9YBS1	11
LPHTA2488-22	G9YBS1	20
LPHTA2489-22	G9YBS1	42
LPHTA2490-22	G9YBS1	67
LPHTA2491-22	G9YBS1	15
LPHTA2492-22	G9YBS1	16
LPHTA2493-22	G9YBS1	60
LPHTA2494-22	G9YBS1	15
LPHTA2495-22	G9YBS1	27
LPHTA2496-22	G9YBS1	29
LPHTA2497-22	G9YBS1	16
LPHTA2498-22	G9YBS1	25
LPHTA2499-22	G9YBS1	7
LPHTA2500-22	G9YBS1	17
LPHTA2501-22	G9YBS1	26
LPHTA2502-22	G9YBS1	29
LPHTA2503-22	G9YBS1	5
LPHTA2504-22	G9YBS1	68
LPHTA2505-22	G9YBS1	63
LPHTA2506-22	G9YBS1	54
LPHTA2507-22	G9YBS1	51
LPHTA2508-22	G9YBS1	47
LPHTA2509-22	G9YBS1	67
LPHTA2510-22	G9YBS1	14
LPHTA2511-22	G9YBS1	4
LPHTA2512-22	G9YBS1	11
LPHTA2513-22	G9YBS1	13
LPHTA2514-22	G9YBS1	9
LPHTA2515-22	G9YBS1	8
LPHTA2517-22	G9YBS1	14
LPHTA2518-22	G9YBS1	7
LPHTA2519-22	G9YBS1	13
LPHTA2520-22	G9YBS1	14
LPHTA2521-22	G9YBS1	14
LPHTA2522-22	G9YBS1	11
LPHTA2523-22	G9YBS1	7
LPHTA2524-22	G9YBS1	11
LPHTA2525-22	G9YBS1	6
LPHTA2526-22	G9YBS1	14
LPHTA2527-22	G9YBS1	25
LPHTA2528-22	G9YBS1	64
LPHTA2529-22	G9YBS1	14
LPHTA2531-22	G9YBS1	18
LPHTA2532-22	G9YBS1	33
LPHTA2533-22	G9YBS1	29
LPHTA2534-22	G9YBS1	39
LPHTA2535-22	G9YBS1	7
LPHTA2536-22	G9YBS1	16
LPHTA2537-22	G9YBS1	46
LPHTA2538-22	G9YBS1	18
LPHTA2539-22	G9YBS1	5
LPHTA2540-22	G9YBS1	8
LPHTA2542-22	G9YBS1	24
LPHTA2543-22	G9YBS1	11
LPHTA2544-22	G9YBS1	35
LPHTA2545-22	G9YBS1	9
LPHTA2546-22	G9YBS1	16
LPHTA2547-22	G9YBS1	7
LPHTA2548-22	G9YBS1	9
LPHTA2549-22	G9YBS1	27
LPHTA2550-22	G9YBS1	28
LPHTA2551-22	G9YBS1	8
LPHTA2552-22	G9YBS1	11
LPHTA2554-22	G9YBS1	8
LPHTA2555-22	G9YBS1	21
LPHTA2556-22	G9YBS1	11
LPHTA2557-22	G9YBS1	73
LPHTA2558-22	G9YBS1	44
LPHTA2559-22	G9YBS1	3
LPHTA2560-22	G9YBS1	52
LPHTA2562-22	G9YBS1	67
LPHTA2563-22	G9YBS1	51
LPHTA2564-22	G9YBS1	30
LPHTA2565-22	G9YBS1	60
LPHTA2567-22	G9YBS1	79
LPHTA2568-22	G9YBS1	100
LPHTA2569-22	G9YBS1	86
LPHTA2570-22	G9YBS1	66
LPHTA2571-22	G9YBS1	64
LPHTA2572-22	G9YBS1	61
LPHTA2573-22	G9YBS1	71
LPHTA2574-22	G9YBS1	43
LPHTA2575-22	G9YBS1	24
LPHTA2576-22	G9YBS1	59
LPHTA2577-22	G9YBS1	43
LPHTA2578-22	G9YBS1	54
LPHTA2579-22	G9YBS1	69
LPHTA2580-22	G9YBS1	82
LPHTA2581-22	G9YBS1	105
LPHTA2582-22	G9YBS1	15
LPHTA2583-22	G9YBS1	62
LPHTA2584-22	G9YBS1	8
LPHTA2585-22	G9YBS1	66
LPHTA2586-22	G9YBS1	85
LPHTA2587-22	G9YBS1	99
LPHTA2588-22	G9YBS1	8
LPHTA2589-22	G9YBS1	10
LPHTA2590-22	G9YBS1	65
LPHTA2591-22	G9YBS1	83
LPHTA2592-22	G9YBS1	9
LPHTA2593-22	G9YBS1	90
LPHTA2594-22	G9YBS1	71
LPHTA2595-22	G9YBS1	10
LPHTA2596-22	G9YBS1	56
LPHTA2597-22	G9YBS1	41
LPHTA2598-22	G9YBS1	71
LPHTA2599-22	G9YBS1	90
LPHTA2601-22	G9YBS1	81
LPHTA2602-22	G9YBS1	12
LPHTA2603-22	G9YBS1	90
LPHTA2604-22	G9YBS1	44
LPHTA2605-22	G9YBS1	68
LPHTA2606-22	G9YBS1	61
LPHTA2607-22	G9YBS1	47
LPHTA2608-22	G9YBS1	69
LPHTA2609-22	G9YBS1	53
LPHTA2610-22	G9YBS1	20
LPHTA2611-22	G9YBS1	48
LPHTA2612-22	G9YBS1	48
LPHTA2613-22	G9YBS1	41
LPHTA2614-22	G9YBS1	48
LPHTA2615-22	G9YBS1	64
LPHTA2616-22	G9YBS1	65
LPHTA2617-22	G9YBS1	47
LPHTA2618-22	G9YBS1	57
LPHTA2619-22	G9YBS1	68
LPHTA2620-22	G9YBS1	62
LPHTA2621-22	G9YBS1	67
LPHTA2622-22	G9YBS1	26
LPHTA2623-22	G9YBS1	50
LPHTA2624-22	G9YBS1	54
LPHTA2625-22	G9YBS1	40
LPHTA2626-22	G9YBS1	63
LPHTA2627-22	G9YBS1	50
LPHTA2628-22	G9YBS1	49
LPHTA2629-22	G9YBS1	48
LPHTA2630-22	G9YBS1	55
LPHTA2631-22	G9YBS1	52
LPHTA2632-22	G9YBS1	63
LPHTA2633-22	G9YBS1	60
LPHTA2634-22	G9YBS1	68
LPHTA2635-22	G9YBS1	42
LPHTA2636-22	G9YBS1	80
LPHTA2637-22	G9YBS1	43
LPHTA2638-22	G9YBS1	66
LPHTA2639-22	G9YBS1	67
LPHTA2640-22	G9YBS1	63
LPHTA2641-22	G9YBS1	77
LPHTA2642-22	G9YBS1	61
LPHTA2643-22	G9YBS1	78
LPHTA2644-22	G9YBS1	38
LPHTA2645-22	G9YBS1	65
LPHTA2646-22	G9YBS1	5
LPHTA2647-22	G9YBS1	51
LPHTA2648-22	G9YBS1	46
LPHTA2649-22	G9YBS1	45
LPHTA2650-22	G9YBS1	61
LPHTA2651-22	G9YBS1	59
LPHTA2652-22	G9YBS1	47
LPHTA2653-22	G9YBS1	58
LPHTA2654-22	G9YBS1	53
LPHTA2655-22	G9YBS1	83
LPHTA2656-22	G9YBS1	61
LPHTA2657-22	G9YBS1	46
LPHTA2658-22	G9YBS1	71
LPHTA2659-22	G9YBS1	63
LPHTA2660-22	G9YBS1	90
LPHTA2661-22	G9YBS1	43
LPHTA2662-22	G9YBS1	68
LPHTA2663-22	G9YBS1	23
LPHTA2664-22	G9YBS1	66
LPHTA2665-22	G9YBS1	58
LPHTA2666-22	G9YBS1	53
LPHTA2667-22	G9YBS1	63
LPHTA2668-22	G9YBS1	54
LPHTA2669-22	G9YBS1	53
LPHTA2670-22	G9YBS1	65
LPHTA2671-22	G9YBS1	77
LPHTA2672-22	G9YBS1	67
LPHTA2673-22	G9YBS1	57
LPHTA2674-22	G9YBS1	53
LPHTA2675-22	G9YBS1	53
LPHTA2676-22	G9YBS1	56
LPHTA2677-22	G9YBS1	56
LPHTA2678-22	G9YBS1	73
LPHTA2679-22	G9YBS1	61
LPHTA2680-22	G9YBS1	59
LPHTA2681-22	G9YBS1	75
LPHTA2682-22	G9YBS1	60
LPHTA2683-22	G9YBS1	58
LPHTA2684-22	G9YBS1	61
LPHTA2685-22	G9YBS1	48
LPHTA2686-22	G9YBS1	58
LPHTA2687-22	G9YBS1	33
LPHTA2688-22	G9YBS1	89
LPHTA2689-22	G9YBS1	66
LPHTA2690-22	G9YBS1	57
LPHTA2691-22	G9YBS1	62
LPHTA2692-22	G9YBS1	60
LPHTA2693-22	G9YBS1	58
LPHTA2694-22	G9YBS1	62
LPHTA2695-22	G9YBS1	47
LPHTA2696-22	G9YBS1	79
LPHTA2697-22	G9YBS1	44
LPHTA2698-22	G9YBS1	42
LPHTA2699-22	G9YBS1	49
LPHTA2700-22	G9YBS1	8
LPHTA2701-22	G9YBS1	5
LPHTA2702-22	G9YBS1	33
LPHTA2704-22	G9YBS1	18
LPHTA2705-22	G9YBS1	25
LPHTA2706-22	G9YBS1	7
LPHTA2707-22	G9YBS1	6
LPHTA2708-22	G9YBS1	41
LPHTA2709-22	G9YBS1	14
LPHTA2710-22	G9YBS1	34
LPHTA2711-22	G9YBS1	55
LPHTA2712-22	G9YBS1	51
LPHTA2713-22	G9YBS1	4
LPHTA2714-22	G9YBS1	45
LPHTA2715-22	G9YBS1	35
LPHTA2716-22	G9YBS1	26
LPHTA2717-22	G9YBS1	26
LPHTA2718-22	G9YBS1	28
LPHTA2719-22	G9YBS1	4
LPHTA2720-22	G9YBS1	14
LPHTA2721-22	G9YBS1	60
LPHTA2722-22	G9YBS1	44
LPHTA2723-22	G9YBS1	44
LPHTA2724-22	G9YBS1	37
LPHTA2725-22	G9YBS1	37
LPHTA2726-22	G9YBS1	39
LPHTA2727-22	G9YBS1	18
LPHTA2728-22	G9YBS1	23
LPHTA2729-22	G9YBS1	10
LPHTA2730-22	G9YBS1	36
LPHTA2731-22	G9YBS1	6
LPHTA2732-22	G3FFNC	75
LPHTA2733-22	G3FFNC	70
LPHTA2734-22	G3FFNC	66
LPHTA2735-22	G3FFNC	61
LPHTA2736-22	G3FFNC	19
LPHTA2737-22	G9YBS1	29
LPHTA2738-22	G9YBS1	1
LPHTA2739-22	G9YBS1	32
LPHTA2740-22	G9YBS1	25
LPHTA2741-22	G9YBS1	33
LPHTA2742-22	G9YBS1	39
LPHTA2743-22	G9YBS1	38
LPHTA2744-22	G9YBS1	33
LPHTA2745-22	G9YBS1	32
LPHTA2746-22	G9YBS1	39
LPHTA2747-22	G9YBS1	64
LPHTA2748-22	G9YBS1	54
LPHTA2749-22	G9YBS1	50
LPHTA2750-22	G9YBS1	34
LPHTA2751-22	G9YBS1	49
LPHTA2752-22	G9YBS1	27
LPHTA2753-22	G9YBS1	55
LPHTA2754-22	G9YBS1	44
LPHTA2755-22	G9YBS1	37
LPHTA2756-22	G9YBS1	30
LPHTA2757-22	G9YBS1	40
LPHTA2758-22	G9YBS1	42
LPHTA2759-22	G9YBS1	48
LPHTA2760-22	G9YBS1	45
LPHTA2761-22	G9YBS1	77
LPHTA2762-22	G9YBS1	42
LPHTA2763-22	G9YBS1	36
LPHTA2764-22	G9YBS1	11
LPHTA2765-22	G9YBS1	35
LPHTA2766-22	G9YBS1	51
LPHTA2767-22	G9YBS1	43
LPHTA2768-22	G9YBS1	31
LPHTA2769-22	G9YBS1	47
LPHTA2770-22	G9YBS1	45
LPHTA2771-22	G9YBS1	45
LPHTA2772-22	G9YBS1	49
LPHTA2773-22	G9YBS1	33
LPHTA2774-22	G9YBS1	32
LPHTA2775-22	G9YBS1	37
LPHTA2776-22	G9YBS1	51
LPHTA2777-22	G9YBS1	5
LPHTA2778-22	G9YBS1	39
LPHTA2779-22	G9YBS1	36
LPHTA2780-22	G9YBS1	44
LPHTA2781-22	G9YBS1	55
LPHTA2782-22	G9YBS1	35
LPHTA2783-22	G9YBS1	15
LPHTA2784-22	G9YBS1	50
LPHTA2785-22	G9YBS1	64
LPHTA2786-22	G9YBS1	43
LPHTA2787-22	G9YBS1	11
LPHTA2788-22	G9YBS1	34
LPHTA2789-22	G9YBS1	58
LPHTA2790-22	G9YBS1	33
LPHTA2791-22	G9YBS1	40
LPHTA2792-22	G9YBS1	14
LPHTA2793-22	G9YBS1	20
LPHTA2794-22	G9YBS1	12
LPHTA2795-22	G9YBS1	22
LPHTA2796-22	G9YBS1	12
LPHTA2797-22	G9YBS1	29
LPHTA2798-22	G9YBS1	33
LPHTA2799-22	G9YBS1	24
LPHTA2800-22	G9YBS1	12
LPHTA2801-22	G9YBS1	8
LPHTA2802-22	G9YBS1	15
LPHTA2803-22	G9YBS1	9
LPHTA2804-22	G9YBS1	10
LPHTA2805-22	G9YBS1	20
LPHTA2806-22	G9YBS1	25
LPHTA2807-22	G9YBS1	10
LPHTA2808-22	G9YBS1	12
LPHTA2809-22	G9YBS1	12
LPHTA2810-22	G9YBS1	9
LPHTA2811-22	G9YBS1	10
LPHTA2812-22	G9YBS1	5
LPHTA2813-22	G9YBS1	9
LPHTA2814-22	G9YBS1	11
LPHTA2815-22	G9YBS1	25
LPHTA2816-22	G9YBS1	5
LPHTA2817-22	G9YBS1	12
LPHTA2818-22	G9YBS1	11
LPHTA2819-22	G9YBS1	18
LPHTA2820-22	G9YBS1	21
LPHTA2821-22	G9YBS1	34
LPHTA2822-22	G9YBS1	39
LPHTA2823-22	G9YBS1	45
LPHTA2824-22	G9YBS1	39
LPHTA2825-22	G9YBS1	41
LPHTA2826-22	G9YBS1	37
LPHTA2827-22	G9YBS1	33
LPHTA2828-22	G9YBS1	35
LPHTA2829-22	G9YBS1	15
LPHTA2830-22	G9YBS1	52
LPHTA2831-22	G9YBS1	58
LPHTA355-22	G9YBS1	80
LPHTA356-22	G9YBS1	100
LPHTA357-22	G9YBS1	64
LPHTA358-22	G9YBS1	75
LPHTA359-22	G9YBS1	83
LPHTA360-22	G9YBS1	80
LPHTA361-22	G9YBS1	62
LPHTA362-22	G9YBS1	77
LPHTA363-22	G9YBS1	86
LPHTA364-22	G9YBS1	70
LPHTA365-22	G9YBS1	59
LPHTA366-22	G9YBS1	71
LPHTA367-22	G9YBS1	51
LPHTA368-22	G9YBS1	70
LPHTA369-22	G9YBS1	58
LPHTA370-22	G9YBS1	85
LPHTA371-22	G9YBS1	47
LPHTA372-22	G9YBS1	84
LPHTA373-22	G9YBS1	79
LPHTA374-22	G9YBS1	70
LPHTA375-22	G9YBS1	65
LPHTA376-22	G9YBS1	95
LPHTA377-22	G9YBS1	58
LPHTA378-22	G9YBS1	94
LPHTA379-22	G9YBS1	46
LPHTA380-22	G9YBS1	60
LPHTA381-22	G9YBS1	71
LPHTA382-22	G9YBS1	80
LPHTA383-22	G9YBS1	68
LPHTA384-22	G9YBS1	53
LPHTA385-22	G9YBS1	76
LPHTA386-22	G9YBS1	89
LPHTA387-22	G9YBS1	67
LPHTA388-22	G9YBS1	78
LPHTA389-22	G9YBS1	79
LPHTA390-22	G9YBS1	72
LPHTA391-22	G9YBS1	90
LPHTA392-22	G9YBS1	55
LPHTA393-22	G9YBS1	64
LPHTA394-22	G9YBS1	20
LPHTA395-22	G9YBS1	82
LPHTA396-22	G9YBS1	69
LPHTA397-22	G9YBS1	82
LPHTA398-22	G9YBS1	82
LPHTA399-22	G9YBS1	68
LPHTA400-22	G9YBS1	71
LPHTA401-22	G9YBS1	70
LPHTA402-22	G9YBS1	60
LPHTA403-22	G9YBS1	16
LPHTA404-22	G9YBS1	86
LPHTA405-22	G9YBS1	70
LPHTA406-22	G9YBS1	62
LPHTA407-22	G9YBS1	93
LPHTA408-22	G9YBS1	67
LPHTA409-22	G9YBS1	99
LPHTA410-22	G9YBS1	100
LPHTA411-22	G9YBS1	91
LPHTA412-22	G9YBS1	65
LPHTA413-22	G9YBS1	70
LPHTA414-22	G9YBS1	93
LPHTA415-22	G9YBS1	88
LPHTA416-22	G9YBS1	77
LPHTA417-22	G9YBS1	12
LPHTA418-22	G9YBS1	83
LPHTA419-22	G9YBS1	122
LPHTA420-22	G9YBS1	65
LPHTA421-22	G9YBS1	66
LPHTA422-22	G9YBS1	58
LPHTA423-22	G9YBS1	88
LPHTA424-22	G9YBS1	72
LPHTA425-22	G9YBS1	60
LPHTA426-22	G9YBS1	61
LPHTA427-22	G9YBS1	104
LPHTA428-22	G9YBS1	65
LPHTA429-22	G9YBS1	79
LPHTA430-22	G9YBS1	85
LPHTA431-22	G9YBS1	60
LPHTA432-22	G9YBS1	55
LPHTA433-22	G9YBS1	73
LPHTA434-22	G9YBS1	59
LPHTA435-22	G9YBS1	56
LPHTA436-22	G9YBS1	54
LPHTA437-22	G9YBS1	5
LPHTA438-22	G9YBS1	67
LPHTA439-22	G9YBS1	78
LPHTA440-22	G9YBS1	48
LPHTA441-22	G9YBS1	91
LPHTA442-22	G9YBS1	85
LPHTA443-22	G9YBS1	95
LPHTA444-22	G9YBS1	63
LPHTA445-22	G9YBS1	42
LPHTA446-22	G9YBS1	61
LPHTA447-22	G9YBS1	11
LPHTA448-22	G9YBS1	13
LPHTA449-22	G9YBS1	8
LPHTA450-22	G9YBS1	77
LPHTA451-22	G9YBS1	38
LPHTA452-22	G9YBS1	53
LPHTA453-22	G9YBS1	57
LPHTA454-22	G9YBS1	89
LPHTA455-22	G9YBS1	72
LPHTA456-22	G9YBS1	73
LPHTA457-22	G9YBS1	26
LPHTA458-22	G9YBS1	79
LPHTA459-22	G9YBS1	70
LPHTA460-22	G9YBS1	63
LPHTA461-22	G9YBS1	20
LPHTA462-22	G9YBS1	66
LPHTA463-22	G9YBS1	27
LPHTA464-22	G9YBS1	53
LPHTA465-22	G9YBS1	36
LPHTA466-22	G9YBS1	77
LPHTA467-22	G9YBS1	75
LPHTA468-22	G9YBS1	4
LPHTA469-22	G9YBS1	52
LPHTA470-22	G9YBS1	53
LPHTA471-22	G9YBS1	99
LPHTA472-22	G9YBS1	63
LPHTA473-22	G9YBS1	57
LPHTA474-22	G9YBS1	70
LPHTA475-22	G9YBS1	77
LPHTA476-22	G9YBS1	63
LPHTA477-22	G9YBS1	72
LPHTA478-22	G9YBS1	86
LPHTA479-22	G9YBS1	63
LPHTA480-22	G9YBS1	54
LPHTA481-22	G9YBS1	77
LPHTA482-22	G9YBS1	68
LPHTA483-22	G9YBS1	60
LPHTA484-22	G9YBS1	40
LPHTA485-22	G9YBS1	59
LPHTA486-22	G9YBS1	74
LPHTA487-22	G9YBS1	9
LPHTA488-22	G9YBS1	75
LPHTA489-22	G9YBS1	83
LPHTA490-22	G9YBS1	48
LPHTA491-22	G9YBS1	70
LPHTA492-22	G9YBS1	81
LPHTA493-22	G9YBS1	83
LPHTA494-22	G9YBS1	79
LPHTA495-22	G9YBS1	26
LPHTA496-22	G9YBS1	34
LPHTA497-22	G9YBS1	82
LPHTA498-22	G9YBS1	105
LPHTA499-22	G9YBS1	100
LPHTA500-22	G9YBS1	57
LPHTA501-22	G9YBS1	66
LPHTA502-22	G9YBS1	86
LPHTA503-22	G9YBS1	78
LPHTA504-22	G9YBS1	79
LPHTA505-22	G9YBS1	87
LPHTA506-22	G9YBS1	40
LPHTA507-22	G9YBS1	15
LPHTA508-22	G9YBS1	58
LPHTA509-22	G9YBS1	69
LPHTA510-22	G9YBS1	64
LPHTA511-22	G9YBS1	72
LPHTA512-22	G9YBS1	74
LPHTA513-22	G9YBS1	80
LPHTA514-22	G9YBS1	92
LPHTA515-22	G9YBS1	90
LPHTA516-22	G9YBS1	61
LPHTA517-22	G9YBS1	99
LPHTA518-22	G9YBS1	88
LPHTA519-22	G9YBS1	33
LPHTA520-22	G9YBS1	67
LPHTA521-22	G9YBS1	50
LPHTA522-22	G9YBS1	22
LPHTA523-22	G9YBS1	56
LPHTA524-22	G9YBS1	37
LPHTA525-22	G9YBS1	85
LPHTA526-22	G9YBS1	67
LPHTA527-22	G9YBS1	90
LPHTA528-22	G9YBS1	60
LPHTA529-22	G9YBS1	69
LPHTA530-22	G9YBS1	70
LPHTA531-22	G9YBS1	69
LPHTA532-22	G9YBS1	79
LPHTA533-22	G9YBS1	77
LPHTA534-22	G9YBS1	68
LPHTA535-22	G9YBS1	48
LPHTA536-22	G9YBS1	73
LPHTA537-22	G9YBS1	85
LPHTA538-22	G9YBS1	98
LPHTA539-22	G9YBS1	17
LPHTA540-22	G9YBS1	52
LPHTA541-22	G9YBS1	32
LPHTA542-22	G9YBS1	95
LPHTA543-22	G9YBS1	74
LPHTA544-22	G9YBS1	65
LPHTA545-22	G9YBS1	59
LPHTA546-22	G9YBS1	21
LPHTA547-22	G9YBS1	74
LPHTA548-22	G9YBS1	74
LPHTA549-22	G9YBS1	75
LPHTA550-22	G9YBS1	75
LPHTA551-22	G9YBS1	45
LPHTA552-22	G9YBS1	37
LPHTA553-22	G9YBS1	58
LPHTA554-22	G9YBS1	73
LPHTA555-22	G9YBS1	71
LPHTA556-22	G9YBS1	29
LPHTA557-22	G9YBS1	5
LPHTA558-22	G9YBS1	90
LPHTA559-22	G9YBS1	106
LPHTA560-22	G9YBS1	78
LPHTA561-22	G9YBS1	65
LPHTA562-22	G9YBS1	47
LPHTA563-22	G9YBS1	70
LPHTA564-22	G9YBS1	65
LPHTA565-22	G9YBS1	56
LPHTA566-22	G9YBS1	72
LPHTA567-22	G9YBS1	17
LPHTA568-22	G9YBS1	75
LPHTA569-22	G9YBS1	74
LPHTA570-22	G9YBS1	71
LPHTA571-22	G9YBS1	69
LPHTA572-22	G9YBS1	41
LPHTA573-22	G9YBS1	75
LPHTA574-22	G9YBS1	95
LPHTA575-22	G9YBS1	86
LPHTA576-22	G9YBS1	84
LPHTA577-22	G9YBS1	78
LPHTA578-22	G9YBS1	11
LPHTA579-22	G9YBS1	67
LPHTA580-22	G9YBS1	65
LPHTA581-22	G9YBS1	101
LPHTA582-22	G9YBS1	76
LPHTA583-22	G9YBS1	70
LPHTA584-22	G9YBS1	77
LPHTA585-22	G9YBS1	84
LPHTA586-22	G9YBS1	88
LPHTA587-22	G9YBS1	55
LPHTA589-22	G9YBS1	38
LPHTA590-22	G9YBS1	58
LPHTA591-22	G9YBS1	53
LPHTA592-22	G9YBS1	18
LPHTA593-22	G9YBS1	72
LPHTA594-22	G9YBS1	84
LPHTA595-22	G9YBS1	88
LPHTA596-22	G9YBS1	68
LPHTA597-22	G9YBS1	45
LPHTA598-22	G9YBS1	91
LPHTA599-22	G9YBS1	94
LPHTA600-22	G9YBS1	91
LPHTA601-22	G9YBS1	75
LPHTA602-22	G9YBS1	89
LPHTA603-22	G9YBS1	49
LPHTA604-22	G9YBS1	67
LPHTA605-22	G9YBS1	79
LPHTA606-22	G9YBS1	80
LPHTA607-22	G9YBS1	9
LPHTA608-22	G9YBS1	69
LPHTA609-22	G9YBS1	65
LPHTA610-22	G9YBS1	97
LPHTA611-22	G9YBS1	53
LPHTA612-22	G9YBS1	48
LPHTA613-22	G9YBS1	74
LPHTA614-22	G9YBS1	63
LPHTA615-22	G9YBS1	70
LPHTA616-22	G9YBS1	75
LPHTA617-22	G9YBS1	95
LPHTA618-22	G9YBS1	89
LPHTA619-22	G9YBS1	77
LPHTA620-22	G9YBS1	66
LPHTA621-22	G9YBS1	92
LPHTA622-22	G9YBS1	42
LPHTA623-22	G9YBS1	59
LPHTA624-22	G9YBS1	73
LPHTA625-22	G9YBS1	95
LPHTA626-22	G9YBS1	8
LPHTA627-22	G9YBS1	88
LPHTA628-22	G9YBS1	62
LPHTA629-22	G9YBS1	58
LPHTA630-22	G9YBS1	55
LPHTA631-22	G9YBS1	54
LPHTA632-22	G9YBS1	74
LPHTA633-22	G9YBS1	77
LPHTA634-22	G9YBS1	82
LPHTA635-22	G9YBS1	54
LPHTA636-22	G9YBS1	59
LPHTA637-22	G9YBS1	47
LPHTA638-22	G9YBS1	115
LPHTA639-22	G9YBS1	78
LPHTA640-22	G9YBS1	77
LPHTA641-22	G9YBS1	73
LPHTA642-22	G9YBS1	97
LPHTA643-22	G9YBS1	70
LPHTA644-22	G9YBS1	12
LPHTA645-22	G9YBS1	71
LPHTA646-22	G9YBS1	75
LPHTA647-22	G9YBS1	39
LPHTA648-22	G9YBS1	47
LPHTA649-22	G9YBS1	68
LPHTA650-22	G9YBS1	64
LPHTA651-22	G9YBS1	11
LPHTA652-22	G9YBS1	45
LPHTA653-22	G9YBS1	47
LPHTA654-22	G9YBS1	77
LPHTA655-22	G9YBS1	33
LPHTA656-22	G9YBS1	54
LPHTA657-22	G9YBS1	51
LPHTA658-22	G9YBS1	62
LPHTA659-22	G9YBS1	73
LPHTA660-22	G9YBS1	74
LPHTA661-22	G9YBS1	91
LPHTA662-22	G9YBS1	97
LPHTA663-22	G9YBS1	76
LPHTA664-22	G9YBS1	71
LPHTA666-22	G9YBS1	18
LPHTA667-22	G9YBS1	78
LPHTA668-22	G9YBS1	17
LPHTA669-22	G9YBS1	89
LPHTA670-22	G9YBS1	84
LPHTA671-22	G9YBS1	52
LPHTA672-22	G9YBS1	63
LPHTA673-22	G9YBS1	66
LPHTA674-22	G9YBS1	66
LPHTA675-22	G9YBS1	71
LPHTA676-22	G9YBS1	62
LPHTA677-22	G9YBS1	31
LPHTA678-22	G9YBS1	57
LPHTA679-22	G9YBS1	86
LPHTA680-22	G9YBS1	76
LPHTA681-22	G9YBS1	82
LPHTA682-22	G9YBS1	39
LPHTA683-22	G9YBS1	53
LPHTA684-22	G9YBS1	66
LPHTA685-22	G9YBS1	53
LPHTA686-22	G9YBS1	80
LPHTA687-22	G9YBS1	12
LPHTA688-22	G9YBS1	81
LPHTA689-22	G9YBS1	62
LPHTA690-22	G9YBS1	31
LPHTA691-22	G9YBS1	56
LPHTA692-22	G9YBS1	47
LPHTA693-22	G9YBS1	78
LPHTA694-22	G9YBS1	1
LPHTA695-22	G9YBS1	47
LPHTA696-22	G9YBS1	86
LPHTA697-22	G9YBS1	27
LPHTA698-22	G9YBS1	79
LPHTA699-22	G9YBS1	38
LPHTA700-22	G9YBS1	68
LPHTA701-22	G9YBS1	76
LPHTA702-22	G9YBS1	103
LPHTA703-22	G9YBS1	134
LPHTA704-22	G9YBS1	18
LPHTA705-22	G9YBS1	46
LPHTA706-22	G9YBS1	53
LPHTA707-22	G9YBS1	6
LPHTA709-22	G9YBS1	10
LPHTA710-22	G9YBS1	60
LPHTA711-22	G9YBS1	10
LPHTA712-22	G9YBS1	10
LPHTA713-22	G9YBS1	52
LPHTA714-22	G9YBS1	71
LPHTA715-22	G9YBS1	91
LPHTA716-22	G9YBS1	98
LPHTA717-22	G9YBS1	57
LPHTA718-22	G9YBS1	75
LPHTA719-22	G9YBS1	59
LPHTA720-22	G9YBS1	29
LPHTA721-22	G9YBS1	10
LPHTA722-22	G9YBS1	66
LPHTA723-22	G9YBS1	70
LPHTA724-22	G9YBS1	51
LPHTA725-22	G9YBS1	28
LPHTA726-22	G9YBS1	20
LPHTA727-22	G9YBS1	16
LPHTA728-22	G9YBS1	82
LPHTA729-22	G9YBS1	87
LPHTA730-22	G9YBS1	48
LPHTA731-22	G9YBS1	75
LPHTA732-22	G9YBS1	30
LPHTA734-22	G9YBS1	56
LPHTA735-22	G9YBS1	63
LPHTA736-22	G9YBS1	58
LPHTA737-22	G9YBS1	44
LPHTA738-22	G9YBS1	14
LPHTA739-22	G9YBS1	53
LPHTA740-22	G9YBS1	74
LPHTA741-22	G9YBS1	65
LPHTA742-22	G9YBS1	25
LPHTA743-22	G9YBS1	14
LPHTA744-22	G9YBS1	55
LPHTA745-22	G9YBS1	14
LPHTA746-22	G9YBS1	81
LPHTA747-22	G9YBS1	55
LPHTA748-22	G9YBS1	73
LPHTA749-22	G9YBS1	58
LPHTA750-22	G9YBS1	8
LPHTA751-22	G9YBS1	22
LPHTA752-22	G9YBS1	60
LPHTA753-22	G9YBS1	70
LPHTA754-22	G9YBS1	3
LPHTA755-22	G9YBS1	13
LPHTA756-22	G9YBS1	26
LPHTA757-22	G9YBS1	57
LPHTA758-22	G9YBS1	71
LPHTA761-22	G9YBS1	21
LPHTA762-22	G9YBS1	51
LPHTA763-22	G9YBS1	8
LPHTA764-22	G9YBS1	7
LPHTA765-22	G9YBS1	60
LPHTA766-22	G9YBS1	9
LPHTA767-22	G9YBS1	37
LPHTA768-22	G9YBS1	11
LPHTA769-22	G9YBS1	85
LPHTA770-22	G9YBS1	38
LPHTA771-22	G9YBS1	13
LPHTA772-22	G9YBS1	11
LPHTA773-22	G9YBS1	59
LPHTA774-22	G9YBS1	8
LPHTA775-22	G9YBS1	13
LPHTA776-22	G9YBS1	73
LPHTA777-22	G9YBS1	57
LPHTA778-22	G9YBS1	84
LPHTA779-22	G9YBS1	35
LPHTA780-22	G9YBS1	11
LPHTA781-22	G9YBS1	53
LPHTA782-22	G9YBS1	34
LPHTA783-22	G9YBS1	8
LPHTA784-22	G9YBS1	52
LPHTA785-22	G9YBS1	39
LPHTA786-22	G9YBS1	8
LPHTA788-22	G9YBS1	42
LPHTA789-22	G9YBS1	91
LPHTA790-22	G9YBS1	85
LPHTA791-22	G9YBS1	9
LPHTA792-22	G9YBS1	52
LPHTA793-22	G9YBS1	43
LPHTA794-22	G9YBS1	92
LPHTA795-22	G9YBS1	88
LPHTA796-22	G9YBS1	17
LPHTA797-22	G9YBS1	10
LPHTA798-22	G9YBS1	36
LPHTA799-22	G9YBS1	15
LPHTA800-22	G9YBS1	72
LPHTA801-22	G9YBS1	55
LPHTA802-22	G9YBS1	34
LPHTA803-22	G9YBS1	59
LPHTA804-22	G9YBS1	30
LPHTA805-22	G9YBS1	58
LPHTA806-22	G9YBS1	48
LPHTA807-22	G9YBS1	51
LPHTA808-22	G9YBS1	27
LPHTA809-22	G9YBS1	38
LPHTA810-22	G9YBS1	8
LPHTA811-22	G9YBS1	78
LPHTA813-22	G9YBS1	37
LPHTA814-22	G9YBS1	17
LPHTA815-22	G9YBS1	58
LPHTA816-22	G9YBS1	38
LPHTA817-22	G9YBS1	45
LPHTA819-22	G9YBS1	58
LPHTA820-22	G9YBS1	53
LPHTA821-22	G9YBS1	74
LPHTA822-22	G9YBS1	58
LPHTA823-22	G9YBS1	75
LPHTA824-22	G9YBS1	44
LPHTA825-22	G9YBS1	86
LPHTA826-22	G9YBS1	9
LPHTA827-22	G9YBS1	49
LPHTA828-22	G9YBS1	46
LPHTA829-22	G9YBS1	67
LPHTA830-22	G9YBS1	38
LPHTA831-22	G9YBS1	30
LPHTA832-22	G9YBS1	52
LPHTA833-22	G9YBS1	54
LPHTA834-22	G9YBS1	58
LPHTA835-22	G9YBS1	9
LPHTA836-22	G9YBS1	61
LPHTA837-22	G9YBS1	56
LPHTA838-22	G9YBS1	9
LPHTA839-22	G9YBS1	38
LPHTA840-22	G9YBS1	24
LPHTA842-22	G9YBS1	11
LPHTA843-22	G9YBS1	13
LPHTA844-22	G9YBS1	47
LPHTA845-22	G9YBS1	54
LPHTA846-22	G9YBS1	50
LPHTA847-22	G9YBS1	88
LPHTA848-22	G9YBS1	29
LPHTA849-22	G9YBS1	65
LPHTA850-22	G9YBS1	34
LPHTA851-22	G9YBS1	53
LPHTA852-22	G9YBS1	64
LPHTA853-22	G9YBS1	68
LPHTA854-22	G9YBS1	11
LPHTA855-22	G9YBS1	56
LPHTA856-22	G9YBS1	36
LPHTA857-22	G9YBS1	34
LPHTA858-22	G9YBS1	7
LPHTA859-22	G9YBS1	69
LPHTA860-22	G9YBS1	69
LPHTA861-22	G9YBS1	7
LPHTA862-22	G9YBS1	20
LPHTA863-22	G9YBS1	16
LPHTA864-22	G9YBS1	13
LPHTA865-22	G9YBS1	46
LPHTA866-22	G9YBS1	19
LPHTA867-22	G9YBS1	21
LPHTA869-22	G9YBS1	65
LPHTA870-22	G9YBS1	9
LPHTA871-22	G9YBS1	9
LPHTA872-22	G9YBS1	76
LPHTA873-22	G9YBS1	20
LPHTA874-22	G9YBS1	44
LPHTA875-22	G9YBS1	56
LPHTA876-22	G9YBS1	11
LPHTA877-22	G9YBS1	89
LPHTA878-22	G9YBS1	9
LPHTA879-22	G9YBS1	46
LPHTA880-22	G9YBS1	40
LPHTA881-22	G9YBS1	53
LPHTA882-22	G9YBS1	43
LPHTA883-22	G9YBS1	48
LPHTA884-22	G9YBS1	44
LPHTA885-22	G9YBS1	18
LPHTA886-22	G9YBS1	56
LPHTA887-22	G9YBS1	69
LPHTA888-22	G9YBS1	14
LPHTA889-22	G9YBS1	63
LPHTA890-22	G9YBS1	79
LPHTA891-22	G9YBS1	81
LPHTA892-22	G9YBS1	13
LPHTA893-22	G9YBS1	70
LPHTA894-22	G9YBS1	84
LPHTA895-22	G9YBS1	79
LPHTA896-22	G9YBS1	33
LPHTA897-22	G9YBS1	51
LPHTA898-22	G9YBS1	86
LPHTA899-22	G9YBS1	71
LPHTA900-22	G9YBS1	95
LPHTA901-22	G9YBS1	62
LPHTA902-22	G9YBS1	84
LPHTA903-22	G9YBS1	65
LPHTA904-22	G9YBS1	90
LPHTA905-22	G9YBS1	46
LPHTA906-22	G9YBS1	77
LPHTA907-22	G9YBS1	56
LPHTA908-22	G9YBS1	65
LPHTA909-22	G9YBS1	70
LPHTA910-22	G9YBS1	44
LPHTA911-22	G9YBS1	67
LPHTA912-22	G9YBS1	16
LPHTA913-22	G9YBS1	65
LPHTA914-22	G9YBS1	54
LPHTA915-22	G9YBS1	48
LPHTA916-22	G9YBS1	63
LPHTA917-22	G9YBS1	102
LPHTA918-22	G9YBS1	60
LPHTA919-22	G9YBS1	90
LPHTA920-22	G9YBS1	62
LPHTA921-22	G9YBS1	60
LPHTA922-22	G9YBS1	48
LPHTA923-22	G9YBS1	73
LPHTA924-22	G9YBS1	57
LPHTA925-22	G9YBS1	78
LPHTA926-22	G9YBS1	62
LPHTA927-22	G9YBS1	77
LPHTA928-22	G9YBS1	53
LPHTA929-22	G9YBS1	91
LPHTA930-22	G9YBS1	64
LPHTA931-22	G9YBS1	66
LPHTA932-22	G9YBS1	62
LPHTA933-22	G9YBS1	84
LPHTA934-22	G9YBS1	41
LPHTA936-22	G9YBS1	62
LPHTA937-22	G9YBS1	53
LPHTA938-22	G9YBS1	37
LPHTA939-22	G9YBS1	81
LPHTA940-22	G9YBS1	57
LPHTA941-22	G9YBS1	79
LPHTA942-22	G9YBS1	98
LPHTA943-22	G9YBS1	67
LPHTA944-22	G9YBS1	42
LPHTA945-22	G9YBS1	54
LPHTA946-22	G9YBS1	51
LPHTA947-22	G9YBS1	72
LPHTA948-22	G9YBS1	49
LPHTA949-22	G9YBS1	63
LPHTA950-22	G9YBS1	40
LPHTA951-22	G9YBS1	76
LPHTA952-22	G9YBS1	61
LPHTA953-22	G9YBS1	93
LPHTA954-22	G9YBS1	70
LPHTA955-22	G9YBS1	94
LPHTA956-22	G9YBS1	89
LPHTA957-22	G9YBS1	72
LPHTA958-22	G9YBS1	58
LPHTA959-22	G9YBS1	58
LPHTA960-22	G9YBS1	52
LPHTA961-22	G9YBS1	42
LPHTA962-22	G9YBS1	64
LPHTA963-22	G9YBS1	83
LPHTA964-22	G9YBS1	61
LPHTA965-22	G9YBS1	76
LPHTA966-22	G9YBS1	67
LPHTA967-22	G9YBS1	99
LPHTA968-22	G9YBS1	75
LPHTA969-22	G9YBS1	79
LPHTA970-22	G9YBS1	79
LPHTA971-22	G9YBS1	76
LPHTA972-22	G9YBS1	90
LPHTA973-22	G9YBS1	71
LPHTA974-22	G9YBS1	52
LPHTA975-22	G9YBS1	53
LPHTA976-22	G9YBS1	13
LPHTA977-22	G9YBS1	87
LPHTA978-22	G9YBS1	89
LPHTA979-22	G9YBS1	78
LPHTA980-22	G9YBS1	115
LPHTA981-22	G9YBS1	68
LPHTA982-22	G9YBS1	84
LPHTA983-22	G9YBS1	77
LPHTA984-22	G9YBS1	100
LPHTA985-22	G9YBS1	74
LPHTA986-22	G9YBS1	89
LPHTA987-22	G9YBS1	70
LPHTA988-22	G9YBS1	71
LPHTA989-22	G9YBS1	99
LPHTA990-22	G9YBS1	89
LPHTA991-22	G9YBS1	22
LPHTA992-22	G9YBS1	56
LPHTA993-22	G9YBS1	55
LPHTA994-22	G9YBS1	14
LPHTA995-22	G9YBS1	59
LPHTA996-22	G9YBS1	8
LPHTA997-22	G9YBS1	46
LPHTA998-22	G9YBS1	39
LPHTA999-22	G9YBS1	20
LPHTC1357-22	G281YO	69
LPHTC1358-22	G281YO	84
LPHTC1359-22	G281YO	71
LPHTC1360-22	G281YO	64
LPHTC1361-22	G281YO	21
LPHTC1362-22	G281YO	42
LPHTC1363-22	G281YO	44
LPHTC1365-22	G281YO	40
LPHTC1366-22	G281YO	34
LPHTC1367-22	G281YO	21
LPHTC1368-22	G281YO	26
LPHTC1369-22	G281YO	92
LPHTC1371-22	GCD75J	57
LPHTC1372-22	GCD75J	62
LPHTC1373-22	GCD75J	83
LPHTC1374-22	GCD75J	66
LPHTC1375-22	GCD75J	70
LPHTC1376-22	GCD75J	83
LPHTC1377-22	GCD75J	81
LPHTC1378-22	GCD75J	63
LPHTC1379-22	GCD75J	47
LPHTC1380-22	GCD75J	36
LPHTC1381-22	GCD75J	51
LPHTC1382-22	GCD75J	64
LPHTC1383-22	GCD75J	51
LPHTC1384-22	GCD75J	65
LPHTC1385-22	GCD75J	62
LPHTC1386-22	GCD75J	57
LPHTC1387-22	GCD75J	60
LPHTC1388-22	GCD75J	61
LPHTC1389-22	GCD75J	57
LPHTC1390-22	GCD75J	78
LPHTC1391-22	GCD75J	24
LPHTC1392-22	GCD75J	76
LPHTC1393-22	GCD75J	56
LPHTC1394-22	GCD75J	85
LPHTC1395-22	GCD75J	21
LPHTC1396-22	GCD75J	60
LPHTC1397-22	GCD75J	62
LPHTC1398-22	GCD75J	63
LPHTC1399-22	GCD75J	54
LPHTC1400-22	GCD75J	71
LPHTC1401-22	GCD75J	61
LPHTC1402-22	GCD75J	68
LPHTC1403-22	GCD75J	88
LPHTC1404-22	GCD75J	82
LPHTC1405-22	GCD75J	69
LPHTC1406-22	GCD75J	88
LPHTC1407-22	GCD75J	70
LPHTD3991-22	GUSA7Z	42
LPHTD3992-22	GUSA7Z	30
LPHTD3993-22	GUSA7Z	84
LPHTD3994-22	GUSA7Z	101
LPHTD3995-22	GUSA7Z	99
LPHTD3996-22	GUSA7Z	78
LPHTD3997-22	GUSA7Z	103
LPHTD3998-22	GUSA7Z	54
LPHTD3999-22	GUSA7Z	39
LPHTD4000-22	GUSA7Z	57
LPHTD4001-22	GUSA7Z	74
LPHTD4002-22	GUSA7Z	58
LPHTD4003-22	GUSA7Z	50
LPHTD4004-22	GUSA7Z	66
LPHTD4005-22	GUSA7Z	62
LPHTD4006-22	GUSA7Z	71
LPHTD4007-22	GUSA7Z	14
LPHTD4008-22	GUSA7Z	45
LPHTD4009-22	GUSA7Z	55
LPHTD4010-22	GUSA7Z	45
LPHTD4011-22	GUSA7Z	68
LPHTD4012-22	GUSA7Z	75
LPHTD4013-22	GUSA7Z	88
LPHTD4014-22	GUSA7Z	107
LPHTD4015-22	GTBDXE	69
LPHTD4016-22	GTBDXE	68
LPHTD4017-22	GTBDXE	72
LPHTD4018-22	GTBDXE	83
LPHTD4019-22	GTBDXE	59
LPHTD4020-22	GTBDXE	72
LPHTD4021-22	GTBDXE	47
LPHTD4022-22	GTBDXE	63
LPHTD4023-22	GTBDXE	56
LPHTD4024-22	GTBDXE	67
LPHTD4025-22	GTBDXE	64
LPHTD4026-22	GTBDXE	61
LPHTD4027-22	GTBDXE	43
LPHTD4028-22	GTBDXE	79
LPHTD4029-22	GTBDXE	63
LPHTD4030-22	GTBDXE	30
LPHTD4031-22	GTBDXE	81
LPHTD4032-22	GTBDXE	95
LPHTD4033-22	GTBDXE	82
LPHTD4034-22	GTBDXE	91
LPHTD4035-22	GTBDXE	86
LPHTD4036-22	GTBDXE	68
LPHTD4037-22	GTBDXE	104
LPHTD4039-22	GTBDXE	73
LPHTD4040-22	GTBDXE	66
LPHTD4041-22	GTBDXE	105
LPHTD4042-22	GTBDXE	78
LPHTD4043-22	GTBDXE	89
LPHTD4044-22	GTBDXE	84
LPHTD4045-22	GTBDXE	90
LPHTD4046-22	GTBDXE	97
LPHTD4047-22	GTBDXE	77
LPHTD4048-22	GTBDXE	47
LPHTD4049-22	GTBDXE	2
LPHTD4051-22	GTBDXE	2
LPHTD4052-22	GTBDXE	5
LPHTD4053-22	GTBDXE	75
LPHTD4054-22	GTBDXE	88
LPHTD4055-22	GTBDXE	72
LPHTD4056-22	GTBDXE	91
LPHTD4057-22	GTBDXE	71
LPHTD4058-22	GTBDXE	63
LPHTD4059-22	GTBDXE	66
LPHTD4060-22	GTBDXE	8
LPHTD4061-22	GTBDXE	63
LPHTD4062-22	GTBDXE	53
LPHTD4063-22	GTBDXE	66
LPHTD4064-22	GTBDXE	53
LPHTD4065-22	GTBDXE	48
LPHTD4066-22	GTBDXE	73
LPHTD4067-22	GTBDXE	60
LPHTD4068-22	GTBDXE	75
LPHTD4069-22	GTBDXE	95
LPHTD4070-22	GTBDXE	70
LPHTD4071-22	GTBDXE	64
LPHTD4072-22	GTBDXE	75
LPHTD4073-22	GTBDXE	2
LPHTD4074-22	GTBDXE	78
LPHTD4075-22	GTBDXE	88
LPHTD4076-22	GTBDXE	70
LPHTD4077-22	GTBDXE	85
LPHTD4078-22	GTBDXE	78
LPHTD4079-22	GTBDXE	67
LPHTD4080-22	GTBDXE	81
LPHTD4081-22	GTBDXE	63
LPHTD4082-22	GTBDXE	41
LPHTD4083-22	GTBDXE	59
LPHTD4084-22	GTBDXE	63
LPHTD4085-22	GTBDXE	63
LPHTD4086-22	GTBDXE	70
LPHTD4087-22	GTBDXE	79
LPHTD4088-22	GTBDXE	43
LPHTD4089-22	GTBDXE	41
LPHTD4090-22	GTBDXE	79
LPHTD4091-22	GTBDXE	59
LPHTD4092-22	GTBDXE	51
LPHTD4093-22	GTBDXE	47
LPHTD4094-22	GTBDXE	46
LPHTD4095-22	GTBDXE	81
LPHTD4096-22	GTBDXE	68
LPHTD4097-22	GTBDXE	82
LPHTD4098-22	GTBDXE	82
LPHTD4099-22	GTBDXE	52
LPHTD4100-22	GTBDXE	62
LPHTD4101-22	GTBDXE	69
LPHTD4102-22	GTBDXE	80
LPHTD4103-22	GTBDXE	97
LPHTD4104-22	GTBDXE	67
LPHTD4105-22	GTBDXE	62
LPHTD4106-22	GTBDXE	68
LPHTD4107-22	GTBDXE	55
LPHTD4108-22	GTBDXE	78
LPHTD4109-22	GTBDXE	68
LPHTD4110-22	GTBDXE	14
LPHTD4111-22	GTBDXE	12
LPHTD4112-22	GTBDXE	22
LPHTD4113-22	GTBDXE	82
LPHTD4114-22	GTBDXE	76
LPHTD4115-22	GTBDXE	67
LPHTD4116-22	GTBDXE	44
LPHTD4117-22	GTBDXE	36
LPHTD4118-22	GTBDXE	32
LPHTD4119-22	GTBDXE	35
LPHTD4120-22	GTBDXE	82
LPHTD4121-22	GTBDXE	65
LPHTD4122-22	GTBDXE	36
LPHTD4123-22	GTBDXE	78
LPHTD4124-22	GTBDXE	64
LPHTD4125-22	GTBDXE	64
LPHTD4126-22	GTBDXE	69
LPHTD4127-22	GTBDXE	70
LPHTD4128-22	GTBDXE	87
LPHTD4129-22	GTBDXE	82
LPHTD4130-22	GTBDXE	60
LPHTD4131-22	GTBDXE	88
LPHTD4132-22	GTBDXE	65
LPHTD4133-22	GTBDXE	64
LPHTD4134-22	GTBDXE	84
LPHTD4135-22	GTBDXE	85
LPHTD4136-22	GTBDXE	57
LPHTD4137-22	GTBDXE	81
LPHTD4138-22	GTBDXE	62
LPHTD4139-22	GTBDXE	54
LPHTD4140-22	GTBDXE	74
LPHTD4141-22	GTBDXE	73
LPHTD4142-22	GTBDXE	63
LPHTD4143-22	GTBDXE	67
LPHTD4144-22	GTBDXE	76
LPHTD4145-22	GTBDXE	68
LPHTD4146-22	GTBDXE	71
LPHTD4147-22	GTBDXE	74
LPHTD4149-22	GTBDXE	4
LPHTD4150-22	GTBDXE	8
LPHTD4151-22	GTBDXE	27
LPHTD4152-22	GTBDXE	1
LPHTD4153-22	GTBDXE	24
LPHTD4154-22	GTBDXE	1
LPHTD4155-22	GTBDXE	34
LPHTD4156-22	GTBDXE	9
LPHTD4157-22	GJE14J	40
LPHTD4158-22	GJE14J	62
LPHTD4159-22	GJE14J	37
LPHTD4160-22	GJE14J	73
LPHTD4161-22	GJE14J	44
LPHTD4162-22	GJE14J	61
LPHTD4163-22	GJE14J	41
LPHTD4164-22	GJE14J	41
LPHTD4165-22	GJE14J	41
LPHTD4166-22	GJE14J	54
LPHTD4167-22	GJE14J	40
LPHTD4168-22	GJE14J	88
LPHTD4169-22	GJE14J	46
LPHTD4170-22	GJE14J	50
LPHTD4171-22	GJE14J	48
LPHTD4172-22	GJE14J	17
LPHTD4173-22	GJE14J	52
LPHTD4174-22	GJE14J	62
LPHTD4175-22	GJE14J	40
LPHTD4176-22	GJE14J	72
LPHTD4177-22	GJE14J	45
LPHTD4178-22	GJE14J	48
LPHTD4179-22	GJE14J	56
LPHTD4180-22	GJE14J	65
LPHTD4181-22	GJE14J	53
LPHTD4182-22	GJE14J	83
LPHTD4183-22	GJE14J	46
LPHTD4184-22	GJE14J	52
LPHTD4185-22	GJE14J	40
LPHTD4186-22	GJE14J	54
LPHTD4187-22	GJE14J	39
LPHTD4188-22	GJE14J	47
LPHTD4189-22	GJE14J	49
LPHTD4190-22	GJE14J	44
LPHTD4191-22	GJE14J	31
LPHTD4192-22	GJE14J	51
LPHTD4193-22	GJE14J	53
LPHTD4194-22	GJE14J	54
LPHTD4195-22	GJE14J	70
LPHTD4196-22	GJE14J	44
LPHTD4197-22	GJE14J	46
LPHTD4198-22	GJE14J	74
LPHTD4199-22	GJE14J	71
LPHTD4200-22	GJE14J	47
LPHTD4201-22	GJE14J	45
LPHTD4202-22	GJE14J	55
LPHTD4203-22	GJE14J	66
LPHTD4204-22	GJE14J	38
LPHTD4205-22	GJE14J	31
LPHTD4206-22	GJE14J	68
LPHTD4207-22	GJE14J	64
LPHTD4208-22	GJE14J	55
LPHTD4209-22	GJE14J	60
LPHTD4210-22	GJE14J	60
LPHTD4211-22	GJE14J	58
LPHTD4212-22	GJE14J	59
LPHTD4213-22	GJE14J	61
LPHTD4214-22	GJE14J	57
LPHTD4215-22	GJE14J	71
LPHTD4216-22	GJE14J	29
LPHTD4217-22	GJE14J	46
LPHTD4218-22	GJE14J	24
LPHTD4219-22	GJE14J	50
LPHTD4220-22	GJE14J	51
LPHTD4221-22	GJE14J	5
LPHTD4222-22	GJE14J	12
LPHTD4223-22	GJE14J	45
LPHTD4224-22	GJE14J	69
LPHTD4225-22	GJE14J	7
LPHTD4226-22	GJE14J	37
LPHTD4227-22	GJE14J	18
LPHTD4228-22	GJE14J	43
LPHTD4229-22	GJE14J	60
LPHTD4230-22	GJE14J	41
LPHTD4231-22	GJE14J	21
LPHTD4233-22	GJE14J	12
LPHTD4234-22	GJE14J	48
LPHTD4235-22	GJE14J	46
LPHTD4236-22	GJE14J	43
LPHTD4237-22	GJE14J	40
LPHTD4238-22	GJE14J	61
LPHTD4239-22	GJE14J	2
LPHTD4240-22	GJE14J	47
LPHTD4241-22	GJE14J	45
LPHTD4242-22	GJE14J	35
LPHTD4243-22	GJE14J	29
LPHTD4244-22	GJE14J	59
LPHTD4245-22	GJE14J	54
LPHTD4246-22	GJE14J	40
LPHTD4247-22	GJE14J	69
LPHTD4248-22	GJE14J	15
LPHTD4249-22	GJE14J	22
LPHTD4250-22	GJE14J	28
LPHTD4251-22	GJE14J	47
LPHTD4252-22	GJE14J	60
LPHTD4253-22	GJE14J	52
LPHTD4254-22	GJE14J	50
LPHTD4255-22	GJE14J	46
LPHTD4256-22	GJE14J	70
LPHTD4257-22	GJE14J	40
LPHTD4258-22	GJE14J	74
LPHTD4259-22	GJE14J	31
LPHTD4260-22	GJE14J	56
LPHTD4261-22	GJE14J	57
LPHTD4262-22	GJE14J	50
LPHTD4263-22	GJE14J	49
LPHTD4264-22	GJE14J	45
LPHTD4265-22	GJE14J	59
LPHTD4266-22	GJE14J	43
LPHTD4267-22	GJE14J	47
LPHTD4268-22	GJE14J	36
LPHTD4269-22	GJE14J	9
LPHTD4270-22	GJE14J	57
LPHTD4271-22	GJE14J	54
LPHTD4272-22	GJE14J	82
LPHTD4273-22	GJE14J	82
LPHTD4274-22	GJE14J	34
LPHTD4275-22	GJE14J	68
LPHTD4276-22	GJE14J	66
LPHTD4277-22	GJE14J	70
LPHTD4278-22	GJE14J	22
LPHTD4279-22	GJE14J	84
LPHTD4280-22	GJE14J	42
LPHTD4281-22	GJE14J	70
LPHTD4282-22	GJE14J	68
LPHTD4283-22	GJE14J	47
LPHTD4284-22	GJE14J	8
LPHTD4285-22	GJE14J	12
LPHTD4286-22	GJE14J	31
LPHTD4287-22	GJE14J	15
LPHTD4288-22	GJE14J	46
LPHTD4289-22	GJE14J	19
LPHTD4290-22	GJE14J	59
LPHTD4291-22	GJE14J	44
LPHTD4292-22	GJE14J	9
LPHTD4293-22	GJE14J	20
LPHTD4294-22	GJE14J	53
LPHTD4295-22	GJE14J	49
LPHTD4296-22	GJE14J	48
LPHTD4297-22	GJE14J	93
LPHTD4298-22	GJE14J	72
LPHTE133-22	GEB17N	87
LPHTE134-22	GEB17N	31
LPHTE135-22	GEB17N	21
LPHTE136-22	GEB17N	29
LPHTE137-22	GEB17N	56
LPHTE138-22	GEB17N	59
LPHTE139-22	GEB17N	92
LPHTE140-22	GEB17N	68
LPHTF100-22	G5JHXH	61
LPHTF101-22	G5JHXH	110
LPHTF102-22	G5JHXH	17
LPHTG125-22	G7C18R	62
LPHTG126-22	G7C18R	54
LPHTG127-22	G7C18R	76
LPHTG128-22	G7C18R	54
LPHTG129-22	G7C18R	55
LPKIL1669-22	G9M8L4	71
LPKIL1670-22	G9M8L4	49
LPKIL1671-22	G9M8L4	34
LPKIL1672-22	G9M8L4	59
LPKIL1673-22	G9M8L4	45
LPKIL1674-22	G9M8L4	70
LPKIL1675-22	G9M8L4	39
LPKIL1676-22	G9M8L4	27
LPKIL1677-22	G9M8L4	34
LPKIL1678-22	G9M8L4	41
LPKIL1679-22	G9M8L4	4
LPKIL1680-22	G9M8L4	5
LPKIL1681-22	G9M8L4	46
LPKIL1682-22	G9M8L4	44
LPKIL1683-22	G9M8L4	45
LPKIL1684-22	G9M8L4	30
LPKIL1685-22	G9M8L4	30
LPKIL1686-22	G9M8L4	57
LPKIL1687-22	G9M8L4	40
LPKIL1688-22	G9M8L4	49
LPKIL1690-22	G9M8L4	53
LPKIL1691-22	G9M8L4	45
LPKIL1692-22	G9M8L4	58
LPKIL1693-22	G9M8L4	44
LPKIL1694-22	G9M8L4	45
LPKIL1695-22	G9M8L4	36
LPKIL1696-22	G9M8L4	43
LPKIL1697-22	G9M8L4	41
LPKIL1698-22	G9M8L4	27
LPKIL1699-22	G9M8L4	7
LPKIL1700-22	G9M8L4	29
LPKIL1701-22	G9M8L4	24
LPKIL1702-22	G9M8L4	27
LPKIL1703-22	G9M8L4	29
LPKIL1704-22	G9M8L4	36
LPKIL1705-22	G9M8L4	48
LPKIL1706-22	G9M8L4	5
LPKIL1708-22	G9M8L4	7
LPKIL1709-22	G9M8L4	50
LPKIL1710-22	G9M8L4	49
LPKIL2091-22	G9M8L4	47
LPKIL2092-22	G9M8L4	62
LPKIL2093-22	G9M8L4	69
LPKIL2094-22	G9M8L4	48
LPKIL2095-22	G9M8L4	62
LPKIL2096-22	G9M8L4	47
LPKIL2097-22	G9M8L4	50
LPKIL2098-22	G9M8L4	36
LPKIL2099-22	G9M8L4	34
LPKIL2100-22	G9M8L4	56
LPKIL2101-22	G9M8L4	65
LPKIL2102-22	G9M8L4	50
LPKIL2103-22	G9M8L4	54
LPKIL2104-22	G9M8L4	55
LPKIL2105-22	G9M8L4	55
LPKIL2106-22	G9M8L4	40
LPKIL2107-22	G9M8L4	49
LPKIL2108-22	G9M8L4	57
LPKIL2109-22	G9M8L4	38
LPKIL2110-22	G9M8L4	56
LPKIL2111-22	G9M8L4	57
LPKIL2112-22	G9M8L4	15
LPKIL2113-22	G9M8L4	71
LPKIL2114-22	G9M8L4	62
LPKIL2115-22	G9M8L4	55
LPKIL2116-22	G9M8L4	37
LPKIL2117-22	G9M8L4	20
LPKIL2118-22	G9M8L4	58
LPKIL2119-22	G9M8L4	40
LPKIL2120-22	G9M8L4	42
LPKIL2121-22	G9M8L4	45
LPKIL2122-22	G9M8L4	48
LPKIL2123-22	G9M8L4	68
LPKIL2124-22	G9M8L4	43
LPKIL2125-22	G9M8L4	55
LPKIL2126-22	G9M8L4	50
LPKIL2127-22	G9M8L4	44
LPKIL2128-22	G9M8L4	28
LPKIL2129-22	G9M8L4	40
LPKIL2130-22	G9M8L4	45
LPKIL2131-22	G9M8L4	62
LPKIL2132-22	G9M8L4	42
LPKIL2133-22	G9M8L4	38
LPKIL2134-22	G9M8L4	40
LPKIL2135-22	G9M8L4	3
LPKIL2136-22	G9M8L4	48
LPKIL2137-22	G9M8L4	48
LPKIL2138-22	G9M8L4	51
LPKIL2139-22	G9M8L4	41
LPKIL2140-22	G9M8L4	56
LPKIL2141-22	G9M8L4	52
LPKIL2142-22	G9M8L4	36
LPKIL2143-22	G9M8L4	37
LPKIL2144-22	G9M8L4	69
LPKIL2145-22	G9M8L4	24
LPKIL2146-22	G9M8L4	33
LPKIL2147-22	G9M8L4	31
LPKIL2148-22	G9M8L4	3
LPKIL2149-22	G9M8L4	44
LPKIL2150-22	G9M8L4	58
LPKIL2151-22	G9M8L4	33
LPKIL2152-22	G9M8L4	33
LPKIL2153-22	G9M8L4	46
LPKIL2154-22	G9M8L4	33
LPKIL2155-22	G9M8L4	57
LPKIL2156-22	G9M8L4	23
LPKIL2157-22	G9M8L4	38
LPKIL2158-22	G9M8L4	28
LPKIL2159-22	G9M8L4	42
LPKIL2160-22	G9M8L4	40
LPKIL2161-22	G9M8L4	56
LPKIL2162-22	G9M8L4	57
LPKIL2163-22	G9M8L4	50
LPKIL2164-22	G9M8L4	41
LPKIL2165-22	G9M8L4	6
LPKIL2166-22	G9M8L4	49
LPKIL2167-22	G9M8L4	43
LPKIL2168-22	G9M8L4	51
LPKIL2169-22	G9M8L4	43
LPKIL2170-22	G9M8L4	58
LPKIL2171-22	G9M8L4	58
LPKIL2172-22	G9M8L4	57
LPKIL2173-22	G9M8L4	41
LPKIL2174-22	G9M8L4	23
LPKIL2175-22	G9M8L4	32
LPKIL2176-22	G9M8L4	52
LPKIL2177-22	G9M8L4	45
LPKIL2178-22	G9M8L4	31
LPKIL2179-22	G9M8L4	38
LPKIL2180-22	G9M8L4	39
LPKIL2181-22	G9M8L4	6
LPKIL2182-22	G9M8L4	53
LPKIL2183-22	G9M8L4	54
LPKIL2184-22	G9M8L4	45
LPKIL2185-22	G9M8L4	76
LPKIL3864-22	GRSA2D	71
LPKIL3865-22	GRSA2D	71
LPKIL3866-22	GRSA2D	64
LPKIL3867-22	GRSA2D	69
LPKIL3868-22	GRSA2D	74
LPKIL3869-22	GRSA2D	85
LPKIL3870-22	GRSA2D	74
LPKIL3871-22	GRSA2D	90
LPKIL3872-22	GRSA2D	67
LPKIL3873-22	GRSA2D	61
LPKIL3874-22	GRSA2D	84
LPKIL3875-22	GRSA2D	41
LPKIL3876-22	GRSA2D	56
LPKIL3877-22	GRSA2D	68
LPKIL3878-22	GRSA2D	59
LPKIL3879-22	GRSA2D	40
LPKIL3880-22	GRSA2D	50
LPKIL3881-22	GRSA2D	59
LPKIL3882-22	GRSA2D	65
LPKIL3883-22	GRSA2D	62
LPKIL3884-22	GRSA2D	61
LPKIL3885-22	GRSA2D	65
LPKIL3886-22	GRSA2D	57
LPKIL3887-22	GRSA2D	52
LPKIL3888-22	GRSA2D	57
LPKIL3889-22	GFHB52	12
LPKIL3890-22	GFHB52	11
LPKIL3891-22	GFHB52	13
LPKIL3892-22	GFHB52	37
LPKIL3893-22	GFHB52	16
LPKIL3894-22	GFHB52	5
LPKIL3895-22	GFHB52	14
LPKIL3896-22	GFHB52	9
LPKIL3897-22	GFHB52	14
LPKIL3898-22	GFHB52	21
LPKIL3899-22	GFHB52	12
LPKIL3900-22	GFHB52	14
LPKIL3901-22	GFHB52	10
LPKIL3902-22	GFHB52	15
LPKIL3903-22	GFHB52	10
LPKIL3904-22	GFHB52	15
LPKIL3905-22	GFHB52	13
LPKIL3906-22	GFHB52	10
LPKIL3907-22	GFHB52	28
LPKIL3908-22	GFHB52	13
LPKIL3909-22	GFHB52	17
LPKIL3910-22	GFHB52	10
LPKIL3911-22	GFHB52	13
LPKIL3912-22	GFHB52	28
LPKIL3913-22	GFHB52	6
LPKIL3914-22	GFHB52	22
LPKIL3915-22	GFHB52	23
LPKIL3916-22	GFHB52	7
LPKIL3917-22	GFHB52	16
LPKIL3918-22	GFHB52	14
LPKIL3919-22	GFHB52	19
LPKIL3920-22	GFHB52	19
LPKIL3921-22	GFHB52	25
LPKIL3922-22	GFHB52	10
LPKIL3923-22	GFHB52	9
LPKIL3924-22	GFHB52	17
LPKIL3925-22	GFHB52	9
LPKIL3926-22	GFHB52	18
LPKIL3927-22	GFHB52	15
LPKIL3928-22	GFHB52	20
LPKIL3929-22	GFHB52	12
LPKIL3930-22	GFHB52	16
LPKIL3931-22	GFHB52	36
LPKIL3932-22	GFHB52	17
LPKIL3933-22	GFHB52	8
LPKIL3934-22	GFHB52	24
LPKIL3935-22	GFHB52	12
LPKIL3936-22	GFHB52	11
LPKIL3937-22	GFHB52	16
LPKIL3938-22	GFHB52	16
LPKIL3939-22	GFHB52	9
LPKIL3940-22	GFHB52	11
LPKIL3941-22	GFHB52	18
LPKIL3942-22	GFHB52	22
LPKIL3943-22	GFHB52	16
LPKIL3944-22	GFHB52	23
LPKIL3945-22	GFHB52	31
LPKIL3946-22	GFHB52	22
LPKIL3947-22	GFHB52	23
LPKIL3948-22	GFHB52	23
LPKIL3949-22	GFHB52	13
LPKIL3950-22	GFHB52	24
LPKIL3951-22	GFHB52	12
LPKIL3952-22	GFHB52	18
LPKIL3953-22	GFHB52	15
LPKIL3954-22	GFHB52	8
LPKIL3955-22	GFHB52	14
LPKIL3956-22	GFHB52	19
LPKIL3957-22	GFHB52	8
LPKIL3958-22	GFHB52	10
LPKIL3959-22	GFHB52	7
LPKIL3960-22	GFHB52	9
LPKIL3961-22	GFHB52	10
LPKIL3962-22	GFHB52	19
LPKIL3963-22	GFHB52	12
LPKIL3964-22	GFHB52	19
LPKIL3966-22	GFHB52	24
LPKIL3967-22	GFHB52	48
LPKIL3968-22	GFHB52	51
LPKIL3969-22	GFHB52	50
LPKIL3970-22	GFHB52	42
LPKIL3971-22	GFHB52	14
LPKIL3972-22	GFHB52	17
LPKIL3973-22	GFHB52	21
LPKIL3974-22	GFHB52	6
LPKIL3975-22	GFHB52	37
LPKIL3976-22	GFHB52	47
LPKIL3977-22	GFHB52	35
LPKIL3978-22	GFHB52	25
LPKIL3979-22	GFHB52	30
LPKIL3980-22	GFHB52	37
LPKIL3981-22	GFHB52	21
LPKIL3982-22	GFHB52	43
LPKIL3983-22	GFHB52	20
LPKIL3984-22	GFHB52	27
LPKIL3985-22	GFHB52	34
LPKIL3986-22	GFHB52	36
LPKIL3987-22	GFHB52	20
LPKIL3988-22	GFHB52	49
LPKIL3989-22	GFHB52	36
LPKIL3990-22	GFHB52	25
LPKIL3991-22	GFHB52	44
LPKIL3992-22	GFHB52	39
LPKIL3993-22	GFHB52	18
LPKIL3994-22	GFHB52	41
LPKIL3995-22	GFHB52	42
LPKIL3996-22	GFHB52	41
LPKIL3997-22	GFHB52	45
LPKIL3998-22	GFHB52	55
LPKIL3999-22	GFHB52	47
LPKIL4000-22	GFHB52	8
LPKIL4001-22	GFHB52	40
LPKIL4002-22	GFHB52	37
LPKIL4003-22	GFHB52	35
LPKIL4004-22	GFHB52	43
LPKIL4005-22	GFHB52	33
LPKIL4007-22	GFHB52	40
LPKIL4008-22	GFHB52	29
LPKIL4010-22	GFHB52	32
LPKIL4011-22	GFHB52	28
LPKIL4012-22	GFHB52	30
LPKIL4013-22	GFHB52	20
LPKIL4014-22	GFHB52	37
LPKIL4015-22	GFHB52	44
LPKIL4016-22	GFHB52	42
LPKIL4017-22	GFHB52	48
LPKIL4018-22	GFHB52	28
LPKIL4019-22	GFHB52	43
LPKIL4020-22	GFHB52	45
LPKIL4021-22	GFHB52	42
LPKIL4022-22	GFHB52	40
LPKIL4024-22	GFHB52	23
LPKIL4025-22	GFHB52	28
LPKIL4026-22	GFHB52	39
LPKIL4027-22	GFHB52	30
LPKIL4028-22	GFHB52	19
LPKIL4029-22	GFHB52	14
LPKIL4030-22	GFHB52	22
LPKIL4031-22	GFHB52	65
LPKIL4032-22	GFHB52	34
LPKIL4033-22	GFHB52	45
LPKIL4034-22	GFHB52	48
LPKIL4035-22	GFHB52	39
LPKIL4036-22	GFHB52	24
LPKIL4037-22	GFHB52	24
LPKIL4038-22	GFHB52	8
LPKIL4040-22	GFHB52	3
LPKIL4041-22	G9M8L4	56
LPKIL4042-22	G9M8L4	40
LPKIL4043-22	G9M8L4	40
LPKIL4044-22	G9M8L4	41
LPKIL4045-22	G9M8L4	27
LPKIL4046-22	G9M8L4	51
LPKIL4047-22	G9M8L4	53
LPKIL4048-22	G9M8L4	45
LPKIL4049-22	G9M8L4	38
LPKIL4050-22	G9M8L4	42
LPKIL4051-22	G9M8L4	40
LPKIL4052-22	G9M8L4	18
LPKIL4053-22	G9M8L4	6
LPKIL4054-22	G9M8L4	41
LPKIL4055-22	G9M8L4	52
LPKIL4056-22	G9M8L4	41
LPKIL4057-22	G9M8L4	48
LPKIL4058-22	G9M8L4	41
LPKIL4059-22	G9M8L4	29
LPKIL4060-22	G9M8L4	36
LPKIL4061-22	G9M8L4	50
LPKIL4062-22	G9M8L4	24
LPKIL4063-22	G9M8L4	14
LPKIL4064-22	G9M8L4	47
LPKIL4065-22	G9M8L4	41
LPKIL4066-22	G9M8L4	59
LPKIL4067-22	G9M8L4	34
LPKIL4068-22	G9M8L4	44
LPKIL4069-22	G9M8L4	39
LPKIL4070-22	G9M8L4	58
LPKIL4071-22	G9M8L4	38
LPKIL4072-22	G9M8L4	41
LPKIL4073-22	G9M8L4	43
LPKIL4074-22	G9M8L4	38
LPKIL4075-22	G9M8L4	24
LPKIL4076-22	G9M8L4	26
LPKIL4077-22	G9M8L4	23
LPKIL4078-22	G9M8L4	42
LPKIL4079-22	G9M8L4	40
LPKIL4080-22	G9M8L4	56
LPKIL4081-22	G9M8L4	40
LPKIL4082-22	G9M8L4	57
LPKIL4083-22	G9M8L4	46
LPKIL4084-22	G9M8L4	50
LPKIL4085-22	G9M8L4	53
LPKIL4086-22	G9M8L4	47
LPKIL4087-22	G9M8L4	44
LPKIL4088-22	G9M8L4	43
LPKIL4089-22	G9M8L4	34
LPKIL4090-22	G9M8L4	43
LPKIL4091-22	GHFNF6	23
LPKIL4092-22	GHFNF6	35
LPKIL4093-22	GHFNF6	25
LPKIL4094-22	GHFNF6	41
LPKIL4095-22	GHFNF6	41
LPKIL4096-22	GHFNF6	33
LPKIL4097-22	GHFNF6	18
LPKIL4098-22	GHFNF6	28
LPKIL4099-22	GHFNF6	49
LPKIL4100-22	GHFNF6	46
LPKIL4101-22	GHFNF6	31
LPKIL4102-22	GHFNF6	52
LPKIL4103-22	GHFNF6	47
LPKIL4104-22	GHFNF6	41
LPKIL4105-22	GHFNF6	38
LPKIL4106-22	GHFNF6	36
LPKIL4107-22	GHFNF6	29
LPKIL4108-22	GHFNF6	30
LPKIL4109-22	GHFNF6	47
LPKIL4110-22	G9M8L4	36
LPSHA1000-22	GU248M	46
LPSHA1001-22	GSP5ZP	75
LPSHA1002-22	GSP5ZP	95
LPSHA1003-22	GSP5ZP	88
LPSHA1004-22	GSP5ZP	46
LPSHA1005-22	GSP5ZP	24
LPSHA1006-22	GSP5ZP	7
LPSHA1007-22	GSP5ZP	62
LPSHA1008-22	GSP5ZP	54
LPSHA1009-22	GSP5ZP	11
LPSHA1010-22	GSP5ZP	70
LPSHA1011-22	GSP5ZP	48
LPSHA1012-22	GSP5ZP	42
LPSHA1013-22	GSP5ZP	63
LPSHA1014-22	GSP5ZP	37
LPSHA1015-22	GSP5ZP	37
LPSHA1016-22	GSP5ZP	39
LPSHA1017-22	GSP5ZP	58
LPSHA1018-22	GSP5ZP	42
LPSHA1019-22	GSP5ZP	65
LPSHA1020-22	GSP5ZP	13
LPSHA1021-22	GSP5ZP	6
LPSHA1022-22	GSP5ZP	64
LPSHA1023-22	GSP5ZP	51
LPSHA1024-22	GSP5ZP	15
LPSHA1025-22	GSP5ZP	44
LPSHA1026-22	GSP5ZP	38
LPSHA1027-22	GSP5ZP	55
LPSHA1028-22	GSP5ZP	37
LPSHA1029-22	GSP5ZP	21
LPSHA1030-22	GSP5ZP	12
LPSHA1031-22	GSP5ZP	64
LPSHA1032-22	GSP5ZP	68
LPSHA1033-22	GSP5ZP	66
LPSHA1034-22	GSP5ZP	66
LPSHA1036-22	GSP5ZP	67
LPSHA1037-22	GSP5ZP	71
LPSHA1039-22	GSP5ZP	86
LPSHA1040-22	GSP5ZP	72
LPSHA1041-22	GSP5ZP	45
LPSHA1042-22	GSP5ZP	60
LPSHA1043-22	GSP5ZP	58
LPSHA1044-22	GSP5ZP	9
LPSHA1045-22	GSP5ZP	44
LPSHA1046-22	GSP5ZP	50
LPSHA1047-22	GSP5ZP	9
LPSHA1048-22	GSP5ZP	37
LPSHA1049-22	GSP5ZP	57
LPSHA1050-22	GSP5ZP	9
LPSHA1051-22	GSP5ZP	37
LPSHA1052-22	GSP5ZP	30
LPSHA1054-22	GSP5ZP	71
LPSHA1055-22	GSP5ZP	2
LPSHA1056-22	GSP5ZP	16
LPSHA1057-22	GSP5ZP	10
LPSHA1058-22	GSP5ZP	21
LPSHA1060-22	GSP5ZP	52
LPSHA1061-22	GSP5ZP	10
LPSHA1062-22	GSP5ZP	40
LPSHA1063-22	GSP5ZP	25
LPSHA1064-22	GSP5ZP	43
LPSHA1065-22	GSP5ZP	13
LPSHA1066-22	GSP5ZP	52
LPSHA1067-22	GSP5ZP	23
LPSHA1068-22	GSP5ZP	25
LPSHA1069-22	GSP5ZP	37
LPSHA1070-22	GSP5ZP	48
LPSHA1071-22	GSP5ZP	60
LPSHA1072-22	GSP5ZP	34
LPSHA1073-22	GSP5ZP	23
LPSHA1074-22	GSP5ZP	46
LPSHA1075-22	GSP5ZP	54
LPSHA1076-22	GSP5ZP	47
LPSHA1077-22	GSP5ZP	60
LPSHA1078-22	GSP5ZP	53
LPSHA1079-22	GSP5ZP	2
LPSHA1080-22	GSP5ZP	25
LPSHA1081-22	GSP5ZP	43
LPSHA1082-22	GSP5ZP	5
LPSHA1083-22	GSP5ZP	4
LPSHA1086-22	GSP5ZP	40
LPSHA1087-22	GSP5ZP	31
LPSHA1088-22	GSP5ZP	32
LPSHA1089-22	GSP5ZP	52
LPSHA1090-22	GSP5ZP	51
LPSHA1091-22	GSP5ZP	51
LPSHA1092-22	GSP5ZP	46
LPSHA1093-22	GSP5ZP	38
LPSHA1094-22	GSP5ZP	7
LPSHA1095-22	GSP5ZP	12
LPSHA1096-22	GSP5ZP	53
LPSHA1097-22	GSP5ZP	37
LPSHA1098-22	GSP5ZP	49
LPSHA1099-22	GSP5ZP	15
LPSHA1100-22	GSP5ZP	52
LPSHA1101-22	GSP5ZP	55
LPSHA1102-22	GSP5ZP	51
LPSHA1103-22	GSP5ZP	49
LPSHA1104-22	GSP5ZP	46
LPSHA1105-22	GSP5ZP	63
LPSHA1106-22	GSP5ZP	48
LPSHA1107-22	GSP5ZP	39
LPSHA1108-22	GSP5ZP	66
LPSHA1109-22	GSP5ZP	40
LPSHA1110-22	GSP5ZP	43
LPSHA1111-22	GSP5ZP	5
LPSHA1112-22	GSP5ZP	29
LPSHA1113-22	GSP5ZP	57
LPSHA1114-22	GSP5ZP	63
LPSHA1115-22	GSP5ZP	51
LPSHA1116-22	GSP5ZP	18
LPSHA1117-22	GSP5ZP	33
LPSHA1118-22	GSP5ZP	57
LPSHA1119-22	GSP5ZP	15
LPSHA1120-22	GSP5ZP	69
LPSHA1121-22	GSP5ZP	63
LPSHA1122-22	GSP5ZP	49
LPSHA1123-22	GSP5ZP	11
LPSHA1124-22	GSP5ZP	47
LPSHA1125-22	GSP5ZP	63
LPSHA1126-22	GSP5ZP	60
LPSHA1127-22	GSP5ZP	10
LPSHA1128-22	GSP5ZP	15
LPSHA1130-22	GSP5ZP	56
LPSHA1131-22	GSP5ZP	35
LPSHA1132-22	GSP5ZP	35
LPSHA1133-22	GSP5ZP	61
LPSHA1134-22	GSP5ZP	16
LPSHA1136-22	GSP5ZP	34
LPSHA1137-22	GSP5ZP	76
LPSHA1138-22	GSP5ZP	55
LPSHA1139-22	GSP5ZP	77
LPSHA1140-22	GSP5ZP	41
LPSHA1141-22	GSP5ZP	38
LPSHA1142-22	GSP5ZP	49
LPSHA1143-22	GSP5ZP	48
LPSHA1144-22	GSP5ZP	28
LPSHA1145-22	GSP5ZP	18
LPSHA1146-22	GSP5ZP	38
LPSHA1147-22	GSP5ZP	52
LPSHA1148-22	GSP5ZP	75
LPSHA1149-22	GSP5ZP	66
LPSHA1150-22	GSP5ZP	67
LPSHA1151-22	GSP5ZP	5
LPSHA1152-22	GSP5ZP	54
LPSHA1153-22	GSP5ZP	33
LPSHA1154-22	GSP5ZP	11
LPSHA1155-22	GSP5ZP	19
LPSHA1156-22	GSP5ZP	7
LPSHA1157-22	GSP5ZP	39
LPSHA1158-22	GSP5ZP	33
LPSHA1159-22	GSP5ZP	32
LPSHA1160-22	GSP5ZP	26
LPSHA1161-22	GSP5ZP	57
LPSHA1162-22	GSP5ZP	50
LPSHA1163-22	GSP5ZP	15
LPSHA1164-22	GSP5ZP	16
LPSHA1165-22	GSP5ZP	45
LPSHA1166-22	GSP5ZP	55
LPSHA1167-22	GSP5ZP	43
LPSHA1168-22	GSP5ZP	32
LPSHA1169-22	GSP5ZP	17
LPSHA1170-22	GSP5ZP	34
LPSHA1171-22	GSP5ZP	18
LPSHA1172-22	GSP5ZP	18
LPSHA1173-22	GSP5ZP	10
LPSHA1175-22	GSP5ZP	7
LPSHA1176-22	GSP5ZP	14
LPSHA1177-22	GSP5ZP	45
LPSHA1178-22	GSP5ZP	9
LPSHA1179-22	GSP5ZP	39
LPSHA1180-22	GSP5ZP	47
LPSHA1181-22	GSP5ZP	8
LPSHA1182-22	GSP5ZP	24
LPSHA1183-22	GSP5ZP	53
LPSHA1184-22	GSP5ZP	11
LPSHA1185-22	GSP5ZP	25
LPSHA1186-22	GSP5ZP	3
LPSHA1187-22	GSP5ZP	68
LPSHA1188-22	GSP5ZP	42
LPSHA1189-22	GSP5ZP	9
LPSHA1190-22	GSP5ZP	29
LPSHA1191-22	GSP5ZP	51
LPSHA1192-22	GSP5ZP	65
LPSHA1193-22	GSP5ZP	27
LPSHA1194-22	GSP5ZP	58
LPSHA1195-22	GSP5ZP	38
LPSHA1196-22	GSP5ZP	48
LPSHA1197-22	GSP5ZP	22
LPSHA1198-22	GSP5ZP	60
LPSHA1199-22	GSP5ZP	12
LPSHA985-22	GU248M	70
LPSHA986-22	GU248M	57
LPSHA987-22	GU248M	61
LPSHA988-22	GU248M	56
LPSHA989-22	GU248M	37
LPSHA990-22	GU248M	59
LPSHA991-22	GU248M	72
LPSHA992-22	GU248M	54
LPSHA993-22	GU248M	73
LPSHA994-22	GU248M	65
LPSHA995-22	GU248M	58
LPSHA996-22	GU248M	52
LPSHA997-22	GU248M	68
LPSHA998-22	GU248M	51
LPSHA999-22	GU248M	9
LPSHB731-22	GGNFB7	85
LPSHB732-22	GGNFB7	72
LPSHB733-22	GGNFB7	89
LPSHB734-22	GGNFB7	29
LPSHB735-22	GGNFB7	66
LPSHB736-22	GGNFB7	76
LPSHB737-22	GGNFB7	89
LPSHB738-22	GGNFB7	89
LPSHB739-22	GGNFB7	79
LPSHB740-22	GGNFB7	78
LPSHB741-22	GGNFB7	76
LPSHB742-22	GGNFB7	26
LPSHB743-22	GGNFB7	70
LPSHB744-22	GGNFB7	97
LPSHB745-22	GGNFB7	16
LPSHB746-22	GGNFB7	8
LPSHB747-22	GGNFB7	19
LPSHB748-22	GGNFB7	6
LPSHB749-22	GGNFB7	59
LPSHB750-22	GGNFB7	56
LPSHC1749-22	GEOYGD	72
LPSHC1750-22	GEOYGD	44
LPSHC1751-22	GEOYGD	69
LPSHC1752-22	GEOYGD	86
LPSHC1753-22	GEOYGD	67
LPSHC1754-22	GEOYGD	64
LPSHC1755-22	GEOYGD	85
LPSHC1756-22	GEOYGD	57
LPSHC1757-22	GEOYGD	61
LPSHE1081-22	G4N1NA	84
LPSHE1082-22	G4N1NA	78
LPSHE1083-22	G4N1NA	6
LPSHE1084-22	G4N1NA	83
LPSHE1085-22	G4N1NA	71
LPSHE1086-22	G4N1NA	13
LPSHE1087-22	G4N1NA	53
LPSHE1088-22	G4N1NA	80
LPSHE1089-22	G4N1NA	61
LPSHE1090-22	G4N1NA	71
LPSHE1091-22	G4N1NA	58
LPSHE1092-22	G4N1NA	65
LPSHE1093-22	G4N1NA	95
LPSHE1094-22	G4N1NA	99
LPSHE1095-22	G4N1NA	14
LPSHE1096-22	G4N1NA	72
LPSHE1097-22	G4N1NA	54
LPSHE1098-22	G4N1NA	83
LPSHE1099-22	G4N1NA	90
LPSHE1100-22	G4N1NA	64
LPSHE1101-22	G4N1NA	71
LPSHE1102-22	G4N1NA	53
LPSHE1103-22	G4N1NA	59
LPSHE1104-22	G4N1NA	68
LPSHE1105-22	G4N1NA	47
LPSHE1106-22	G4N1NA	9
LPSHE1107-22	G4N1NA	66
LPSHE1108-22	G4N1NA	69
LPSHE1109-22	G4N1NA	91
LPSHE1110-22	G4N1NA	77
LPSHE1111-22	G4N1NA	50
LPSHE1112-22	G4N1NA	82
LPSHE1113-22	G4N1NA	70
LPSHE1114-22	G4N1NA	60
LPSHE1115-22	G4N1NA	73
LPSHE1116-22	G4N1NA	28
LPSHE1117-22	G4N1NA	38
LPSHE1118-22	G4N1NA	72
LPSHE1119-22	G4N1NA	71
LPSHE1120-22	G4N1NA	72
LPSHE1121-22	G4N1NA	75
LPSHE1122-22	G4N1NA	30
LPSHE1123-22	G4N1NA	20
LPSHE1124-22	G4N1NA	67
LPSHE1125-22	G4N1NA	17
LPSHE1126-22	G4N1NA	44
LPSHE1127-22	G4N1NA	65
LPSHE1128-22	G4N1NA	56
LPSHE1129-22	G4N1NA	67
LPSHE1130-22	G4N1NA	29
LPSHE1131-22	G4N1NA	77
LPSHE1132-22	G4N1NA	32
LPSHE1133-22	G4N1NA	29
LPSHE1134-22	G4N1NA	41
LPSHG1000-22	GCHYFW	42
LPSHG1001-22	GCHYFW	36
LPSHG1002-22	GCHYFW	47
LPSHG1003-22	GCHYFW	48
LPSHG1004-22	GCHYFW	16
LPSHG1005-22	GCHYFW	31
LPSHG1006-22	GCHYFW	72
LPSHG1007-22	GCHYFW	53
LPSHG1008-22	GCHYFW	59
LPSHG1009-22	GCHYFW	74
LPSHG1010-22	GCHYFW	56
LPSHG1011-22	GCHYFW	57
LPSHG1012-22	GCHYFW	58
LPSHG1013-22	GCHYFW	55
LPSHG1014-22	GCHYFW	66
LPSHG1015-22	GCHYFW	62
LPSHG1016-22	GCHYFW	58
LPSHG1017-22	GCHYFW	37
LPSHG1018-22	GCHYFW	43
LPSHG1019-22	GCHYFW	54
LPSHG1020-22	GCHYFW	28
LPSHG1021-22	GCHYFW	52
LPSHG1022-22	GCHYFW	69
LPSHG1023-22	GCHYFW	47
LPSHG1024-22	GCHYFW	43
LPSHG1025-22	GCHYFW	56
LPSHG1026-22	GCHYFW	53
LPSHG1027-22	GCHYFW	49
LPSHG1028-22	GCHYFW	52
LPSHG1029-22	GCHYFW	62
LPSHG1030-22	GCHYFW	44
LPSHG1031-22	GCHYFW	36
LPSHG1032-22	GCHYFW	47
LPSHG1033-22	GCHYFW	49
LPSHG1034-22	GCHYFW	43
LPSHG1035-22	GCHYFW	51
LPSHG1036-22	GCHYFW	52
LPSHG1037-22	GCHYFW	44
LPSHG1038-22	GCHYFW	55
LPSHG1039-22	GCHYFW	51
LPSHG1040-22	GCHYFW	51
LPSHG1041-22	GCHYFW	67
LPSHG1042-22	GCHYFW	71
LPSHG1043-22	GCHYFW	61
LPSHG1044-22	GCHYFW	43
LPSHG1045-22	GCHYFW	40
LPSHG1046-22	GCHYFW	43
LPSHG1047-22	GCHYFW	68
LPSHG1048-22	GCHYFW	49
LPSHG1049-22	GCHYFW	78
LPSHG1050-22	GCHYFW	55
LPSHG1051-22	GCHYFW	77
LPSHG1052-22	GCHYFW	71
LPSHG1053-22	GCHYFW	51
LPSHG1054-22	GCHYFW	46
LPSHG1055-22	GCHYFW	82
LPSHG1056-22	GCHYFW	65
LPSHG1057-22	GCHYFW	48
LPSHG1058-22	GCHYFW	59
LPSHG1059-22	GCHYFW	47
LPSHG1060-22	GCHYFW	52
LPSHG1061-22	GCHYFW	61
LPSHG1062-22	GCHYFW	62
LPSHG1063-22	GCHYFW	72
LPSHG1064-22	GCHYFW	70
LPSHG1065-22	GCHYFW	65
LPSHG1066-22	GCHYFW	80
LPSHG1067-22	GCHYFW	63
LPSHG1068-22	GCHYFW	57
LPSHG1069-22	GCHYFW	15
LPSHG1070-22	GCHYFW	70
LPSHG1071-22	GCHYFW	88
LPSHG1072-22	GCHYFW	64
LPSHG1073-22	GCHYFW	70
LPSHG1074-22	GCHYFW	67
LPSHG1075-22	GCHYFW	70
LPSHG1076-22	GCHYFW	72
LPSHG1077-22	GCHYFW	67
LPSHG1078-22	GCHYFW	60
LPSHG1079-22	GCHYFW	46
LPSHG1080-22	GCHYFW	68
LPSHG1081-22	GCHYFW	42
LPSHG1082-22	GCHYFW	54
LPSHG1083-22	GCHYFW	40
LPSHG1084-22	GCHYFW	68
LPSHG1085-22	GCHYFW	74
LPSHG1086-22	GCHYFW	80
LPSHG1087-22	GCHYFW	67
LPSHG1088-22	GCHYFW	69
LPSHG1089-22	GCHYFW	77
LPSHG1090-22	GCHYFW	61
LPSHG1091-22	GCHYFW	64
LPSHG1092-22	GCHYFW	50
LPSHG1093-22	GCHYFW	64
LPSHG1094-22	GCHYFW	43
LPSHG1095-22	GCHYFW	46
LPSHG1096-22	GCHYFW	62
LPSHG1097-22	GCHYFW	64
LPSHG1098-22	GCHYFW	58
LPSHG1099-22	GCHYFW	69
LPSHG1100-22	GCHYFW	72
LPSHG1101-22	GCHYFW	61
LPSHG1102-22	GCHYFW	47
LPSHG1103-22	GCHYFW	21
LPSHG1104-22	GCHYFW	60
LPSHG1105-22	GCHYFW	47
LPSHG1106-22	GCHYFW	52
LPSHG1107-22	GCHYFW	46
LPSHG1108-22	GCHYFW	65
LPSHG1109-22	GCHYFW	68
LPSHG1110-22	GCHYFW	55
LPSHG1111-22	GCHYFW	61
LPSHG1112-22	GCHYFW	68
LPSHG1113-22	GCHYFW	51
LPSHG1114-22	GCHYFW	59
LPSHG1115-22	GCHYFW	65
LPSHG1116-22	GCHYFW	66
LPSHG1117-22	GCHYFW	56
LPSHG1118-22	GCHYFW	55
LPSHG1119-22	GCHYFW	46
LPSHG1120-22	GCHYFW	46
LPSHG1121-22	GCHYFW	63
LPSHG1122-22	GCHYFW	19
LPSHG1123-22	GCHYFW	32
LPSHG1124-22	GCHYFW	65
LPSHG1125-22	GCHYFW	56
LPSHG1126-22	GCHYFW	60
LPSHG1127-22	GCHYFW	76
LPSHG1128-22	GCHYFW	53
LPSHG1129-22	GCHYFW	67
LPSHG1130-22	GCHYFW	64
LPSHG1131-22	GCHYFW	53
LPSHG1132-22	GCHYFW	61
LPSHG1133-22	GCHYFW	58
LPSHG1134-22	GCHYFW	54
LPSHG1135-22	GCHYFW	43
LPSHG1136-22	GCHYFW	77
LPSHG1137-22	GCHYFW	47
LPSHG1138-22	GCHYFW	78
LPSHG1139-22	GCHYFW	74
LPSHG1140-22	GCHYFW	55
LPSHG1141-22	GCHYFW	49
LPSHG1142-22	GCHYFW	51
LPSHG1143-22	GCHYFW	39
LPSHG1144-22	GCHYFW	67
LPSHG1145-22	GCHYFW	62
LPSHG1146-22	GCHYFW	54
LPSHG1147-22	GCHYFW	83
LPSHG1148-22	GCHYFW	63
LPSHG1149-22	GCHYFW	79
LPSHG1150-22	GCHYFW	66
LPSHG1151-22	GCHYFW	82
LPSHG1152-22	GCHYFW	77
LPSHG1153-22	GCHYFW	61
LPSHG1154-22	GCHYFW	78
LPSHG1155-22	GCHYFW	59
LPSHG1156-22	GCHYFW	87
LPSHG1157-22	GCHYFW	57
LPSHG1158-22	GCHYFW	72
LPSHG1159-22	GCHYFW	75
LPSHG1160-22	GCHYFW	64
LPSHG1161-22	GCHYFW	75
LPSHG1162-22	GCHYFW	51
LPSHG1163-22	GCHYFW	52
LPSHG1164-22	GCHYFW	60
LPSHG1165-22	GCHYFW	42
LPSHG1166-22	GCHYFW	42
LPSHG1167-22	GCHYFW	47
LPSHG1168-22	GCHYFW	56
LPSHG1169-22	GCHYFW	62
LPSHG1170-22	GCHYFW	69
LPSHG1171-22	GCHYFW	101
LPSHG1172-22	GCHYFW	111
LPSHG1173-22	GCHYFW	88
LPSHG1174-22	GCHYFW	91
LPSHG1175-22	GCHYFW	17
LPSHG1176-22	GCHYFW	90
LPSHG1177-22	GCHYFW	68
LPSHG1178-22	GCHYFW	44
LPSHG1179-22	GCHYFW	72
LPSHG1180-22	GCHYFW	76
LPSHG1181-22	GCHYFW	100
LPSHG1182-22	GCHYFW	96
LPSHG1183-22	GCHYFW	63
LPSHG1184-22	GCHYFW	78
LPSHG1185-22	GCHYFW	54
LPSHG1186-22	GCHYFW	99
LPSHG1187-22	GCHYFW	84
LPSHG1188-22	GCHYFW	90
LPSHG1189-22	GCHYFW	85
LPSHG1190-22	GCHYFW	73
LPSHG1191-22	GCHYFW	64
LPSHG1192-22	GCHYFW	85
LPSHG1193-22	GCHYFW	31
LPSHG1194-22	GCHYFW	87
LPSHG1195-22	GCHYFW	79
LPSHG1196-22	GCHYFW	89
LPSHG1197-22	GCHYFW	80
LPSHG1198-22	GCHYFW	90
LPSHG1199-22	GCHYFW	90
LPSHG1200-22	GCHYFW	100
LPSHG1201-22	GCHYFW	97
LPSHG1202-22	GCHYFW	94
LPSHG1203-22	GCHYFW	73
LPSHG1204-22	GCHYFW	88
LPSHG1205-22	GCHYFW	103
LPSHG1206-22	GCHYFW	88
LPSHG1207-22	GCHYFW	29
LPSHG1208-22	GCHYFW	68
LPSHG1209-22	GCHYFW	77
LPSHG1210-22	GCHYFW	94
LPSHG1211-22	GCHYFW	78
LPSHG1212-22	GCHYFW	98
LPSHG1213-22	GCHYFW	78
LPSHG1214-22	GCHYFW	87
LPSHG1215-22	GCHYFW	76
LPSHG1216-22	GCHYFW	92
LPSHG1217-22	GCHYFW	129
LPSHG1218-22	GCHYFW	105
LPSHG1219-22	GCHYFW	55
LPSHG1220-22	GCHYFW	98
LPSHG1221-22	GCHYFW	96
LPSHG1222-22	GCHYFW	98
LPSHG1223-22	GCHYFW	88
LPSHG1224-22	GCHYFW	72
LPSHG1225-22	GCHYFW	64
LPSHG1226-22	GCHYFW	104
LPSHG1227-22	GCHYFW	81
LPSHG1228-22	GCHYFW	57
LPSHG1229-22	GCHYFW	68
LPSHG1230-22	GCHYFW	103
LPSHG1231-22	GCHYFW	69
LPSHG1232-22	GCHYFW	105
LPSHG1233-22	GCHYFW	76
LPSHG1234-22	GCHYFW	56
LPSHG1235-22	GCHYFW	89
LPSHG1236-22	GCHYFW	101
LPSHG1237-22	GCHYFW	103
LPSHG1238-22	GCHYFW	110
LPSHG1239-22	GCHYFW	75
LPSHG1240-22	GCHYFW	84
LPSHG1241-22	GCHYFW	105
LPSHG1242-22	GCHYFW	76
LPSHG1243-22	GCHYFW	94
LPSHG1244-22	GCHYFW	27
LPSHG1245-22	GCHYFW	102
LPSHG1246-22	GCHYFW	90
LPSHG1247-22	GCHYFW	86
LPSHG1248-22	GCHYFW	81
LPSHG1249-22	GCHYFW	107
LPSHG1250-22	GCHYFW	98
LPSHG1251-22	GCHYFW	69
LPSHG1252-22	GCHYFW	111
LPSHG1253-22	GCHYFW	83
LPSHG1254-22	GCHYFW	117
LPSHG1255-22	GCHYFW	73
LPSHG1256-22	GCHYFW	112
LPSHG1257-22	GCHYFW	74
LPSHG1258-22	GCHYFW	83
LPSHG1259-22	GCHYFW	90
LPSHG1260-22	GCHYFW	106
LPSHG1261-22	GCHYFW	87
LPSHG1262-22	GCHYFW	114
LPSHG1263-22	GCHYFW	93
LPSHG1264-22	GCHYFW	109
LPSHG1265-22	GCHYFW	98
LPSHG1266-22	GCHYFW	85
LPSHG1267-22	GCHYFW	84
LPSHG1268-22	GCHYFW	23
LPSHG1269-22	GCHYFW	36
LPSHG1270-22	GCHYFW	54
LPSHG1271-22	GCHYFW	20
LPSHG1272-22	GCHYFW	23
LPSHG1273-22	GCHYFW	62
LPSHG1274-22	GCHYFW	48
LPSHG1275-22	GCHYFW	62
LPSHG1276-22	GCHYFW	19
LPSHG1277-22	GCHYFW	59
LPSHG1278-22	GCHYFW	37
LPSHG1279-22	GCHYFW	15
LPSHG1280-22	GCHYFW	48
LPSHG1281-22	GCHYFW	45
LPSHG1282-22	GCHYFW	41
LPSHG1283-22	GCHYFW	31
LPSHG1284-22	GCHYFW	16
LPSHG1285-22	GCHYFW	14
LPSHG1286-22	GCHYFW	36
LPSHG1287-22	GCHYFW	49
LPSHG1288-22	GCHYFW	45
LPSHG1289-22	GCHYFW	27
LPSHG1290-22	GCHYFW	60
LPSHG1291-22	GCHYFW	57
LPSHG1292-22	GCHYFW	27
LPSHG1293-22	GCHYFW	66
LPSHG1294-22	GCHYFW	50
LPSHG1295-22	GCHYFW	56
LPSHG1296-22	GCHYFW	41
LPSHG1297-22	GCHYFW	43
LPSHG1298-22	GCHYFW	27
LPSHG1299-22	GCHYFW	5
LPSHG1300-22	GCHYFW	29
LPSHG1302-22	GCHYFW	74
LPSHG1303-22	GCHYFW	21
LPSHG1304-22	GCHYFW	49
LPSHG1305-22	GCHYFW	30
LPSHG1306-22	GCHYFW	40
LPSHG1307-22	GCHYFW	23
LPSHG1308-22	GCHYFW	57
LPSHG1309-22	GCHYFW	16
LPSHG1310-22	GCHYFW	30
LPSHG1311-22	GCHYFW	57
LPSHG1312-22	GCHYFW	24
LPSHG1313-22	GCHYFW	80
LPSHG1314-22	GCHYFW	35
LPSHG1315-22	GCHYFW	17
LPSHG1316-22	GCHYFW	15
LPSHG1317-22	GCHYFW	33
LPSHG1318-22	GCHYFW	64
LPSHG1319-22	GCHYFW	23
LPSHG1320-22	GCHYFW	27
LPSHG1321-22	GCHYFW	61
LPSHG1322-22	GCHYFW	61
LPSHG1323-22	GCHYFW	31
LPSHG1324-22	GCHYFW	18
LPSHG1325-22	GCHYFW	32
LPSHG1326-22	GCHYFW	66
LPSHG1327-22	GCHYFW	60
LPSHG1328-22	GCHYFW	60
LPSHG1329-22	GCHYFW	61
LPSHG1330-22	GCHYFW	60
LPSHG1331-22	GCHYFW	52
LPSHG1332-22	GCHYFW	73
LPSHG1333-22	GCHYFW	63
LPSHG1334-22	GCHYFW	47
LPSHG1335-22	GCHYFW	53
LPSHG1336-22	GCHYFW	28
LPSHG1337-22	GCHYFW	68
LPSHG1338-22	GCHYFW	60
LPSHG1339-22	GCHYFW	33
LPSHG1340-22	GCHYFW	85
LPSHG1341-22	GCHYFW	64
LPSHG1342-22	GCHYFW	80
LPSHG1343-22	GCHYFW	90
LPSHG1344-22	GCHYFW	78
LPSHG1345-22	GCHYFW	69
LPSHG1346-22	GCHYFW	55
LPSHG1347-22	GCHYFW	59
LPSHG1348-22	GCHYFW	26
LPSHG1349-22	GCHYFW	63
LPSHG1350-22	GCHYFW	70
LPSHG1351-22	GCHYFW	66
LPSHG1352-22	GCHYFW	77
LPSHG1353-22	GCHYFW	69
LPSHG1354-22	GCHYFW	38
LPSHG1355-22	GCHYFW	51
LPSHG1356-22	GCHYFW	43
LPSHG1357-22	GCHYFW	84
LPSHG1358-22	GCHYFW	24
LPSHG1359-22	GCHYFW	50
LPSHG1360-22	GCHYFW	58
LPSHG1361-22	GCHYFW	86
LPSHG1362-22	GCHYFW	73
LPSHG1363-22	GCHYFW	84
LPSHG1364-22	GCHYFW	65
LPSHG1365-22	GCHYFW	63
LPSHG1366-22	GCHYFW	72
LPSHG1367-22	GCHYFW	86
LPSHG1368-22	GCHYFW	94
LPSHG1369-22	GCHYFW	45
LPSHG1370-22	GCHYFW	86
LPSHG1371-22	GCHYFW	84
LPSHG1372-22	GCHYFW	115
LPSHG1373-22	GCHYFW	71
LPSHG1374-22	GCHYFW	75
LPSHG1375-22	GCHYFW	48
LPSHG1376-22	GCHYFW	48
LPSHG1377-22	GCHYFW	95
LPSHG1378-22	GCHYFW	16
LPSHG1379-22	GCHYFW	46
LPSHG1380-22	GCHYFW	35
LPSHG1381-22	GCHYFW	71
LPSHG1382-22	GCHYFW	58
LPSHG1383-22	GCHYFW	60
LPSHG1384-22	GCHYFW	16
LPSHG1385-22	GCHYFW	102
LPSHG1386-22	GCHYFW	62
LPSHG1387-22	GCHYFW	79
LPSHG1388-22	GCHYFW	103
LPSHG1389-22	GCHYFW	34
LPSHG1390-22	GCHYFW	76
LPSHG1391-22	GCHYFW	90
LPSHG1392-22	GCHYFW	45
LPSHG1393-22	GCHYFW	79
LPSHG1394-22	GCHYFW	87
LPSHG1395-22	GCHYFW	78
LPSHG1396-22	GCHYFW	58
LPSHG1397-22	GCHYFW	71
LPSHG1398-22	GCHYFW	61
LPSHG1399-22	GCHYFW	84
LPSHG1400-22	GCHYFW	72
LPSHG1401-22	GCHYFW	78
LPSHG1402-22	GCHYFW	77
LPSHG1403-22	GCHYFW	58
LPSHG1404-22	GCHYFW	50
LPSHG1405-22	GCHYFW	73
LPSHG1406-22	GCHYFW	58
LPSHG1407-22	GCHYFW	76
LPSHG1408-22	GCHYFW	96
LPSHG1409-22	GCHYFW	43
LPSHG1410-22	GCHYFW	81
LPSHG1411-22	GCHYFW	79
LPSHG1412-22	GCHYFW	100
LPSHG1413-22	GCHYFW	52
LPSHG1414-22	GCHYFW	53
LPSHG1415-22	GCHYFW	69
LPSHG1416-22	GCHYFW	69
LPSHG1417-22	GCHYFW	20
LPSHG1418-22	GCHYFW	53
LPSHG1419-22	GCHYFW	75
LPSHG1420-22	GCHYFW	95
LPSHG1421-22	GCHYFW	85
LPSHG1422-22	GCHYFW	101
LPSHG1423-22	GCHYFW	73
LPSHG1424-22	GCHYFW	58
LPSHG1425-22	GCHYFW	89
LPSHG1426-22	GCHYFW	36
LPSHG1427-22	GCHYFW	85
LPSHG1428-22	GCHYFW	68
LPSHG1429-22	GCHYFW	100
LPSHG1430-22	GCHYFW	71
LPSHG1431-22	GCHYFW	74
LPSHG1432-22	GCHYFW	97
LPSHG1433-22	GCHYFW	108
LPSHG1434-22	GCHYFW	101
LPSHG1435-22	GCHYFW	103
LPSHG1436-22	GCHYFW	104
LPSHG1437-22	GCHYFW	79
LPSHG1438-22	GCHYFW	105
LPSHG1439-22	GCHYFW	97
LPSHG1440-22	GCHYFW	89
LPSHG1441-22	GCHYFW	85
LPSHG1442-22	GCHYFW	67
LPSHG1443-22	GCHYFW	103
LPSHG1444-22	GCHYFW	49
LPSHG1445-22	GCHYFW	86
LPSHG1446-22	GCHYFW	81
LPSHG1447-22	GCHYFW	58
LPSHG1448-22	GCHYFW	81
LPSHG1449-22	GCHYFW	72
LPSHG1450-22	GCHYFW	69
LPSHG1451-22	GCHYFW	53
LPSHG1452-22	GCHYFW	98
LPSHG1453-22	GCHYFW	105
LPSHG1454-22	GCHYFW	101
LPSHG1455-22	GCHYFW	88
LPSHG1456-22	GCHYFW	104
LPSHG1457-22	GCHYFW	87
LPSHG1458-22	GCHYFW	58
LPSHG1459-22	GCHYFW	68
LPSHG1460-22	GCHYFW	50
LPSHG1461-22	GCHYFW	85
LPSHG1462-22	GCHYFW	74
LPSHG1463-22	GCHYFW	55
LPSHG1464-22	GCHYFW	76
LPSHG1465-22	GCHYFW	48
LPSHG1466-22	GCHYFW	91
LPSHG1467-22	GCHYFW	104
LPSHG1468-22	GCHYFW	43
LPSHG1469-22	GCHYFW	26
LPSHG1470-22	GCHYFW	41
LPSHG1471-22	GCHYFW	48
LPSHG1472-22	GCHYFW	35
LPSHG1473-22	GCHYFW	65
LPSHG1474-22	GCHYFW	53
LPSHG1475-22	GCHYFW	45
LPSHG1476-22	GCHYFW	49
LPSHG1477-22	GCHYFW	29
LPSHG1478-22	GCHYFW	38
LPSHG1479-22	GCHYFW	64
LPSHG1480-22	GCHYFW	30
LPSHG1481-22	GCHYFW	31
LPSHG1482-22	GCHYFW	51
LPSHG1483-22	GCHYFW	49
LPSHG1484-22	GCHYFW	64
LPSHG1485-22	GCHYFW	38
LPSHG1486-22	GCHYFW	39
LPSHG1487-22	GCHYFW	56
LPSHG1488-22	GCHYFW	39
LPSHG1489-22	GCHYFW	58
LPSHG1490-22	GCHYFW	85
LPSHG1491-22	GCHYFW	29
LPSHG1492-22	GCHYFW	8
LPSHG1493-22	GCHYFW	59
LPSHG1494-22	GCHYFW	72
LPSHG1495-22	GCHYFW	47
LPSHG1496-22	GCHYFW	69
LPSHG1497-22	GCHYFW	83
LPSHG1498-22	GCHYFW	42
LPSHG1499-22	GCHYFW	13
LPSHG1500-22	GCHYFW	90
LPSHG1501-22	GCHYFW	86
LPSHG1502-22	GCHYFW	98
LPSHG1503-22	GCHYFW	57
LPSHG1504-22	GCHYFW	63
LPSHG1505-22	GCHYFW	66
LPSHG1506-22	GCHYFW	80
LPSHG1507-22	GCHYFW	89
LPSHG1508-22	GCHYFW	98
LPSHG1509-22	GCHYFW	98
LPSHG1510-22	GCHYFW	93
LPSHG1511-22	GCHYFW	42
LPSHG1512-22	GCHYFW	82
LPSHG1513-22	GCHYFW	45
LPSHG1514-22	GCHYFW	28
LPSHG1515-22	GCHYFW	79
LPSHG1516-22	GCHYFW	90
LPSHG1517-22	GCHYFW	88
LPSHG1518-22	GCHYFW	35
LPSHG1519-22	GCHYFW	85
LPSHG1520-22	GCHYFW	88
LPSHG1521-22	GCHYFW	92
LPSHG1522-22	GCHYFW	83
LPSHG1523-22	GCHYFW	94
LPSHG1524-22	GCHYFW	85
LPSHG1525-22	GCHYFW	76
LPSHG1526-22	GCHYFW	88
LPSHG1527-22	GCHYFW	90
LPSHG1528-22	GCHYFW	77
LPSHG1529-22	GCHYFW	83
LPSHG1530-22	GCHYFW	99
LPSHG1531-22	GCHYFW	80
LPSHG1532-22	GCHYFW	98
LPSHG1533-22	GCHYFW	106
LPSHG1534-22	GCHYFW	112
LPSHG1535-22	GCHYFW	74
LPSHG1536-22	GCHYFW	111
LPSHG1537-22	GCHYFW	62
LPSHG1538-22	GCHYFW	53
LPSHG1540-22	GCHYFW	58
LPSHG1541-22	GCHYFW	92
LPSHG1542-22	GCHYFW	33
LPSHG1543-22	GCHYFW	83
LPSHG1544-22	GCHYFW	79
LPSHG1545-22	GCHYFW	59
LPSHG1546-22	GCHYFW	19
LPSHG1548-22	GCHYFW	38
LPSHG1549-22	GCHYFW	40
LPSHG1550-22	GCHYFW	17
LPSHG1551-22	GCHYFW	76
LPSHG1552-22	GCHYFW	82
LPSHG1553-22	GCHYFW	89
LPSHG1554-22	GCHYFW	117
LPSHG1555-22	GCHYFW	75
LPSHG1556-22	GCHYFW	50
LPSHG1557-22	GCHYFW	91
LPSHG1558-22	GCHYFW	77
LPSHG1559-22	GCHYFW	59
LPSHG1560-22	GCHYFW	112
LPSHG1561-22	GCHYFW	84
LPSHG1562-22	GCHYFW	53
LPSHG1563-22	GCHYFW	85
LPSHG1564-22	GCHYFW	112
LPSHG1565-22	GCHYFW	84
LPSHG1566-22	GCHYFW	83
LPSHG1567-22	GCHYFW	92
LPSHG1568-22	GCHYFW	78
LPSHG1569-22	GCHYFW	89
LPSHG1570-22	GCHYFW	93
LPSHG1571-22	GCHYFW	80
LPSHG1572-22	GCHYFW	76
LPSHG1573-22	GCHYFW	89
LPSHG1574-22	GCHYFW	88
LPSHG1575-22	GCHYFW	91
LPSHG1576-22	GCHYFW	104
LPSHG1577-22	GCHYFW	72
LPSHG1578-22	GCHYFW	60
LPSHG1579-22	GCHYFW	81
LPSHG1580-22	GCHYFW	59
LPSHG1581-22	GCHYFW	77
LPSHG1582-22	GCHYFW	22
LPSHG1583-22	GCHYFW	77
LPSHG1584-22	GCHYFW	116
LPSHG1585-22	GCHYFW	86
LPSHG1586-22	GCHYFW	42
LPSHG1587-22	GCHYFW	81
LPSHG1588-22	GCHYFW	122
LPSHG1589-22	GCHYFW	88
LPSHG1590-22	GCHYFW	96
LPSHG1591-22	GCHYFW	64
LPSHG1592-22	GCHYFW	88
LPSHG1593-22	GCHYFW	114
LPSHG1594-22	GCHYFW	51
LPSHG1595-22	GCHYFW	95
LPSHG1596-22	GCHYFW	78
LPSHG1597-22	GCHYFW	105
LPSHG1598-22	GCHYFW	77
LPSHG1599-22	GCHYFW	69
LPSHG1600-22	GCHYFW	86
LPSHG1601-22	GCHYFW	66
LPSHG1602-22	GCHYFW	116
LPSHG1603-22	GCHYFW	64
LPSHG1604-22	GCHYFW	82
LPSHG1605-22	GCHYFW	66
LPSHG1606-22	GCHYFW	93
LPSHG1607-22	GCHYFW	37
LPSHG1608-22	GCHYFW	12
LPSHG1609-22	GCHYFW	89
LPSHG1610-22	GCHYFW	64
LPSHG1611-22	GCHYFW	87
LPSHG1612-22	GCHYFW	95
LPSHG1613-22	GCHYFW	90
LPSHG1614-22	GCHYFW	91
LPSHG1615-22	GCHYFW	87
LPSHG1616-22	GCHYFW	84
LPSHG1617-22	GCHYFW	96
LPSHG1618-22	GCHYFW	120
LPSHG1619-22	GCHYFW	62
LPSHG1620-22	GCHYFW	71
LPSHG1621-22	GCHYFW	87
LPSHG1622-22	GCHYFW	90
LPSHG1623-22	GCHYFW	96
LPSHG1624-22	GCHYFW	119
LPSHG1625-22	GCHYFW	107
LPSHG1626-22	GCHYFW	106
LPSHG1627-22	GCHYFW	94
LPSHG1628-22	GCHYFW	80
LPSHG1629-22	GCHYFW	122
LPSHG1630-22	GCHYFW	104
LPSHG1631-22	GCHYFW	16
LPSHG1632-22	GCHYFW	74
LPSHG1633-22	GCHYFW	89
LPSHG1634-22	GCHYFW	86
LPSHG1635-22	GCHYFW	96
LPSHG1636-22	GCHYFW	104
LPSHG1637-22	GCHYFW	70
LPSHG1638-22	GCHYFW	111
LPSHG1639-22	GCHYFW	90
LPSHG1640-22	GCHYFW	71
LPSHG1641-22	GCHYFW	99
LPSHG1642-22	GCHYFW	85
LPSHG1643-22	GCHYFW	102
LPSHG1644-22	GCHYFW	106
LPSHG1645-22	GCHYFW	76
LPSHG1646-22	GCHYFW	79
LPSHG1647-22	GCHYFW	111
LPSHG1648-22	GCHYFW	87
LPSHG1649-22	GCHYFW	96
LPSHG1650-22	GCHYFW	77
LPSHG1651-22	GCHYFW	89
LPSHG1652-22	GCHYFW	105
LPSHG1653-22	GCHYFW	74
LPSHG1654-22	GCHYFW	98
LPSHG1655-22	GCHYFW	66
LPSHG1656-22	GCHYFW	65
LPSHG1657-22	GCHYFW	107
LPSHG1658-22	GCHYFW	93
LPSHG1659-22	GCHYFW	90
LPSHG1660-22	GCHYFW	75
LPSHG1661-22	GCHYFW	78
LPSHG1662-22	GCHYFW	67
LPSHG1663-22	GCHYFW	70
LPSHG1664-22	GCHYFW	90
LPSHG1665-22	GCHYFW	86
LPSHG1666-22	GCHYFW	76
LPSHG1667-22	GCHYFW	67
LPSHG1668-22	GCHYFW	85
LPSHG1669-22	GCHYFW	92
LPSHG1670-22	GCHYFW	85
LPSHG1671-22	GCHYFW	86
LPSHG1672-22	GCHYFW	92
LPSHG1673-22	GCHYFW	80
LPSHG1674-22	GCHYFW	72
LPSHG1675-22	GCHYFW	85
LPSHG1676-22	GCHYFW	93
LPSHG1677-22	GCHYFW	97
LPSHG1678-22	GCHYFW	96
LPSHG1679-22	GCHYFW	86
LPSHG1680-22	GCHYFW	91
LPSHG1681-22	GCHYFW	97
LPSHG1682-22	GCHYFW	73
LPSHG1683-22	GCHYFW	88
LPSHG1684-22	GCHYFW	80
LPSHG1685-22	GCHYFW	80
LPSHG1686-22	GCHYFW	97
LPSHG1687-22	GCHYFW	95
LPSHG1688-22	GCHYFW	101
LPSHG1689-22	GCHYFW	93
LPSHG1690-22	GCHYFW	89
LPSHG1691-22	GCHYFW	94
LPSHG1692-22	GCHYFW	96
LPSHG1693-22	GCHYFW	72
LPSHG1694-22	GCHYFW	83
LPSHG1695-22	GCHYFW	101
LPSHG1696-22	GCHYFW	92
LPSHG1697-22	GCHYFW	72
LPSHG1698-22	GCHYFW	93
LPSHG1699-22	GCHYFW	93
LPSHG1700-22	GCHYFW	90
LPSHG1701-22	GCHYFW	84
LPSHG1702-22	GCHYFW	71
LPSHG1703-22	GCHYFW	95
LPSHG1704-22	GCHYFW	80
LPSHG1705-22	GCHYFW	81
LPSHG1706-22	GCHYFW	88
LPSHG1707-22	GCHYFW	77
LPSHG1708-22	GCHYFW	77
LPSHG1709-22	GCHYFW	81
LPSHG1710-22	GCHYFW	64
LPSHG1711-22	GCHYFW	67
LPSHG1712-22	GCHYFW	79
LPSHG1713-22	GCHYFW	82
LPSHG1714-22	GCHYFW	81
LPSHG1715-22	GCHYFW	63
LPSHG1716-22	GCHYFW	57
LPSHG1717-22	GCHYFW	15
LPSHG1718-22	GCHYFW	66
LPSHG1719-22	GCHYFW	99
LPSHG1720-22	GCHYFW	48
LPSHG1721-22	GCHYFW	85
LPSHG1722-22	GCHYFW	81
LPSHG1723-22	GCHYFW	76
LPSHG1724-22	GCHYFW	102
LPSHG1726-22	GCHYFW	73
LPSHG1727-22	GCHYFW	92
LPSHG1728-22	GCHYFW	82
LPSHG1729-22	GCHYFW	85
LPSHG1730-22	GCHYFW	103
LPSHG1731-22	GCHYFW	98
LPSHG1732-22	GCHYFW	76
LPSHG1733-22	GCHYFW	85
LPSHG1734-22	GCHYFW	78
LPSHG1735-22	GCHYFW	90
LPSHG1736-22	GCHYFW	87
LPSHG1737-22	GCHYFW	42
LPSHG1738-22	GCHYFW	99
LPSHG1739-22	GCHYFW	114
LPSHG1740-22	GCHYFW	96
LPSHG1741-22	GCHYFW	21
LPSHG1742-22	GCHYFW	110
LPSHG1743-22	GCHYFW	111
LPSHG1744-22	GCHYFW	78
LPSHG1745-22	GCHYFW	95
LPSHG1746-22	GCHYFW	61
LPSHG1747-22	GCHYFW	78
LPSHG1748-22	GCHYFW	90
LPSHG1749-22	GCHYFW	87
LPSHG1750-22	GCHYFW	81
LPSHG1751-22	GCHYFW	79
LPSHG1752-22	GCHYFW	107
LPSHG1753-22	GCHYFW	81
LPSHG1754-22	GCHYFW	89
LPSHG1755-22	GCHYFW	84
LPSHG1756-22	GCHYFW	101
LPSHG1757-22	GCHYFW	5
LPSHG1758-22	GCHYFW	91
LPSHG1759-22	GCHYFW	92
LPSHG1760-22	GCHYFW	69
LPSHG1761-22	GCHYFW	79
LPSHG1762-22	GCHYFW	83
LPSHG1763-22	GCHYFW	93
LPSHG1764-22	GCHYFW	111
LPSHG1765-22	GCHYFW	88
LPSHG1766-22	GCHYFW	78
LPSHG1767-22	GCHYFW	96
LPSHG1768-22	GCHYFW	96
LPSHG1769-22	GCHYFW	24
LPSHG1770-22	GCHYFW	83
LPSHG1771-22	GCHYFW	92
LPSHG1772-22	GCHYFW	101
LPSHG1773-22	GCHYFW	57
LPSHG1774-22	GCHYFW	98
LPSHG1775-22	GCHYFW	117
LPSHG1776-22	GCHYFW	116
LPSHG1777-22	GCHYFW	63
LPSHG1778-22	GCHYFW	76
LPSHG1779-22	GCHYFW	80
LPSHG1780-22	GCHYFW	71
LPSHG1781-22	GCHYFW	96
LPSHG1782-22	GCHYFW	98
LPSHG1783-22	GCHYFW	80
LPSHG1784-22	GCHYFW	61
LPSHG1785-22	GCHYFW	94
LPSHG1786-22	GCHYFW	88
LPSHG1787-22	GCHYFW	65
LPSHG1788-22	GCHYFW	88
LPSHG1789-22	GCHYFW	88
LPSHG1790-22	GCHYFW	89
LPSHG1791-22	GCHYFW	85
LPSHG1792-22	GCHYFW	50
LPSHG1793-22	GCHYFW	88
LPSHG1794-22	GCHYFW	71
LPSHG1795-22	GCHYFW	111
LPSHG1796-22	GCHYFW	44
LPSHG1797-22	GCHYFW	73
LPSHG1798-22	GCHYFW	88
LPSHG1799-22	GCHYFW	75
LPSHG1800-22	GCHYFW	63
LPSHG1801-22	GCHYFW	102
LPSHG1802-22	GCHYFW	96
LPSHG1803-22	GCHYFW	46
LPSHG1804-22	GCHYFW	107
LPSHG1805-22	GCHYFW	109
LPSHG1806-22	GCHYFW	99
LPSHG1807-22	GCHYFW	104
LPSHG1808-22	GCHYFW	84
LPSHG1809-22	GCHYFW	83
LPSHG1810-22	GCHYFW	109
LPSHG1811-22	GCHYFW	98
LPSHG1812-22	GCHYFW	101
LPSHG1813-22	GCHYFW	95
LPSHG1814-22	GCHYFW	92
LPSHG1815-22	GCHYFW	105
LPSHG1816-22	GCHYFW	112
LPSHG1817-22	GCHYFW	114
LPSHG1818-22	GCHYFW	108
LPSHG1819-22	GCHYFW	108
LPSHG1820-22	GCHYFW	73
LPSHG1821-22	GCHYFW	99
LPSHG1822-22	GCHYFW	76
LPSHG1823-22	GCHYFW	21
LPSHG1824-22	GCHYFW	68
LPSHG1825-22	GCHYFW	111
LPSHG1826-22	GCHYFW	93
LPSHG1827-22	GCHYFW	88
LPSHG1828-22	GCHYFW	95
LPSHG1829-22	GCHYFW	85
LPSHG1830-22	GCHYFW	96
LPSHG1831-22	GCHYFW	92
LPSHG1832-22	GCHYFW	106
LPSHG1833-22	GCHYFW	84
LPSHG1834-22	GCHYFW	77
LPSHG1835-22	GCHYFW	106
LPSHG1836-22	GCHYFW	116
LPSHG1837-22	GCHYFW	89
LPSHG1838-22	GCHYFW	96
LPSHG1839-22	GCHYFW	61
LPSHG1840-22	GCHYFW	88
LPSHG1841-22	GCHYFW	65
LPSHG1842-22	GCHYFW	87
LPSHG1843-22	GCHYFW	70
LPSHG1844-22	GCHYFW	81
LPSHG1845-22	GCHYFW	82
LPSHG1846-22	GCHYFW	98
LPSHG1847-22	GCHYFW	114
LPSHG1848-22	GCHYFW	76
LPSHG1849-22	GCHYFW	35
LPSHG1850-22	GCHYFW	60
LPSHG1851-22	GCHYFW	70
LPSHG1852-22	GCHYFW	53
LPSHG1853-22	GCHYFW	41
LPSHG1854-22	GCHYFW	20
LPSHG1855-22	GCHYFW	3
LPSHG1856-22	GCHYFW	5
LPSHG1857-22	GCHYFW	40
LPSHG1858-22	GCHYFW	3
LPSHG1859-22	GCHYFW	35
LPSHG1860-22	GCHYFW	30
LPSHG1861-22	GCHYFW	34
LPSHG1862-22	GCHYFW	36
LPSHG1863-22	GCHYFW	34
LPSHG1864-22	GCHYFW	31
LPSHG1865-22	GCHYFW	38
LPSHG1866-22	GCHYFW	35
LPSHG1867-22	GCHYFW	37
LPSHG1868-22	GCHYFW	33
LPSHG1869-22	GCHYFW	44
LPSHG1870-22	GCHYFW	54
LPSHG1871-22	GCHYFW	54
LPSHG1872-22	GCHYFW	46
LPSHG1873-22	GCHYFW	63
LPSHG1874-22	GCHYFW	47
LPSHG1875-22	GCHYFW	51
LPSHG1876-22	GCHYFW	36
LPSHG1877-22	GCHYFW	26
LPSHG1878-22	GCHYFW	37
LPSHG1879-22	GCHYFW	63
LPSHG1880-22	GCHYFW	40
LPSHG1881-22	GCHYFW	43
LPSHG1882-22	GCHYFW	48
LPSHG1883-22	GCHYFW	28
LPSHG1884-22	GCHYFW	23
LPSHG1885-22	GCHYFW	49
LPSHG1886-22	GCHYFW	50
LPSHG1887-22	GCHYFW	43
LPSHG1888-22	GCHYFW	57
LPSHG1889-22	GCHYFW	46
LPSHG1890-22	GCHYFW	44
LPSHG1891-22	GCHYFW	51
LPSHG909-22	GZT2TR	57
LPSHG910-22	GZT2TR	78
LPSHG911-22	GZT2TR	92
LPSHG912-22	GZT2TR	63
LPSHG913-22	GZT2TR	42
LPSHG914-22	GZT2TR	47
LPSHG915-22	GZT2TR	78
LPSHG916-22	GZT2TR	93
LPSHG917-22	GZT2TR	70
LPSHG918-22	GZT2TR	71
LPSHG919-22	GZT2TR	55
LPSHG920-22	GZT2TR	83
LPSHG921-22	GZT2TR	92
LPSHG922-22	GZT2TR	111
LPSHG923-22	GZT2TR	63
LPSHG924-22	GZT2TR	66
LPSHG925-22	GZT2TR	62
LPSHG926-22	GZT2TR	75
LPSHG927-22	GZT2TR	73
LPSHG928-22	GZT2TR	22
LPSHG929-22	GZT2TR	37
LPSHG930-22	GZT2TR	69
LPSHG931-22	GZT2TR	45
LPSHG932-22	GZT2TR	62
LPSHG933-22	GZT2TR	59
LPSHG934-22	GZT2TR	69
LPSHG935-22	GZT2TR	63
LPSHG936-22	GZT2TR	73
LPSHG937-22	GZT2TR	61
LPSHG938-22	GZT2TR	63
LPSHG940-22	GZT2TR	63
LPSHG941-22	GZT2TR	73
LPSHG942-22	GZT2TR	79
LPSHG943-22	GZT2TR	78
LPSHG944-22	GZT2TR	87
LPSHG945-22	GZT2TR	17
LPSHG947-22	GZT2TR	53
LPSHG948-22	GZT2TR	49
LPSHG949-22	GZT2TR	40
LPSHG950-22	GCHYFW	47
LPSHG951-22	GCHYFW	88
LPSHG952-22	GCHYFW	57
LPSHG953-22	GCHYFW	50
LPSHG954-22	GCHYFW	58
LPSHG955-22	GCHYFW	60
LPSHG956-22	GCHYFW	61
LPSHG957-22	GCHYFW	66
LPSHG958-22	GCHYFW	52
LPSHG959-22	GCHYFW	85
LPSHG960-22	GCHYFW	90
LPSHG961-22	GCHYFW	52
LPSHG962-22	GCHYFW	72
LPSHG963-22	GCHYFW	66
LPSHG964-22	GCHYFW	71
LPSHG965-22	GCHYFW	74
LPSHG966-22	GCHYFW	73
LPSHG967-22	GCHYFW	58
LPSHG968-22	GCHYFW	73
LPSHG969-22	GCHYFW	87
LPSHG971-22	GCHYFW	58
LPSHG972-22	GCHYFW	68
LPSHG973-22	GCHYFW	60
LPSHG974-22	GCHYFW	55
LPSHG975-22	GCHYFW	53
LPSHG976-22	GCHYFW	62
LPSHG977-22	GCHYFW	47
LPSHG978-22	GCHYFW	61
LPSHG979-22	GCHYFW	67
LPSHG980-22	GCHYFW	48
LPSHG981-22	GCHYFW	88
LPSHG982-22	GCHYFW	63
LPSHG983-22	GCHYFW	70
LPSHG984-22	GCHYFW	46
LPSHG985-22	GCHYFW	59
LPSHG986-22	GCHYFW	40
LPSHG987-22	GCHYFW	42
LPSHG988-22	GCHYFW	50
LPSHG989-22	GCHYFW	62
LPSHG990-22	GCHYFW	64
LPSHG991-22	GCHYFW	57
LPSHG992-22	GCHYFW	88
LPSHG993-22	GCHYFW	51
LPSHG994-22	GCHYFW	60
LPSHG995-22	GCHYFW	58
LPSHG996-22	GCHYFW	54
LPSHG997-22	GCHYFW	45
LPSHG998-22	GCHYFW	42
LPSHG999-22	GCHYFW	47
LPUAA1176-22	GC1X7F	66
LPUAA1177-22	GC1X7F	69
LPUAA1178-22	GC1X7F	64
LPUAA1179-22	GC1X7F	31
LPUAA1180-22	GC1X7F	48
LPUAA1181-22	GC1X7F	47
LPUAA1182-22	GC1X7F	45
LPUAA1183-22	GC1X7F	38
LPUAA1184-22	GC1X7F	3
LPUAA1185-22	GC1X7F	40
LPUAA1186-22	GC1X7F	46
LPUAA1187-22	GC1X7F	87
LPUAA1188-22	GC1X7F	59
LPUAA1189-22	GC1X7F	39
LPUAA1190-22	GC1X7F	21
LPUAA1191-22	GC1X7F	22
LPUAA1192-22	GC1X7F	47
LPUAA1194-22	GC1X7F	38
LPUAA1195-22	GC1X7F	7
LPUAA1196-22	GC1X7F	26
LPUAA1197-22	GC1X7F	48
LPUAA1198-22	GC1X7F	44
LPUAA1200-22	GC1X7F	57
LPUAA1201-22	GC1X7F	26
LPUAA1202-22	GC1X7F	44
LPUAA1203-22	GC1X7F	47
LPUAA1204-22	GC1X7F	42
LPUAA1205-22	GC1X7F	46
LPUAA1206-22	GC1X7F	38
LPUAA1207-22	GC1X7F	43
LPUAA1208-22	GC1X7F	23
LPUAA1209-22	GC1X7F	30
LPUAA1210-22	GC1X7F	58
LPUAA1211-22	GC1X7F	35
LPUAA1212-22	GC1X7F	41
LPUAA1213-22	GC1X7F	39
LPUAA1214-22	GC1X7F	2
LPUAA1215-22	GC1X7F	25
LPUAA1216-22	GC1X7F	50
LPUAA1217-22	GC1X7F	23
LPUAA1218-22	GC1X7F	16
LPUAA1219-22	GC1X7F	36
LPUAA1220-22	GC1X7F	64
LPUAA1221-22	GC1X7F	31
LPUAA1222-22	GC1X7F	35
LPUAA1223-22	GC1X7F	22
LPUAA1224-22	GC1X7F	56
LPUAA1225-22	GC1X7F	39
LPUAA1226-22	GC1X7F	28
LPUAA1227-22	GC1X7F	44
LPUAA1228-22	GC1X7F	42
LPUAA1229-22	GC1X7F	43
LPUAA1230-22	GC1X7F	50
LPUAA1231-22	GC1X7F	39
LPUAA1232-22	GC1X7F	40
LPUAA1233-22	GC1X7F	51
LPUAA1234-22	GC1X7F	57
LPUAA1235-22	GC1X7F	61
LPUAA1236-22	GC1X7F	20
LPUAA1237-22	GC1X7F	45
LPUAA1238-22	GC1X7F	43
LPUAA1239-22	GC1X7F	33
LPUAA1240-22	GC1X7F	22
LPUAA1241-22	GC1X7F	52
LPUAA1242-22	GC1X7F	43
LPUAA1243-22	GC1X7F	40
LPUAA1244-22	GC1X7F	65
LPUAA1245-22	GC1X7F	24
LPUAA1246-22	GC1X7F	43
LPUAA1247-22	GC1X7F	50
LPUAA1248-22	GC1X7F	45
LPUAA1249-22	GC1X7F	36
LPUAA1250-22	GC1X7F	50
LPUAA1251-22	GC1X7F	54
LPUAA1252-22	GC1X7F	37
LPUAA1253-22	GC1X7F	37
LPUAA1254-22	GC1X7F	5
LPUAA1255-22	GC1X7F	5
LPUAA1256-22	GC1X7F	58
LPUAA1257-22	GC1X7F	45
LPUAA1258-22	GC1X7F	52
LPUAA1259-22	GC1X7F	65
LPUAA1260-22	GC1X7F	60
LPUAA1261-22	GC1X7F	14
LPUAA1262-22	GC1X7F	54
LPUAA1263-22	GC1X7F	47
LPUAA1264-22	GC1X7F	44
LPUAA1265-22	GC1X7F	49
LPUAA1266-22	GC1X7F	55
LPUAA1267-22	GC1X7F	53
LPUAA1268-22	GC1X7F	52
LPUAA1269-22	GC1X7F	51
LPUAA1270-22	GC1X7F	77
LPUAA1271-22	GC1X7F	40
LPUAA1272-22	GC1X7F	42
LPUAA1273-22	GC1X7F	50
LPUAA1274-22	GC1X7F	9
LPUAA1275-22	GC1X7F	30
LPUAA1276-22	GC1X7F	49
LPUAA1277-22	GC1X7F	27
LPUAA1278-22	GC1X7F	16
LPUAA1279-22	GC1X7F	30
LPUAA1280-22	GC1X7F	27
LPUAA1281-22	GC1X7F	41
LPUAA1282-22	GC1X7F	50
LPUAA1283-22	GC1X7F	39
LPUAA1284-22	GC1X7F	56
LPUAA1285-22	GC1X7F	38
LPUAA1286-22	GC1X7F	68
LPUAA1287-22	GC1X7F	63
LPUAA1288-22	GC1X7F	54
LPUAA1289-22	GC1X7F	46
LPUAA1290-22	GC1X7F	48
LPUAA1291-22	GC1X7F	14
LPUAA1292-22	GC1X7F	9
LPUAA1293-22	GC1X7F	34
LPUAA1294-22	GC1X7F	45
LPUAA1295-22	GC1X7F	62
LPUAA1296-22	GC1X7F	49
LPUAA1297-22	GC1X7F	48
LPUAA1298-22	GC1X7F	43
LPUAA1299-22	GC1X7F	29
LPUAA1300-22	GC1X7F	49
LPUAA1301-22	GC1X7F	39
LPUAA1302-22	GC1X7F	34
LPUAA1303-22	GC1X7F	42
LPUAA1304-22	GC1X7F	37
LPUAA1305-22	GC1X7F	43
LPUAA1306-22	GC1X7F	39
LPUAA1307-22	GC1X7F	45
LPUAA1308-22	GC1X7F	25
LPUAA1309-22	GC1X7F	38
LPUAA1310-22	GC1X7F	30
LPUAA1311-22	GC1X7F	37
LPUAA1312-22	GC1X7F	60
LPUAA1313-22	GC1X7F	30
LPUAA1314-22	GC1X7F	33
LPUAA1315-22	GC1X7F	43
LPUAA1316-22	GC1X7F	42
LPUAA1317-22	GC1X7F	52
LPUAA1318-22	GC1X7F	40
LPUAA1319-22	GC1X7F	48
LPUAA1320-22	GC1X7F	38
LPUAA1321-22	GC1X7F	59
LPUAA1322-22	GC1X7F	57
LPUAA1323-22	GC1X7F	32
LPUAA1324-22	GC1X7F	52
LPUAA1325-22	GC1X7F	52
LPUAA1326-22	GC1X7F	60
LPUAA1327-22	GC1X7F	41
LPUAA1328-22	GC1X7F	57
LPUAA1329-22	GC1X7F	49
LPUAA1330-22	GC1X7F	29
LPUAA1331-22	GC1X7F	47
LPUAA1332-22	GC1X7F	46
LPUAA1333-22	GC1X7F	49
LPUAA1334-22	GC1X7F	50
LPUAA1335-22	GC1X7F	52
LPUAA1336-22	GC1X7F	53
LPUAA1337-22	GC1X7F	28
LPUAA1338-22	GC1X7F	55
LPUAA1339-22	GC1X7F	40
LPUAA1340-22	GC1X7F	59
LPUAA1341-22	GC1X7F	45
LPUAA1342-22	GC1X7F	55
LPUAA1343-22	GC1X7F	57
LPUAA1344-22	GC1X7F	51
LPUAA1345-22	GC1X7F	36
LPUAA1346-22	GC1X7F	62
LPUAA1347-22	GC1X7F	54
LPUAA1348-22	GC1X7F	49
LPUAA1349-22	GC1X7F	59
LPUAA1350-22	GC1X7F	48
LPUAA1351-22	GC1X7F	44
LPUAA1352-22	GC1X7F	42
LPUAA1353-22	GC1X7F	53
LPUAA1354-22	GC1X7F	46
LPUAA1355-22	GC1X7F	49
LPUAA1356-22	GC1X7F	51
LPUAA1357-22	GC1X7F	58
LPUAA1358-22	GC1X7F	49
LPUAA1359-22	GC1X7F	5
LPUAA1360-22	GC1X7F	27
LPUAA1361-22	GC1X7F	43
LPUAA1362-22	GC1X7F	56
LPUAA1363-22	GC1X7F	61
LPUAA1364-22	GC1X7F	54
LPUAA1365-22	GC1X7F	60
LPUAA1366-22	GC1X7F	43
LPUAA1367-22	GC1X7F	33
LPUAA1368-22	GC1X7F	16
LPUAA1369-22	GC1X7F	38
LPUAA1370-22	GC1X7F	4
LPUAA1371-22	GC1X7F	32
LPUAA1372-22	GC1X7F	34
LPUAA1373-22	GC1X7F	6
LPUAA1375-22	GC1X7F	5
LPUAA1376-22	GC1X7F	44
LPUAA1377-22	GC1X7F	40
LPUAA1378-22	GC1X7F	74
LPUAA1380-22	GC1X7F	3
LPUAA1381-22	GC1X7F	29
LPUAA1382-22	GC1X7F	40
LPUAA1383-22	GC1X7F	22
LPUAA1384-22	GC1X7F	6
LPUAA1385-22	GC1X7F	35
LPUAA1386-22	GC1X7F	60
LPUAA1387-22	GC1X7F	41
LPUAA1388-22	GC1X7F	2
LPUAA1389-22	GC1X7F	39
LPUAA1390-22	GC1X7F	29
LPUAA1391-22	GC1X7F	44
LPUAA1392-22	GC1X7F	32
LPUAA1393-22	GC1X7F	19
LPUAA1394-22	GC1X7F	16
LPUAA1395-22	GC1X7F	34
LPUAA1397-22	GC1X7F	48
LPUAA1398-22	GC1X7F	21
LPUAA1399-22	GC1X7F	3
LPUAA1400-22	GC1X7F	35
LPUAA1401-22	GC1X7F	33
LPUAA1403-22	GC1X7F	44
LPUAA1404-22	GC1X7F	6
LPUAA1405-22	GC1X7F	48
LPUAA1407-22	GC1X7F	39
LPUAA1408-22	GC1X7F	38
LPUAA1409-22	GC1X7F	5
LPUAA1410-22	GC1X7F	29
LPUAA1411-22	GC1X7F	32
LPUAA1412-22	GC1X7F	44
LPUAA1413-22	GC1X7F	47
LPUAA1414-22	GC1X7F	27
LPUAA1415-22	GC1X7F	5
LPUAA1416-22	GC1X7F	5
LPUAA1417-22	GC1X7F	42
LPUAA1418-22	GC1X7F	9
LPUAA1419-22	GC1X7F	9
LPUAA1420-22	GC1X7F	52
LPUAA1421-22	GC1X7F	34
LPUAA1422-22	GC1X7F	52
LPUAA1423-22	GC1X7F	31
LPUAA1424-22	GC1X7F	35
LPUAA1425-22	GC1X7F	65
LPUAA1426-22	GC1X7F	60
LPUAA1427-22	GC1X7F	2
LPUAA1428-22	GC1X7F	49
LPUAA1429-22	GC1X7F	32
LPUAA1430-22	GC1X7F	27
LPUAA1431-22	GC1X7F	48
LPUAA1432-22	GC1X7F	52
LPUAA1433-22	GC1X7F	46
LPUAA1434-22	GC1X7F	46
LPUAA1435-22	GC1X7F	13
LPUAA1436-22	GC1X7F	38
LPUAA1437-22	GC1X7F	32
LPUAA1438-22	GC1X7F	14
LPUAA1440-22	GC1X7F	28
LPUAA1442-22	GC1X7F	7
LPUAA1443-22	GC1X7F	64
LPUAA1444-22	GC1X7F	40
LPUAA1445-22	GC1X7F	55
LPUAA1446-22	GC1X7F	52
LPUAA1447-22	GC1X7F	42
LPUAA1448-22	GC1X7F	47
LPUAA1449-22	GC1X7F	53
LPUAA1450-22	GC1X7F	51
LPUAA1451-22	GC1X7F	17
LPUAA1452-22	GC1X7F	10
LPUAA1453-22	GC1X7F	27
LPUAA1454-22	GC1X7F	44
LPUAA1455-22	GC1X7F	41
LPUAA1456-22	GC1X7F	52
LPUAA1457-22	GC1X7F	12
LPUAA1458-22	GC1X7F	23
LPUAA1459-22	GC1X7F	48
LPUAA1460-22	GC1X7F	42
LPUAA1461-22	GC1X7F	4
LPUAA1462-22	GC1X7F	28
LPUAA1463-22	GC1X7F	19
LPUAA1464-22	GC1X7F	6
LPUAA1465-22	GC1X7F	41
LPUAA1466-22	GC1X7F	37
LPUAA1467-22	GC1X7F	16
LPUAA1468-22	GC1X7F	46
LPUAA1469-22	GC1X7F	53
LPUAA1471-22	GC1X7F	33
LPUAA1472-22	GC1X7F	48
LPUAA1473-22	GC1X7F	54
LPUAA1474-22	GC1X7F	36
LPUAA1475-22	GC1X7F	12
LPUAA1476-22	GC1X7F	2
LPUAA1477-22	GC1X7F	4
LPUAA1478-22	GC1X7F	50
LPUAA1479-22	GC1X7F	39
LPUAA1480-22	GC1X7F	10
LPUAA1481-22	GC1X7F	39
LPUAA1482-22	GC1X7F	31
LPUAA1483-22	GC1X7F	32
LPUAA1484-22	GC1X7F	27
LPUAA1485-22	GC1X7F	46
LPUAA1486-22	GC1X7F	38
LPUAA1487-22	GC1X7F	3
LPUAA1488-22	GC1X7F	59
LPUAA1489-22	GC1X7F	62
LPUAA1490-22	GC1X7F	46
LPUAA1491-22	GC1X7F	12
LPUAA1492-22	GC1X7F	44
LPUAA1493-22	GC1X7F	39
LPUAA1494-22	GC1X7F	48
LPUAA1495-22	GC1X7F	6
LPUAA1496-22	GC1X7F	39
LPUAA1497-22	GC1X7F	31
LPUAA1498-22	GC1X7F	43
LPUAA1499-22	GC1X7F	22
LPUAA1500-22	GC1X7F	26
LPUAA1501-22	GC1X7F	6
LPUAA1502-22	GC1X7F	53
LPUAA1503-22	GC1X7F	43
LPUAA1504-22	GC1X7F	38
LPUAA1505-22	GC1X7F	47
LPUAA1506-22	GC1X7F	50
LPUAA1507-22	GC1X7F	53
LPUAA1508-22	GC1X7F	30
LPUAA1509-22	GC1X7F	36
LPUAA1510-22	GC1X7F	32
LPUAA1511-22	GC1X7F	30
LPUAA1512-22	GC1X7F	34
LPUAA1513-22	GC1X7F	15
LPUAA1514-22	GC1X7F	54
LPUAA1516-22	GC1X7F	41
LPUAA1518-22	GC1X7F	45
LPUAA1520-22	GC1X7F	59
LPUAA1521-22	GC1X7F	48
LPUAA1522-22	GC1X7F	25
LPUAA1523-22	GC1X7F	5
LPUAA1524-22	GC1X7F	43
LPUAA1525-22	GC1X7F	55
LPUAA1526-22	GC1X7F	38
LPUAA1527-22	GC1X7F	40
LPUAA1528-22	GC1X7F	8
LPUAA1529-22	GC1X7F	48
LPUAA1530-22	GC1X7F	27
LPUAA1531-22	GC1X7F	27
LPUAA1532-22	GC1X7F	60
LPUAA1533-22	GC1X7F	53
LPUAA1534-22	GC1X7F	49
LPUAA1535-22	GC1X7F	36
LPUAA1536-22	GC1X7F	33
LPUAA1537-22	GC1X7F	23
LPUAA1538-22	GC1X7F	64
LPUAA1539-22	GC1X7F	41
LPUAA1540-22	GC1X7F	27
LPUAA1541-22	GC1X7F	49
LPUAA1542-22	GC1X7F	8
LPUAA1543-22	GC1X7F	22
LPUAA1544-22	GC1X7F	66
LPUAA1545-22	GC1X7F	46
LPUAA1546-22	GC1X7F	12
LPUAA1547-22	GC1X7F	39
LPUAA1549-22	GC1X7F	31
LPUAA1550-22	GC1X7F	42
LPUAA1551-22	GC1X7F	48
LPUAA1552-22	GC1X7F	31
LPUAA1553-22	GC1X7F	5
LPUAA1554-22	GC1X7F	55
LPUAA1555-22	GC1X7F	74
LPUAA1556-22	GC1X7F	57
LPUAA1557-22	GC1X7F	63
LPUAA1558-22	GC1X7F	56
LPUAA1559-22	GC1X7F	46
LPUAA1560-22	GC1X7F	52
LPUAA1561-22	GC1X7F	42
LPUAA1562-22	GC1X7F	63
LPUAA1563-22	GC1X7F	36
LPUAA1564-22	GC1X7F	33
LPUAA1565-22	GC1X7F	62
LPUAA1566-22	GC1X7F	61
LPUAA1568-22	GC1X7F	53
LPUAA1569-22	GC1X7F	49
LPUAA1570-22	GC1X7F	3
LPUAA1571-22	GC1X7F	65
LPUAA1572-22	GC1X7F	48
LPUAA1573-22	GC1X7F	42
LPUAA1574-22	GC1X7F	78
LPUAA1575-22	GC1X7F	54
LPUAA1576-22	GC1X7F	38
LPUAA1577-22	GC1X7F	59
LPUAA1578-22	GC1X7F	48
LPUAA1579-22	GC1X7F	58
LPUAA1580-22	GC1X7F	72
LPUAA1581-22	GC1X7F	69
LPUAA1582-22	GC1X7F	9
LPUAA1583-22	GC1X7F	53
LPUAA1584-22	GC1X7F	66
LPUAA1585-22	GC1X7F	72
LPUAA1586-22	GC1X7F	44
LPUAA1587-22	GC1X7F	91
LPUAA1588-22	GC1X7F	50
LPUAA1589-22	GC1X7F	61
LPUAA1590-22	GC1X7F	65
LPUAA1591-22	GC1X7F	66
LPUAA1592-22	GC1X7F	50
LPUAA1593-22	GC1X7F	47
LPUAA1594-22	GC1X7F	61
LPUAA1595-22	GC1X7F	58
LPUAA1596-22	GC1X7F	43
LPUAA1597-22	GC1X7F	41
LPUAA1598-22	GC1X7F	61
LPUAA1599-22	GC1X7F	61
LPUAA1600-22	GC1X7F	44
LPUAA1601-22	GC1X7F	31
LPUAA1602-22	GC1X7F	51
LPUAA1603-22	GC1X7F	54
LPUAA1604-22	GC1X7F	52
LPUAA1605-22	GC1X7F	76
LPUAA1606-22	GC1X7F	54
LPUAA1607-22	GC1X7F	40
LPUAA1608-22	GC1X7F	44
LPUAA1609-22	GC1X7F	69
LPUAA1610-22	GC1X7F	57
LPUAA1611-22	GC1X7F	62
LPUAA1612-22	GC1X7F	33
LPUAA1613-22	GC1X7F	60
LPUAA1614-22	GC1X7F	70
LPUAA1615-22	GC1X7F	93
LPUAA1616-22	GC1X7F	37
LPUAA1617-22	GC1X7F	70
LPUAA1618-22	GC1X7F	58
LPUAA1619-22	GC1X7F	55
LPUAA1620-22	GC1X7F	37
LPUAA1621-22	GC1X7F	54
LPUAA1622-22	GC1X7F	60
LPUAA1623-22	GC1X7F	58
LPUAA1624-22	GC1X7F	54
LPUAA1625-22	GC1X7F	47
LPUAA1626-22	GC1X7F	55
LPUAA1627-22	GC1X7F	56
LPUAA1628-22	GC1X7F	74
LPUAA1629-22	GC1X7F	64
LPUAA1630-22	GC1X7F	44
LPUAA1631-22	GC1X7F	44
LPUAA1632-22	GC1X7F	42
LPUAA1633-22	GC1X7F	70
LPUAA1634-22	GC1X7F	63
LPUAA1635-22	GC1X7F	59
LPUAA1636-22	GC1X7F	70
LPUAA1637-22	GC1X7F	50
LPUAA1638-22	GC1X7F	70
LPUAA1639-22	GC1X7F	79
LPUAA1640-22	GC1X7F	78
LPUAA1641-22	GC1X7F	52
LPUAA1642-22	GC1X7F	60
LPUAA1643-22	GC1X7F	49
LPUAA1644-22	GC1X7F	68
LPUAA1645-22	GC1X7F	48
LPUAA1646-22	GC1X7F	66
LPUAA1647-22	GC1X7F	80
LPUAA1648-22	GC1X7F	63
LPUAA1649-22	GC1X7F	79
LPUAA1650-22	GC1X7F	60
LPUAA1651-22	GC1X7F	48
LPUAA1652-22	GC1X7F	55
LPUAA1653-22	GC1X7F	30
LPUAA1654-22	GC1X7F	56
LPUAA1655-22	GC1X7F	39
LPUAA1656-22	GC1X7F	51
LPUAA1657-22	GC1X7F	63
LPUAA1658-22	GC1X7F	37
LPUAA1659-22	GC1X7F	51
LPUAA1660-22	GC1X7F	56
LPUAA1661-22	GC1X7F	20
LPUAA1662-22	GC1X7F	74
LPUAA1663-22	GC1X7F	61
LPUAA1664-22	GC1X7F	60
LPUAA1665-22	GC1X7F	43
LPUAA1666-22	GC1X7F	72
LPUAA1667-22	GC1X7F	76
LPUAA1668-22	GC1X7F	67
LPUAA1669-22	GC1X7F	65
LPUAA1670-22	GC1X7F	77
LPUAA1671-22	GC1X7F	51
LPUAA1672-22	GC1X7F	67
LPUAA1673-22	GC1X7F	43
LPUAA1674-22	GC1X7F	56
LPUAA1675-22	GC1X7F	29
LPUAA1676-22	GC1X7F	66
LPUAA1677-22	GC1X7F	47
LPUAA1678-22	GC1X7F	49
LPUAA1679-22	GC1X7F	16
LPUAA1680-22	GC1X7F	43
LPUAA1681-22	GC1X7F	14
LPUAA1682-22	GC1X7F	46
LPUAA1683-22	GC1X7F	36
LPUAA1684-22	GC1X7F	49
LPUAA1685-22	GC1X7F	41
LPUAA1686-22	GC1X7F	61
LPUAA1687-22	GC1X7F	12
LPUAA1688-22	GC1X7F	60
LPUAA1689-22	GC1X7F	58
LPUAA1690-22	GC1X7F	55
LPUAA1691-22	GC1X7F	25
LPUAA1692-22	GC1X7F	14
LPUAA1693-22	GC1X7F	5
LPUAA1694-22	GC1X7F	35
LPUAA1695-22	GC1X7F	16
LPUAA1696-22	GC1X7F	53
LPUAA1697-22	GC1X7F	69
LPUAA1698-22	GC1X7F	60
LPUAA1699-22	GC1X7F	41
LPUAA1700-22	GC1X7F	33
LPUAA1701-22	GC1X7F	53
LPUAA1702-22	GC1X7F	56
LPUAA1703-22	GC1X7F	52
LPUAA1704-22	GC1X7F	62
LPUAA1705-22	GC1X7F	19
LPUAA1706-22	GC1X7F	69
LPUAA1707-22	GC1X7F	51
LPUAA1708-22	GC1X7F	37
LPUAA1709-22	GC1X7F	61
LPUAA1710-22	GC1X7F	62
LPUAA1711-22	GC1X7F	30
LPUAA1712-22	GC1X7F	50
LPUAA1713-22	GC1X7F	41
LPUAA1714-22	GC1X7F	46
LPUAA1716-22	GC1X7F	55
LPUAA1717-22	GC1X7F	63
LPUAA1718-22	GC1X7F	70
LPUAA1719-22	GC1X7F	32
LPUAA1720-22	GC1X7F	63
LPUAA1721-22	GC1X7F	62
LPUAA1722-22	GC1X7F	42
LPUAA1723-22	GC1X7F	39
LPUAA1724-22	GC1X7F	9
LPUAA1725-22	GC1X7F	14
LPUAA1726-22	GC1X7F	53
LPUAA1727-22	GC1X7F	3
LPUAA1728-22	GC1X7F	63
LPUAA1729-22	GC1X7F	77
LPUAA1730-22	GC1X7F	67
LPUAA1731-22	GC1X7F	30
LPUAA1732-22	GC1X7F	41
LPUAA1733-22	GC1X7F	87
LPUAA1734-22	GC1X7F	52
LPUAA1735-22	GC1X7F	35
LPUAA1736-22	GC1X7F	80
LPUAA1737-22	GC1X7F	58
LPUAA1738-22	GC1X7F	60
LPUAA1739-22	GC1X7F	42
LPUAA1740-22	GC1X7F	69
LPUAA1741-22	GC1X7F	80
LPUAA1742-22	GC1X7F	59
LPUAA1743-22	GC1X7F	53
LPUAA1744-22	GC1X7F	64
LPUAA1745-22	GC1X7F	54
LPUAA1746-22	GC1X7F	64
LPUAA1747-22	GC1X7F	39
LPUAA1748-22	GC1X7F	44
LPUAA1749-22	GC1X7F	69
LPUAA1750-22	GC1X7F	58
LPUAA1751-22	GC1X7F	52
LPUAA1752-22	GC1X7F	57
LPUAA1753-22	GC1X7F	35
LPUAA1754-22	GC1X7F	32
LPUAA1755-22	GC1X7F	71
LPUAA1756-22	GC1X7F	53
LPUAA1757-22	GC1X7F	96
LPUAA1758-22	GC1X7F	46
LPUAA1759-22	GC1X7F	57
LPUAA1760-22	GC1X7F	73
LPUAA1761-22	GC1X7F	68
LPUAA1762-22	GC1X7F	74
LPUAA1763-22	GC1X7F	69
LPUAA1764-22	GC1X7F	66
LPUAA1765-22	GC1X7F	42
LPUAA1766-22	GC1X7F	51
LPUAA1767-22	GC1X7F	50
LPUAA1768-22	GC1X7F	55
LPUAA1769-22	GC1X7F	64
LPUAA1770-22	GC1X7F	51
LPUAA1771-22	GC1X7F	38
LPUAA1772-22	GC1X7F	64
LPUAA1773-22	GC1X7F	72
LPUAA1774-22	GC1X7F	74
LPUAA1775-22	GC1X7F	65
LPUAA1776-22	GC1X7F	71
LPUAA1777-22	GC1X7F	60
LPUAA1778-22	GC1X7F	42
LPUAA1779-22	GC1X7F	69
LPUAA1780-22	GC1X7F	4
LPUAA1782-22	GC1X7F	56
LPUAA1783-22	GC1X7F	49
LPUAA1784-22	GC1X7F	70
LPUAA1785-22	GC1X7F	49
LPUAA1786-22	GC1X7F	78
LPUAA1787-22	GC1X7F	67
LPUAA1788-22	GC1X7F	55
LPUAA1789-22	GC1X7F	64
LPUAA1790-22	GC1X7F	39
LPUAA1791-22	GC1X7F	82
LPUAA1792-22	GC1X7F	63
LPUAA1793-22	GC1X7F	52
LPUAA1794-22	GC1X7F	92
LPUAA1795-22	GC1X7F	38
LPUAA1796-22	GC1X7F	49
LPUAA1797-22	GC1X7F	75
LPUAA1798-22	GC1X7F	56
LPUAA1799-22	GC1X7F	80
LPUAA1800-22	GC1X7F	60
LPUAA1801-22	GC1X7F	41
LPUAA1802-22	GC1X7F	37
LPUAA1803-22	GC1X7F	67
LPUAA1804-22	GC1X7F	45
LPUAA1805-22	GC1X7F	75
LPUAA1806-22	GC1X7F	59
LPUAA1807-22	GC1X7F	45
LPUAA1808-22	GC1X7F	62
LPUAA1809-22	GC1X7F	45
LPUAA1810-22	GC1X7F	39
LPUAA1811-22	GC1X7F	65
LPUAA1812-22	GC1X7F	58
LPUAA1813-22	GC1X7F	32
LPUAA1814-22	GC1X7F	64
LPUAA1815-22	GC1X7F	51
LPUAA1816-22	GC1X7F	44
LPUAA1817-22	GC1X7F	69
LPUAA1818-22	GC1X7F	49
LPUAA1819-22	GC1X7F	74
LPUAA1820-22	GC1X7F	49
LPUAA1821-22	GC1X7F	24
LPUAA1822-22	GC1X7F	71
LPUAA1823-22	GC1X7F	87
LPUAA1824-22	GC1X7F	72
LPUAA1825-22	GC1X7F	73
LPUAA1826-22	GC1X7F	22
LPUAA1827-22	GC1X7F	69
LPUAA1828-22	GC1X7F	67
LPUAA1829-22	GC1X7F	82
LPUAA1830-22	GC1X7F	98
LPUAA1831-22	GC1X7F	50
LPUAA1832-22	GC1X7F	76
LPUAA1833-22	GC1X7F	75
LPUAA1834-22	GC1X7F	4
LPUAA1835-22	GC1X7F	76
LPUAA1837-22	GC1X7F	76
LPUAA1838-22	GC1X7F	47
LPUAA1839-22	GC1X7F	65
LPUAA1840-22	GC1X7F	94
LPUAA1841-22	GC1X7F	8
LPUAA1842-22	GC1X7F	55
LPUAA1843-22	GC1X7F	30
LPUAA1844-22	GC1X7F	45
LPUAA1845-22	GC1X7F	3
LPUAA1846-22	GC1X7F	60
LPUAA1847-22	GC1X7F	35
LPUAA1848-22	GC1X7F	38
LPUAA1850-22	GC1X7F	7
LPUAA1851-22	GC1X7F	68
LPUAA1852-22	GC1X7F	14
LPUAA1853-22	GC1X7F	61
LPUAA1854-22	GC1X7F	37
LPUAA1855-22	GC1X7F	46
LPUAA1856-22	GC1X7F	6
LPUAA1857-22	GC1X7F	74
LPUAA1858-22	GC1X7F	49
LPUAA1859-22	GC1X7F	61
LPUAA1860-22	GC1X7F	4
LPUAA1861-22	GC1X7F	28
LPUAA1862-22	GC1X7F	58
LPUAA1863-22	GC1X7F	70
LPUAA1864-22	GC1X7F	76
LPUAA1865-22	GC1X7F	59
LPUAA1867-22	GC1X7F	3
LPUAA1868-22	GC1X7F	47
LPUAA1869-22	GC1X7F	20
LPUAA1870-22	GC1X7F	55
LPUAA1871-22	GC1X7F	56
LPUAA1872-22	GC1X7F	37
LPUAA1873-22	GC1X7F	30
LPUAA1874-22	GC1X7F	49
LPUAA1875-22	GC1X7F	34
LPUAA1876-22	GC1X7F	37
LPUAA1877-22	GC1X7F	55
LPUAA1878-22	GC1X7F	19
LPUAA1879-22	GC1X7F	26
LPUAA1880-22	GC1X7F	4
LPUAA1881-22	GC1X7F	44
LPUAA1882-22	GC1X7F	72
LPUAA1883-22	GC1X7F	46
LPUAA1884-22	GC1X7F	7
LPUAA1885-22	GC1X7F	76
LPUAA1886-22	GC1X7F	44
LPUAA1887-22	GC1X7F	70
LPUAA1888-22	GC1X7F	38
LPUAA1889-22	GC1X7F	60
LPUAA1890-22	GC1X7F	41
LPUAA1891-22	GC1X7F	65
LPUAA1892-22	GC1X7F	45
LPUAA1893-22	GC1X7F	4
LPUAA1894-22	GC1X7F	32
LPUAA1896-22	GC1X7F	15
LPUAA1897-22	GC1X7F	12
LPUAA1898-22	GC1X7F	50
LPUAA1899-22	GC1X7F	55
LPUAA1900-22	GC1X7F	46
LPUAA1901-22	GC1X7F	17
LPUAA1902-22	GC1X7F	44
LPUAA1903-22	GC1X7F	70
LPUAA1904-22	GC1X7F	4
LPUAA1905-22	GC1X7F	7
LPUAA1906-22	GC1X7F	43
LPUAA1907-22	GC1X7F	22
LPUAA1908-22	GC1X7F	54
LPUAA1909-22	GC1X7F	47
LPUAA1910-22	GC1X7F	59
LPUAA1912-22	GC1X7F	80
LPUAA1913-22	GC1X7F	58
LPUAA1914-22	GC1X7F	42
LPUAA1915-22	GC1X7F	51
LPUAA1916-22	GC1X7F	7
LPUAA1917-22	GC1X7F	56
LPUAA1918-22	GC1X7F	57
LPUAA1919-22	GC1X7F	52
LPUAA1920-22	GC1X7F	7
LPUAA1921-22	GC1X7F	29
LPUAA1922-22	GC1X7F	42
LPUAA1923-22	GC1X7F	26
LPUAA1924-22	GC1X7F	87
LPUAA1925-22	GC1X7F	59
LPUAA1926-22	GC1X7F	22
LPUAA1927-22	GC1X7F	10
LPUAA1928-22	GC1X7F	55
LPUAA1929-22	GC1X7F	34
LPUAA1930-22	GC1X7F	7
LPUAA1931-22	GC1X7F	37
LPUAA1932-22	GC1X7F	18
LPUAA1933-22	GC1X7F	68
LPUAA1934-22	GC1X7F	76
LPUAA1935-22	GC1X7F	68
LPUAA1936-22	GC1X7F	59
LPUAA1937-22	GC1X7F	43
LPUAA1938-22	GC1X7F	44
LPUAA1939-22	GC1X7F	49
LPUAA1940-22	GC1X7F	52
LPUAA1941-22	GC1X7F	54
LPUAA1942-22	GC1X7F	43
LPUAA1943-22	GC1X7F	53
LPUAA1944-22	GC1X7F	15
LPUAA1945-22	GC1X7F	34
LPUAA1946-22	GC1X7F	42
LPUAA1947-22	GC1X7F	77
LPUAA1948-22	GC1X7F	28
LPUAA1949-22	GC1X7F	64
LPUAA1950-22	GC1X7F	27
LPUAA1951-22	GC1X7F	39
LPUAA1952-22	GC1X7F	48
LPUAA1953-22	GC1X7F	38
LPUAA1954-22	GC1X7F	37
LPUAA1955-22	GC1X7F	56
LPUAA1956-22	GC1X7F	44
LPUAA1958-22	GC1X7F	5
LPUAA1959-22	GC1X7F	64
LPUAA1960-22	GC1X7F	50
LPUAA1961-22	GC1X7F	48
LPUAA1962-22	GC1X7F	28
LPUAA1963-22	GC1X7F	31
LPUAA1964-22	GC1X7F	40
LPUAA1965-22	GC1X7F	52
LPUAA1966-22	GC1X7F	44
LPUAA1967-22	GC1X7F	41
LPUAA1968-22	GC1X7F	20
LPUAA1969-22	GC1X7F	39
LPUAA1970-22	GC1X7F	69
LPUAA1971-22	GC1X7F	63
LPUAA1972-22	GC1X7F	42
LPUAA1973-22	GC1X7F	50
LPUAA1974-22	GC1X7F	5
LPUAA1975-22	GC1X7F	10
LPUAA1976-22	GC1X7F	36
LPUAA1977-22	GC1X7F	33
LPUAA1978-22	GC1X7F	17
LPUAA1979-22	GC1X7F	36
LPUAA1980-22	GC1X7F	48
LPUAA1981-22	GC1X7F	8
LPUAA1982-22	GC1X7F	33
LPUAA1983-22	GC1X7F	36
LPUAA1984-22	GC1X7F	63
LPUAA1985-22	GC1X7F	52
LPUAA1986-22	GC1X7F	49
LPUAA1987-22	GC1X7F	34
LPUAA1988-22	GC1X7F	41
LPUAA1989-22	GC1X7F	53
LPUAA1990-22	GC1X7F	27
LPUAA1991-22	GC1X7F	38
LPUAA1992-22	GC1X7F	44
LPUAA1993-22	GC1X7F	68
LPUAA1994-22	GC1X7F	47
LPUAA1995-22	GC1X7F	47
LPUAA1996-22	GC1X7F	40
LPUAA1997-22	GC1X7F	20
LPUAA1999-22	GC1X7F	57
LPUAA2000-22	GC1X7F	58
LPUAA2001-22	GC1X7F	29
LPUAA2002-22	GC1X7F	44
LPUAA2003-22	GC1X7F	12
LPUAA2004-22	GC1X7F	64
LPUAA2005-22	GC1X7F	19
LPUAA2006-22	GC1X7F	27
LPUAA2007-22	GC1X7F	67
LPUAA2008-22	GC1X7F	29
LPUAA2009-22	GC1X7F	68
LPUAA2010-22	GC1X7F	71
LPUAA2011-22	GC1X7F	60
LPUAA2012-22	GC1X7F	36
LPUAA2013-22	GC1X7F	45
LPUAA2014-22	GC1X7F	50
LPUAA2015-22	GC1X7F	20
LPUAA2016-22	GC1X7F	14
LPUAA2017-22	GC1X7F	16
LPUAA2018-22	GC1X7F	35
LPUAA2019-22	GC1X7F	70
LPUAA2020-22	GC1X7F	56
LPUAA2021-22	GC1X7F	33
LPUAA2022-22	GC1X7F	41
LPUAA2023-22	GC1X7F	49
LPUAA2024-22	GC1X7F	47
LPUAA2025-22	GC1X7F	50
LPUAA2026-22	GC1X7F	33
LPUAA2027-22	GC1X7F	54
LPUAA2028-22	GC1X7F	43
LPUAA2029-22	GC1X7F	4
LPUAA2030-22	GC1X7F	42
LPUAA2031-22	GC1X7F	10
LPUAA2032-22	GC1X7F	49
LPUAA2033-22	GC1X7F	48
LPUAA2034-22	GC1X7F	56
LPUAA2035-22	GC1X7F	46
LPUAA2036-22	GC1X7F	64
LPUAA2037-22	GC1X7F	22
LPUAA2038-22	GC1X7F	36
LPUAA2039-22	GC1X7F	54
LPUAA2040-22	GC1X7F	48
LPUAA2041-22	GC1X7F	41
LPUAA2042-22	GC1X7F	19
LPUAA2043-22	GC1X7F	73
LPUAA2044-22	GC1X7F	36
LPUAA2045-22	GC1X7F	50
LPUAA2046-22	GC1X7F	46
LPUAA2047-22	GC1X7F	68
LPUAA2048-22	GC1X7F	41
LPUAA2049-22	GC1X7F	50
LPUAA2050-22	GC1X7F	51
LPUAA2051-22	GC1X7F	44
LPUAA2052-22	GC1X7F	26
LPUAA2053-22	GC1X7F	19
LPUAA2054-22	GC1X7F	23
LPUAA2055-22	GC1X7F	34
LPUAA2056-22	GC1X7F	27
LPUAA2057-22	GC1X7F	18
LPUAA2058-22	GC1X7F	34
LPUAA2059-22	GC1X7F	40
LPUAA2060-22	GC1X7F	24
LPUAA2061-22	GC1X7F	25
LPUAA2062-22	GC1X7F	3
LPUAA2063-22	GC1X7F	44
LPUAA2064-22	GC1X7F	39
LPUAA2065-22	GC1X7F	40
LPUAA2066-22	GC1X7F	55
LPUAA2067-22	GC1X7F	15
LPUAA2068-22	GC1X7F	41
LPUAA2069-22	GC1X7F	40
LPUAA2070-22	GC1X7F	28
LPUAA2071-22	GC1X7F	43
LPUAA2072-22	GC1X7F	42
LPUAA2073-22	GC1X7F	23
LPUAA2074-22	GC1X7F	23
LPUAA2075-22	GC1X7F	22
LPUAA2077-22	GC1X7F	48
LPUAA2078-22	GC1X7F	39
LPUAA2079-22	GC1X7F	29
LPUAA2080-22	GC1X7F	48
LPUAA2081-22	GC1X7F	22
LPUAA2082-22	GC1X7F	37
LPUAA2083-22	GC1X7F	39
LPUAA2084-22	GC1X7F	30
LPUAA2085-22	GC1X7F	40
LPUAA2086-22	GC1X7F	25
LPUAA2087-22	GC1X7F	32
LPUAA2088-22	GC1X7F	25
LPUAA2089-22	GC1X7F	21
LPUAA2090-22	GC1X7F	41
LPUAA2091-22	GC1X7F	38
LPUAA2092-22	GC1X7F	36
LPUAA2093-22	GC1X7F	2
LPUAA2094-22	GC1X7F	24
LPUAA2095-22	GC1X7F	9
LPUAA2097-22	GC1X7F	32
LPUAA2098-22	GC1X7F	5
LPUAA2099-22	GC1X7F	70
LPUAA2100-22	GC1X7F	7
LPUAA2102-22	GC1X7F	6
LPUAA2103-22	GC1X7F	35
LPUAA2104-22	GC1X7F	51
LPUAA2105-22	GC1X7F	4
LPUAA2106-22	GC1X7F	54
LPUAA2107-22	GC1X7F	47
LPUAA2108-22	GC1X7F	42
LPUAA2109-22	GC1X7F	50
LPUAA2110-22	GC1X7F	53
LPUAA2111-22	GC1X7F	59
LPUAA2112-22	GC1X7F	51
LPUAA2113-22	GC1X7F	44
LPUAA2114-22	GC1X7F	73
LPUAA2115-22	GC1X7F	71
LPUAA2116-22	GC1X7F	56
LPUAA2117-22	GC1X7F	61
LPUAA2118-22	GC1X7F	51
LPUAA2119-22	GC1X7F	36
LPUAA2120-22	GC1X7F	32
LPUAA2121-22	GC1X7F	69
LPUAA2122-22	GC1X7F	69
LPUAA2123-22	GC1X7F	65
LPUAA2124-22	GC1X7F	58
LPUAA2125-22	GC1X7F	61
LPUAA2126-22	GC1X7F	54
LPUAA2127-22	GC1X7F	52
LPUAA2128-22	GC1X7F	16
LPUAA2129-22	GC1X7F	3
LPUAA2130-22	GC1X7F	13
LPUAA2131-22	GC1X7F	33
LPUAA2132-22	GC1X7F	26
LPUAA2133-22	GC1X7F	35
LPUAA2134-22	GC1X7F	57
LPUAA2135-22	GC1X7F	65
LPUAA2136-22	GC1X7F	59
LPUAA2137-22	GC1X7F	61
LPUAA2138-22	GC1X7F	37
LPUAA2140-22	GC1X7F	36
LPUAA2141-22	GC1X7F	15
LPUAA2142-22	GC1X7F	3
LPUAA2143-22	GC1X7F	53
LPUAA2144-22	GC1X7F	50
LPUAA2145-22	GC1X7F	26
LPUAA2147-22	GC1X7F	29
LPUAA2148-22	GC1X7F	28
LPUAA2149-22	GC1X7F	56
LPUAA2150-22	GC1X7F	51
LPUAA2151-22	GC1X7F	17
LPUAA2152-22	GC1X7F	4
LPUAA2153-22	GC1X7F	29
LPUAA2154-22	GC1X7F	6
LPUAA2156-22	GC1X7F	2
LPUAA2157-22	GC1X7F	31
LPUAA2158-22	GC1X7F	2
LPUAA2159-22	GC1X7F	24
LPUAA2160-22	GC1X7F	19
LPUAA2161-22	GC1X7F	39
LPUAA2162-22	GC1X7F	37
LPUAA2163-22	GC1X7F	32
LPUAA2164-22	GC1X7F	30
LPUAA2165-22	GC1X7F	3
LPUAA2166-22	GC1X7F	32
LPUAA2167-22	GC1X7F	9
LPUAA2168-22	GC1X7F	4
LPUAA2169-22	GC1X7F	15
LPUAA2170-22	GC1X7F	32
LPUAA2171-22	GC1X7F	16
LPUAA2172-22	GC1X7F	23
LPUAA2173-22	GC1X7F	32
LPUAA2175-22	GC1X7F	16
LPUAA2176-22	GC1X7F	9
LPUAA2177-22	GC1X7F	40
LPUAA2178-22	GC1X7F	35
LPUAA2181-22	GC1X7F	23
LPUAA2182-22	GC1X7F	7
LPUAA2183-22	GC1X7F	36
LPUAA2184-22	GC1X7F	47
LPUAA2185-22	GC1X7F	47
LPUAA2186-22	GC1X7F	2
LPUAA2187-22	GC1X7F	33
LPUAA2188-22	GC1X7F	36
LPUAA2189-22	GC1X7F	21
LPUAA2190-22	GC1X7F	22
LPUAA2191-22	GC1X7F	31
LPUAA2192-22	GC1X7F	7
LPUAA2193-22	GC1X7F	40
LPUAA2194-22	GC1X7F	3
LPUAA2195-22	GC1X7F	29
LPUAA2196-22	GC1X7F	7
LPUAA2197-22	GC1X7F	28
LPUAA2198-22	GC1X7F	33
LPUAA2200-22	GC1X7F	20
LPUAA2201-22	GC1X7F	29
LPUAA2203-22	GC1X7F	4
LPUAA2204-22	GC1X7F	51
LPUAA2206-22	GC1X7F	12
LPUAA2207-22	GC1X7F	59
LPUAA2208-22	GC1X7F	51
LPUAA2209-22	GC1X7F	37
LPUAA2210-22	GC1X7F	22
LPUAA2211-22	GC1X7F	6
LPUAA2212-22	GC1X7F	37
LPUAA2213-22	GC1X7F	11
LPUAA2214-22	GC1X7F	40
LPUAA2215-22	GC1X7F	12
LPUAA2216-22	GC1X7F	50
LPUAA2217-22	GC1X7F	59
LPUAA2218-22	GC1X7F	56
LPUAA2220-22	GC1X7F	68
LPUAA2221-22	GC1X7F	42
LPUAA2222-22	GC1X7F	61
LPUAA2223-22	GC1X7F	62
LPUAA2224-22	GC1X7F	62
LPUAA2225-22	GC1X7F	44
LPUAA2226-22	GC1X7F	52
LPUAA2227-22	GC1X7F	54
LPUAA2228-22	GC1X7F	50
LPUAA2229-22	GC1X7F	43
LPUAA2230-22	GC1X7F	52
LPUAA2231-22	GC1X7F	60
LPUAA2232-22	GC1X7F	63
LPUAA2233-22	GC1X7F	36
LPUAA2234-22	GC1X7F	45
LPUAA2235-22	GC1X7F	52
LPUAA2236-22	GC1X7F	47
LPUAA2237-22	GC1X7F	39
LPUAA2238-22	GC1X7F	68
LPUAA2239-22	GC1X7F	42
LPUAA2240-22	GC1X7F	59
LPUAA2241-22	GC1X7F	29
LPUAA2242-22	GC1X7F	66
LPUAA2243-22	GC1X7F	41
LPUAA2244-22	GC1X7F	61
LPUAA2245-22	GC1X7F	32
LPUAA2246-22	GC1X7F	47
LPUAA2247-22	GC1X7F	58
LPUAA2248-22	GC1X7F	41
LPUAA2249-22	GC1X7F	54
LPUAA2250-22	GC1X7F	50
LPUAA2251-22	GC1X7F	60
LPUAA2252-22	GC1X7F	60
LPUAA2253-22	GC1X7F	27
LPUAA2254-22	GC1X7F	68
LPUAA2255-22	GC1X7F	77
LPUAA2256-22	GC1X7F	56
LPUAA2257-22	GC1X7F	49
LPUAA2258-22	GC1X7F	4
LPUAA2259-22	GC1X7F	5
LPUAA2260-22	GC1X7F	6
LPUAA2261-22	GC1X7F	53
LPUAA2262-22	GC1X7F	32
LPUAA2263-22	GC1X7F	48
LPUAA2264-22	GC1X7F	50
LPUAA2265-22	GC1X7F	42
LPUAA2266-22	GC1X7F	33
LPUAA2267-22	GC1X7F	32
LPUAA2268-22	GC1X7F	57
LPUAA2269-22	GC1X7F	57
LPUAA2270-22	GC1X7F	74
LPUAA2271-22	GC1X7F	58
LPUAA2272-22	GC1X7F	68
LPUAA2273-22	GC1X7F	52
LPUAA2274-22	GC1X7F	67
LPUAA2275-22	GC1X7F	6
LPUAA2276-22	GC1X7F	64
LPUAA2278-22	GC1X7F	62
LPUAA2279-22	GC1X7F	67
LPUAA2280-22	GC1X7F	51
LPUAA2281-22	GC1X7F	40
LPUAA2282-22	GC1X7F	66
LPUAA2283-22	GC1X7F	60
LPUAA2284-22	GC1X7F	37
LPUAA2285-22	GC1X7F	42
LPUAA2286-22	GC1X7F	50
LPUAA2287-22	GC1X7F	78
LPUAA2288-22	GC1X7F	69
LPUAA2289-22	GC1X7F	6
LPUAA2290-22	GC1X7F	41
LPUAA2291-22	GC1X7F	55
LPUAA2292-22	GC1X7F	48
LPUAA2293-22	GC1X7F	44
LPUAA2294-22	GC1X7F	64
LPUAA2295-22	GC1X7F	57
LPUAA2296-22	GC1X7F	54
LPUAA2297-22	GC1X7F	82
LPUAA2298-22	GC1X7F	60
LPUAA2299-22	GC1X7F	60
LPUAA2300-22	GC1X7F	42
LPUAA2301-22	GC1X7F	51
LPUAA2302-22	GC1X7F	5
LPUAA2303-22	GC1X7F	72
LPUAA2304-22	GC1X7F	12
LPUAA2305-22	GC1X7F	43
LPUAA2306-22	GC1X7F	4
LPUAA2307-22	GC1X7F	49
LPUAA2308-22	GC1X7F	10
LPUAA2309-22	GC1X7F	5
LPUAA2310-22	GC1X7F	55
LPUAA2311-22	GC1X7F	42
LPUAA2312-22	GC1X7F	56
LPUAA2313-22	GC1X7F	66
LPUAA2314-22	GC1X7F	49
LPUAA2315-22	GC1X7F	46
LPUAA2316-22	GC1X7F	47
LPUAA2317-22	GC1X7F	5
LPUAA2318-22	GC1X7F	10
LPUAA2319-22	GC1X7F	62
LPUAA2320-22	GC1X7F	37
LPUAA2321-22	GC1X7F	46
LPUAA2322-22	GC1X7F	45
LPUAA2323-22	GC1X7F	48
LPUAA2324-22	GC1X7F	4
LPUAA2325-22	GC1X7F	48
LPUAA2326-22	GC1X7F	55
LPUAA2327-22	GC1X7F	81
LPUAA2328-22	GC1X7F	28
LPUAA2329-22	GC1X7F	53
LPUAA2330-22	GC1X7F	43
LPUAA2331-22	GC1X7F	43
LPUAA2332-22	GC1X7F	52
LPUAA2333-22	GC1X7F	22
LPUAA2334-22	GC1X7F	37
LPUAA2335-22	GC1X7F	4
LPUAA2336-22	GC1X7F	46
LPUAA2337-22	GC1X7F	39
LPUAA2338-22	GC1X7F	56
LPUAA2341-22	GC1X7F	4
LPUAA2342-22	GC1X7F	27
LPUAA2343-22	GC1X7F	57
LPUAA2344-22	GC1X7F	39
LPUAA2345-22	GC1X7F	5
LPUAA2346-22	GC1X7F	2
LPUAA2347-22	GC1X7F	4
LPUAA2349-22	GC1X7F	48
LPUAA2350-22	GC1X7F	4
LPUAA2351-22	GC1X7F	49
LPUAA2353-22	GC1X7F	46
LPUAA2354-22	GC1X7F	22
LPUAA2355-22	GC1X7F	42
LPUAA2356-22	GC1X7F	4
LPUAA2357-22	GC1X7F	7
LPUAA2358-22	GC1X7F	43
LPUAA2359-22	GC1X7F	28
LPUAA2360-22	GC1X7F	39
LPUAA2361-22	GC1X7F	11
LPUAA2362-22	GC1X7F	12
LPUAA2363-22	GC1X7F	3
LPUAA2365-22	GC1X7F	44
LPUAA2366-22	GC1X7F	41
LPUAA2367-22	GC1X7F	3
LPUAA2368-22	GC1X7F	5
LPUAA2369-22	GC1X7F	7
LPUAA2370-22	GC1X7F	21
LPUAA2371-22	GC1X7F	48
LPUAA2372-22	GC1X7F	51
LPUAA2373-22	GC1X7F	65
LPUAA2375-22	GC1X7F	9
LPUAA2376-22	GC1X7F	4
LPUAA2377-22	GC1X7F	3
LPUAA2378-22	GC1X7F	47
LPUAA2379-22	GC1X7F	28
LPUAA2380-22	GC1X7F	2
LPUAA2381-22	GC1X7F	66
LPUAA2382-22	GC1X7F	58
LPUAA2383-22	GC1X7F	4
LPUAA2384-22	GC1X7F	39
LPUAA2385-22	GC1X7F	60
LPUAA2386-22	GC1X7F	50
LPUAA2387-22	GC1X7F	71
LPUAA2388-22	GC1X7F	62
LPUAA2389-22	GC1X7F	46
LPUAA2390-22	GC1X7F	53
LPUAA2391-22	GC1X7F	6
LPUAA2392-22	GC1X7F	33
LPUAA2393-22	GC1X7F	57
LPUAA2394-22	GC1X7F	58
LPUAA2395-22	GC1X7F	76
LPUAA2396-22	GC1X7F	59
LPUAA2397-22	GC1X7F	60
LPUAA2398-22	GC1X7F	56
LPUAA2399-22	GC1X7F	71
LPUAA2400-22	GC1X7F	66
LPUAA2401-22	GC1X7F	57
LPUAA2402-22	GC1X7F	64
LPUAA2403-22	GC1X7F	59
LPUAA2404-22	GC1X7F	2
LPUAA2405-22	GC1X7F	44
LPUAA2406-22	GC1X7F	68
LPUAA2407-22	GC1X7F	66
LPUAA2408-22	GC1X7F	58
LPUAA2409-22	GC1X7F	43
LPUAA2410-22	GC1X7F	57
LPUAA2411-22	GC1X7F	76
LPUAA2412-22	GC1X7F	47
LPUAA2413-22	GC1X7F	78
LPUAA2414-22	GC1X7F	54
LPUAA2415-22	GC1X7F	73
LPUAA2416-22	GC1X7F	39
LPUAA2417-22	GC1X7F	70
LPUAA2418-22	GC1X7F	79
LPUAA2419-22	GC1X7F	67
LPUAA2420-22	GC1X7F	66
LPUAA2421-22	GC1X7F	14
LPUAA2422-22	GC1X7F	66
LPUAA2423-22	GC1X7F	84
LPUAA2424-22	GC1X7F	102
LPUAA2425-22	GC1X7F	78
LPUAA2426-22	GC1X7F	81
LPUAA2427-22	GC1X7F	82
LPUAA2428-22	GC1X7F	60
LPUAA2429-22	GC1X7F	88
LPUAA2430-22	GC1X7F	76
LPUAA2431-22	GC1X7F	60
LPUAA2432-22	GC1X7F	67
LPUAA2433-22	GC1X7F	88
LPUAA2434-22	GC1X7F	43
LPUAA2436-22	GC1X7F	74
LPUAA2437-22	GC1X7F	69
LPUAA2438-22	GC1X7F	58
LPUAA2439-22	GC1X7F	4
LPUAA2440-22	GC1X7F	51
LPUAA2441-22	G8H3YU	82
LPUAA2442-22	G8H3YU	77
LPUAA2443-22	GC1X7F	94
LPUAA2444-22	GC1X7F	82
LPUAA2445-22	GC1X7F	77
LPUAA2446-22	GC1X7F	51
LPUAA2447-22	GC1X7F	61
LPUAA2448-22	GC1X7F	67
LPUAA2449-22	GC1X7F	69
LPUAA2450-22	GC1X7F	65
LPUAA2451-22	GC1X7F	78
LPUAA2452-22	GC1X7F	88
LPUAA2453-22	GC1X7F	16
LPUAA2454-22	GC1X7F	50
LPUAA2455-22	GC1X7F	59
LPUAA2456-22	GC1X7F	56
LPUAA2457-22	GC1X7F	76
LPUAA2458-22	GC1X7F	58
LPUAA2459-22	GC1X7F	57
LPUAA2460-22	GC1X7F	63
LPUAA2461-22	GC1X7F	68
LPUAA2462-22	GC1X7F	63
LPUAA2463-22	GC1X7F	72
LPUAA2464-22	GC1X7F	78
LPUAA2465-22	GC1X7F	66
LPUAA2466-22	GC1X7F	65
LPUAA2467-22	GC1X7F	24
LPUAA2468-22	GC1X7F	70
LPUAA2469-22	GC1X7F	62
LPUAA2470-22	GC1X7F	60
LPUAA2471-22	GC1X7F	49
LPUAA2472-22	GC1X7F	82
LPUAA2473-22	GC1X7F	69
LPUAA2474-22	GC1X7F	75
LPUAA2475-22	GC1X7F	52
LPUAA2476-22	GC1X7F	27
LPUAA2477-22	GC1X7F	12
LPUAA2478-22	GC1X7F	86
LPUAA2479-22	GC1X7F	83
LPUAA2480-22	GC1X7F	32
LPUAA2481-22	GC1X7F	67
LPUAA2482-22	GC1X7F	66
LPUAA2483-22	GC1X7F	62
LPUAA2484-22	GC1X7F	60
LPUAA2485-22	GC1X7F	73
LPUAA2487-22	GC1X7F	74
LPUAA2488-22	GC1X7F	77
LPUAA2489-22	GC1X7F	58
LPUAA2490-22	GC1X7F	64
LPUAA2491-22	GC1X7F	62
LPUAA2492-22	GC1X7F	77
LPUAA2493-22	GC1X7F	78
LPUAA2494-22	GC1X7F	91
LPUAA2495-22	GC1X7F	71
LPUAA2496-22	GC1X7F	8
LPUAA2497-22	GC1X7F	77
LPUAA2498-22	GC1X7F	45
LPUAA2499-22	GC1X7F	95
LPUAA2500-22	GC1X7F	63
LPUAA2501-22	GC1X7F	76
LPUAA2502-22	GC1X7F	95
LPUAA2503-22	GC1X7F	70
LPUAA2504-22	GC1X7F	77
LPUAA2505-22	GC1X7F	66
LPUAA2506-22	GC1X7F	59
LPUAA2507-22	GC1X7F	60
LPUAA2508-22	GC1X7F	48
LPUAA2509-22	GC1X7F	49
LPUAA2510-22	GC1X7F	49
LPUAA2511-22	GC1X7F	66
LPUAA2512-22	GC1X7F	100
LPUAA2513-22	GC1X7F	72
LPUAA2514-22	GC1X7F	70
LPUAA2515-22	GC1X7F	58
LPUAA2516-22	GC1X7F	77
LPUAA2517-22	GC1X7F	51
LPUAA2518-22	GC1X7F	36
LPUAA2519-22	GC1X7F	44
LPUAA2710-22	GGCNMZ	49
LPUAA2711-22	GGCNMZ	74
LPUAA2712-22	GGCNMZ	99
LPUAA2713-22	GGCNMZ	56
LPUAA2714-22	GGCNMZ	44
LPUAA2715-22	GGCNMZ	47
LPUAA2716-22	GGCNMZ	29
LPUAA2717-22	GGCNMZ	45
LPUAA2718-22	GGCNMZ	41
LPUAA2719-22	GGCNMZ	28
LPUAA2720-22	GGCNMZ	40
LPUAA2721-22	GGCNMZ	43
LPUAA2722-22	GGCNMZ	62
LPUAA2723-22	GGCNMZ	54
LPUAA2724-22	GGCNMZ	42
LPUAA2725-22	GGCNMZ	50
LPUAA2726-22	GGCNMZ	39
LPUAA2727-22	GGCNMZ	49
LPUAA2728-22	GGCNMZ	42
LPUAA2729-22	GGCNMZ	62
LPUAA2730-22	GGCNMZ	53
LPUAA2731-22	GGCNMZ	40
LPUAA2732-22	GGCNMZ	33
LPUAA2733-22	GGCNMZ	47
LPUAA2734-22	GGCNMZ	41
LPUAA2735-22	GGCNMZ	49
LPUAA2736-22	GGCNMZ	38
LPUAA2737-22	GGCNMZ	36
LPUAA2738-22	GGCNMZ	38
LPUAA2739-22	GGCNMZ	52
LPUAA2740-22	GGCNMZ	39
LPUAA2741-22	GGCNMZ	40
LPUAA2742-22	GGCNMZ	26
LPUAA2743-22	GGCNMZ	37
LPUAA2744-22	GGCNMZ	39
LPUAA2745-22	GGCNMZ	53
LPUAA2746-22	GGCNMZ	32
LPUAA2747-22	GGCNMZ	54
LPUAA2748-22	GGCNMZ	47
LPUAA2749-22	GGCNMZ	29
LPUAA2750-22	GGCNMZ	36
LPUAA2751-22	GGCNMZ	53
LPUAA2752-22	GGCNMZ	47
LPUAA2753-22	GGCNMZ	41
LPUAA2754-22	GGCNMZ	45
LPUAA2755-22	GGCNMZ	41
LPUAA2756-22	GGCNMZ	46
LPUAA2757-22	GGCNMZ	34
LPUAA2758-22	GGCNMZ	54
LPUAA2759-22	GGCNMZ	36
LPUAA2760-22	GGCNMZ	42
LPUAA2761-22	GGCNMZ	27
LPUAA2762-22	GGCNMZ	62
LPUAA2763-22	GGCNMZ	68
LPUAA2764-22	GGCNMZ	27
LPUAA2765-22	GGCNMZ	58
LPUAA2766-22	GGCNMZ	39
LPUAA2767-22	GGCNMZ	62
LPUAA2768-22	GGCNMZ	57
LPUAA2769-22	GGCNMZ	47
LPUAA2770-22	GGCNMZ	49
LPUAA2771-22	GGCNMZ	44
LPUAA2772-22	GGCNMZ	38
LPUAA2773-22	GGCNMZ	44
LPUAA2774-22	GGCNMZ	56
LPUAA2775-22	GGCNMZ	47
LPUAA2776-22	GGCNMZ	58
LPUAA2777-22	GGCNMZ	55
LPUAA2778-22	GGCNMZ	54
LPUAA2779-22	GGCNMZ	37
LPUAA2780-22	GGCNMZ	54
LPUAA2781-22	GGCNMZ	41
LPUAA2782-22	GGCNMZ	55
LPUAA2783-22	GGCNMZ	43
LPUAA2784-22	GGCNMZ	40
LPUAA2785-22	GGCNMZ	55
LPUAA2786-22	GGCNMZ	49
LPUAA2787-22	GGCNMZ	72
LPUAA2788-22	GGCNMZ	31
LPUAA2789-22	GGCNMZ	67
LPUAA2790-22	GGCNMZ	36
LPUAA2791-22	GGCNMZ	44
LPUAA2792-22	GGCNMZ	63
LPUAA2793-22	GGCNMZ	57
LPUAA2794-22	GGCNMZ	50
LPUAA2795-22	GGCNMZ	58
LPUAA2796-22	GGCNMZ	19
LPUAA2797-22	GGCNMZ	55
LPUAA2798-22	GGCNMZ	51
LPUAA2799-22	GGCNMZ	42
LPUAA2800-22	GGCNMZ	47
LPUAA2801-22	GGCNMZ	59
LPUAA2802-22	GGCNMZ	41
LPUAA2803-22	GGCNMZ	44
LPUAA2804-22	GGCNMZ	60
LPUAA2805-22	GGCNMZ	48
LPUAA2806-22	GGCNMZ	49
LPUAA2807-22	GGCNMZ	60
LPUAA2808-22	GGCNMZ	29
LPUAA2809-22	GGCNMZ	20
LPUAA2810-22	GGCNMZ	17
LPUAA2811-22	GGCNMZ	25
LPUAA2812-22	GGCNMZ	12
LPUAA2813-22	GGCNMZ	53
LPUAA2814-22	GGCNMZ	5
LPUAA2815-22	GGCNMZ	45
LPUAA2816-22	GGCNMZ	5
LPUAA2817-22	GGCNMZ	45
LPUAA2818-22	GGCNMZ	59
LPUAA2819-22	GGCNMZ	49
LPUAA2820-22	GGCNMZ	62
LPUAA2821-22	GGCNMZ	45
LPUAA2822-22	GGCNMZ	45
LPUAA2823-22	GGCNMZ	51
LPUAA2824-22	GGCNMZ	53
LPUAA2825-22	GGCNMZ	29
LPUAA2827-22	GGCNMZ	54
LPUAA2828-22	GGCNMZ	51
LPUAA2829-22	GGCNMZ	4
LPUAA2830-22	GGCNMZ	48
LPUAA2832-22	GGCNMZ	6
LPUAA2833-22	GGCNMZ	59
LPUAA2834-22	GGCNMZ	18
LPUAA2836-22	GGCNMZ	23
LPUAA2837-22	GGCNMZ	6
LPUAA2838-22	GGCNMZ	17
LPUAA2839-22	GGCNMZ	53
LPUAA2840-22	GGCNMZ	54
LPUAA2841-22	GGCNMZ	30
LPUAA2842-22	GGCNMZ	46
LPUAA2843-22	GGCNMZ	21
LPUAA2844-22	GGCNMZ	11
LPUAA2845-22	GGCNMZ	58
LPUAA2847-22	GGCNMZ	41
LPUAA2848-22	GGCNMZ	52
LPUAA2849-22	GGCNMZ	15
LPUAA2850-22	GGCNMZ	9
LPUAA2851-22	GGCNMZ	6
LPUAA2852-22	GGCNMZ	45
LPUAA2854-22	GGCNMZ	26
LPUAA2855-22	GGCNMZ	17
LPUAA2856-22	GGCNMZ	11
LPUAA2857-22	GGCNMZ	54
LPUAA2858-22	GGCNMZ	29
LPUAA2859-22	GGCNMZ	11
LPUAA2860-22	GGCNMZ	53
LPUAA2861-22	GGCNMZ	7
LPUAA2862-22	GGCNMZ	48
LPUAA2863-22	GGCNMZ	36
LPUAA2864-22	GGCNMZ	34
LPUAA2865-22	GGCNMZ	67
LPUAA2866-22	GGCNMZ	6
LPUAA2867-22	GGCNMZ	50
LPUAA2868-22	GGCNMZ	43
LPUAA2869-22	GGCNMZ	54
LPUAA2870-22	GGCNMZ	51
LPUAA2871-22	GGCNMZ	14
LPUAA2872-22	GGCNMZ	9
LPUAA2873-22	GGCNMZ	51
LPUAA2874-22	GGCNMZ	12
LPUAA2875-22	GGCNMZ	43
LPUAA2876-22	GGCNMZ	36
LPUAA2878-22	GGCNMZ	46
LPUAA2879-22	GGCNMZ	59
LPUAA2880-22	GGCNMZ	56
LPUAA2881-22	GGCNMZ	56
LPUAA2882-22	GGCNMZ	38
LPUAA2883-22	GGCNMZ	47
LPUAA2884-22	GGCNMZ	44
LPUAA2885-22	GGCNMZ	63
LPUAA2886-22	GGCNMZ	41
LPUAA2887-22	GGCNMZ	39
LPUAA2888-22	GGCNMZ	40
LPUAA2889-22	GGCNMZ	37
LPUAA2890-22	GGCNMZ	32
LPUAA2891-22	GGCNMZ	38
LPUAA2892-22	GGCNMZ	70
LPUAA2893-22	GGCNMZ	63
LPUAA2894-22	GGCNMZ	64
LPUAA2895-22	GGCNMZ	55
LPUAA2896-22	GGCNMZ	36
LPUAA2897-22	GGCNMZ	43
LPUAA2898-22	GGCNMZ	61
LPUAA2899-22	GGCNMZ	62
LPUAA2900-22	GGCNMZ	61
LPUAA2901-22	GGCNMZ	50
LPUAA2902-22	GGCNMZ	57
LPUAA2903-22	GGCNMZ	20
LPUAA2904-22	GGCNMZ	23
LPUAA2905-22	GGCNMZ	4
LPUAA2906-22	GGCNMZ	6
LPUAA2907-22	GGCNMZ	27
LPUAA2908-22	GGCNMZ	4
LPUAA2909-22	GGCNMZ	40
LPUAA2910-22	GGCNMZ	19
LPUAA2911-22	GGCNMZ	2
LPUAA2912-22	GGCNMZ	39
LPUAA2913-22	GGCNMZ	56
LPUAA2914-22	GGCNMZ	44
LPUAA2915-22	GGCNMZ	14
LPUAA2917-22	GGCNMZ	41
LPUAA2918-22	GGCNMZ	53
LPUAA2919-22	GGCNMZ	46
LPUAA2920-22	GGCNMZ	32
LPUAA2921-22	GGCNMZ	11
LPUAA2922-22	GGCNMZ	23
LPUAA2923-22	GGCNMZ	9
LPUAA2924-22	GGCNMZ	48
LPUAA2925-22	GGCNMZ	55
LPUAA2927-22	GGCNMZ	2
LPUAA2928-22	GGCNMZ	23
LPUAA2929-22	GGCNMZ	8
LPUAA2930-22	GGCNMZ	41
LPUAA2931-22	GGCNMZ	40
LPUAA2932-22	GGCNMZ	30
LPUAA2933-22	GGCNMZ	51
LPUAA2934-22	GGCNMZ	40
LPUAA2935-22	GGCNMZ	32
LPUAA2936-22	GGCNMZ	71
LPUAA2937-22	GGCNMZ	53
LPUAA2938-22	GGCNMZ	57
LPUAA2939-22	GGCNMZ	42
LPUAA2940-22	GGCNMZ	21
LPUAA2941-22	GGCNMZ	42
LPUAA2942-22	GGCNMZ	53
LPUAA2943-22	GGCNMZ	37
LPUAA2944-22	GGCNMZ	40
LPUAA2945-22	GGCNMZ	36
LPUAA2946-22	GGCNMZ	37
LPUAA2947-22	GGCNMZ	39
LPUAA2948-22	GGCNMZ	40
LPUAA2949-22	GGCNMZ	21
LPUAA2950-22	GGCNMZ	32
LPUAA2951-22	GGCNMZ	39
LPUAA2952-22	GGCNMZ	31
LPUAA2953-22	GGCNMZ	51
LPUAA2954-22	GGCNMZ	37
LPUAA2955-22	GGCNMZ	51
LPUAA2956-22	GGCNMZ	48
LPUAA2957-22	GGCNMZ	45
LPUAA2958-22	GGCNMZ	24
LPUAA2959-22	GGCNMZ	47
LPUAA2960-22	GGCNMZ	57
LPUAA2961-22	GGCNMZ	66
LPUAA2962-22	GGCNMZ	66
LPUAA2963-22	GGCNMZ	39
LPUAA2964-22	GGCNMZ	29
LPUAA2965-22	GGCNMZ	62
LPUAA2966-22	GGCNMZ	47
LPUAA2967-22	GGCNMZ	63
LPUAA2968-22	GGCNMZ	56
LPUAA2969-22	GGCNMZ	36
LPUAA2970-22	GGCNMZ	33
LPUAA2971-22	GGCNMZ	32
LPUAA2972-22	GGCNMZ	36
LPUAA2973-22	GGCNMZ	36
LPUAA2974-22	GGCNMZ	42
LPUAA2975-22	GGCNMZ	20
LPUAA2976-22	GGCNMZ	68
LPUAA2977-22	GGCNMZ	51
LPUAA2978-22	GGCNMZ	51
LPUAA2979-22	GGCNMZ	27
LPUAA2980-22	GGCNMZ	50
LPUAA2981-22	GGCNMZ	55
LPUAA2982-22	GGCNMZ	41
LPUAA2983-22	GGCNMZ	39
LPUAA2984-22	GGCNMZ	31
LPUAA2985-22	GGCNMZ	74
LPUAA2986-22	GGCNMZ	44
LPUAA2987-22	GGCNMZ	59
LPUAA2988-22	GGCNMZ	43
LPUAA2989-22	GGCNMZ	64
LPUAA2990-22	GGCNMZ	49
LPUAA2991-22	GGCNMZ	50
LPUAA2992-22	GGCNMZ	55
LPUAA2993-22	GGCNMZ	61
LPUAA2994-22	GGCNMZ	37
LPUAA2995-22	GGCNMZ	42
LPUAA2996-22	GGCNMZ	56
LPUAA2997-22	GGCNMZ	15
LPUAA2998-22	GGCNMZ	41
LPUAA2999-22	GGCNMZ	49
LPUAA3000-22	GGCNMZ	56
LPUAA3001-22	GGCNMZ	5
LPUAA3002-22	GGCNMZ	51
LPUAA3003-22	GGCNMZ	19
LPUAA3004-22	GGCNMZ	59
LPUAA3005-22	GGCNMZ	43
LPUAA3006-22	GGCNMZ	48
LPUAA3007-22	GGCNMZ	31
LPUAA3008-22	GGCNMZ	48
LPUAA3009-22	GGCNMZ	57
LPUAA3010-22	GGCNMZ	47
LPUAA3011-22	GGCNMZ	38
LPUAA3012-22	GGCNMZ	45
LPUAA3013-22	GGCNMZ	40
LPUAA3014-22	GGCNMZ	32
LPUAA3015-22	GGCNMZ	40
LPUAA3016-22	GGCNMZ	49
LPUAA3017-22	GGCNMZ	36
LPUAA3018-22	GGCNMZ	47
LPUAA3019-22	GGCNMZ	56
LPUAA3020-22	GGCNMZ	35
LPUAA3021-22	GGCNMZ	48
LPUAA3022-22	GGCNMZ	63
LPUAA3023-22	GGCNMZ	39
LPUAA3024-22	GGCNMZ	37
LPUAA3025-22	GGCNMZ	55
LPUAA3026-22	GGCNMZ	49
LPUAA3027-22	GGCNMZ	45
LPUAA3028-22	GGCNMZ	52
LPUAA3029-22	GGCNMZ	41
LPUAA3030-22	GGCNMZ	33
LPUAA3031-22	GGCNMZ	36
LPUAA3032-22	GGCNMZ	43
LPUAA3033-22	GGCNMZ	47
LPUAA3034-22	GGCNMZ	31
LPUAA3035-22	GGCNMZ	36
LPUAA3036-22	GGCNMZ	47
LPUAA3037-22	GGCNMZ	47
LPUAA3038-22	GGCNMZ	42
LPUAA3039-22	GGCNMZ	48
LPUAA3040-22	GGCNMZ	29
LPUAA3041-22	GGCNMZ	26
LPUAA3042-22	GGCNMZ	42
LPUAA3043-22	GGCNMZ	27
LPUAA3044-22	GGCNMZ	51
LPUAA3045-22	GGCNMZ	39
LPUAA3046-22	GGCNMZ	44
LPUAA3047-22	GGCNMZ	37
LPUAA3048-22	GGCNMZ	35
LPUAA3049-22	GGCNMZ	38
LPUAA3050-22	GGCNMZ	45
LPUAA3051-22	GGCNMZ	42
LPUAA3052-22	GGCNMZ	41
LPUAB108-22	GX8EZC	70
LPUAB109-22	GX8EZC	72
LPUAB110-22	GX8EZC	90
LPUAB111-22	GX8EZC	71
LPUAB112-22	GX8EZC	77
LPUAB113-22	GX8EZC	64
LPUAB114-22	GX8EZC	88
LPUAB115-22	GX8EZC	69
LPUAB116-22	GX8EZC	87
LPUAB117-22	GX8EZC	77
LPUAB118-22	GX8EZC	52
LPUAB119-22	GX8EZC	56
LPUAB120-22	GX8EZC	68
LPUAB121-22	GX8EZC	58
LPUAB122-22	GX8EZC	68
LPUAC1000-22	GRLLN6	64
LPUAC1001-22	GRLLN6	74
LPUAC1002-22	GRLLN6	61
LPUAC1003-22	GRLLN6	55
LPUAC1004-22	GRLLN6	17
LPUAC1005-22	GRLLN6	60
LPUAC1006-22	GRLLN6	45
LPUAC1007-22	GRLLN6	51
LPUAC1008-22	GRLLN6	55
LPUAC1009-22	GRLLN6	45
LPUAC1010-22	GRLLN6	18
LPUAC1011-22	GRLLN6	56
LPUAC1012-22	GRLLN6	12
LPUAC1013-22	GRLLN6	53
LPUAC1014-22	GRLLN6	40
LPUAC1015-22	GRLLN6	11
LPUAC1016-22	GRLLN6	66
LPUAC1017-22	GRLLN6	61
LPUAC1018-22	GRLLN6	15
LPUAC1019-22	GRLLN6	48
LPUAC1020-22	GRLLN6	75
LPUAC1021-22	GRLLN6	68
LPUAC1022-22	GRLLN6	36
LPUAC1023-22	GRLLN6	51
LPUAC1024-22	GRLLN6	35
LPUAC1025-22	GRLLN6	63
LPUAC1026-22	GRLLN6	60
LPUAC1027-22	GRLLN6	42
LPUAC1028-22	GRLLN6	50
LPUAC1029-22	GRLLN6	73
LPUAC1030-22	GRLLN6	49
LPUAC1031-22	GRLLN6	49
LPUAC1032-22	GRLLN6	18
LPUAC1033-22	GRLLN6	66
LPUAC1034-22	GRLLN6	57
LPUAC1035-22	GRLLN6	66
LPUAC1036-22	GRLLN6	52
LPUAC1037-22	GRLLN6	73
LPUAC1038-22	GRLLN6	70
LPUAC1040-22	GRLLN6	51
LPUAC1041-22	GRLLN6	92
LPUAC1042-22	GRLLN6	60
LPUAC1043-22	GRLLN6	70
LPUAC1044-22	GRLLN6	61
LPUAC1045-22	GRLLN6	75
LPUAC1046-22	GRLLN6	69
LPUAC1047-22	GRLLN6	13
LPUAC1048-22	GRLLN6	60
LPUAC1049-22	GRLLN6	73
LPUAC1050-22	GRLLN6	51
LPUAC1051-22	GRLLN6	4
LPUAC1052-22	GRLLN6	49
LPUAC1053-22	GRLLN6	57
LPUAC1054-22	GRLLN6	68
LPUAC1055-22	GRLLN6	58
LPUAC1056-22	GRLLN6	53
LPUAC1057-22	GRLLN6	31
LPUAC1058-22	GRLLN6	71
LPUAC1059-22	GRLLN6	7
LPUAC1060-22	GRLLN6	42
LPUAC1061-22	GRLLN6	14
LPUAC1062-22	GRLLN6	27
LPUAC1063-22	GRLLN6	55
LPUAC1064-22	GRLLN6	11
LPUAC1065-22	GRLLN6	15
LPUAC1066-22	GRLLN6	56
LPUAC1067-22	GRLLN6	6
LPUAC1068-22	GRLLN6	74
LPUAC1069-22	GRLLN6	8
LPUAC1070-22	GRLLN6	13
LPUAC1071-22	GRLLN6	60
LPUAC1072-22	GRLLN6	9
LPUAC1073-22	GRLLN6	6
LPUAC1074-22	GRLLN6	6
LPUAC1075-22	GRLLN6	6
LPUAC1076-22	GRLLN6	60
LPUAC1077-22	GRLLN6	42
LPUAC1078-22	GRLLN6	61
LPUAC1079-22	GRLLN6	99
LPUAC1080-22	GRLLN6	97
LPUAC1081-22	GRLLN6	75
LPUAC1082-22	GRLLN6	85
LPUAC1083-22	GRLLN6	60
LPUAC1084-22	GRLLN6	25
LPUAC1085-22	GRLLN6	74
LPUAC1086-22	GRLLN6	72
LPUAC1087-22	GRLLN6	80
LPUAC1088-22	GRLLN6	66
LPUAC1089-22	GRLLN6	58
LPUAC1090-22	GRLLN6	48
LPUAC1091-22	GRLLN6	55
LPUAC1092-22	GRLLN6	68
LPUAC1093-22	GRLLN6	67
LPUAC1094-22	GRLLN6	63
LPUAC1095-22	GRLLN6	74
LPUAC1096-22	GRLLN6	75
LPUAC1097-22	GRLLN6	78
LPUAC1098-22	GRLLN6	56
LPUAC1099-22	GRLLN6	60
LPUAC1100-22	GRLLN6	56
LPUAC1101-22	GRLLN6	54
LPUAC1102-22	GRLLN6	44
LPUAC1103-22	GRLLN6	58
LPUAC1104-22	GRLLN6	57
LPUAC1105-22	GRLLN6	44
LPUAC1106-22	GRLLN6	57
LPUAC1107-22	GRLLN6	32
LPUAC1108-22	GRLLN6	38
LPUAC1109-22	GRLLN6	77
LPUAC1110-22	GRLLN6	45
LPUAC1111-22	GRLLN6	55
LPUAC1112-22	GRLLN6	43
LPUAC1113-22	GRLLN6	64
LPUAC1114-22	GRLLN6	59
LPUAC1115-22	GRLLN6	12
LPUAC1116-22	GRLLN6	44
LPUAC1117-22	GRLLN6	39
LPUAC1118-22	GRLLN6	51
LPUAC1119-22	GRLLN6	56
LPUAC1120-22	GRLLN6	63
LPUAC1121-22	GRLLN6	69
LPUAC1122-22	GRLLN6	30
LPUAC1123-22	GRLLN6	54
LPUAC1124-22	GRLLN6	58
LPUAC1125-22	GRLLN6	51
LPUAC1126-22	GRLLN6	66
LPUAC1127-22	GRLLN6	50
LPUAC1128-22	GRLLN6	60
LPUAC1129-22	GRLLN6	55
LPUAC1130-22	GRLLN6	69
LPUAC1131-22	GRLLN6	62
LPUAC1132-22	GRLLN6	74
LPUAC1133-22	GRLLN6	44
LPUAC1134-22	GRLLN6	50
LPUAC1135-22	GRLLN6	44
LPUAC1137-22	GRLLN6	44
LPUAC1138-22	GRLLN6	55
LPUAC1139-22	GRLLN6	62
LPUAC1140-22	GRLLN6	47
LPUAC1141-22	GRLLN6	71
LPUAC1142-22	GRLLN6	65
LPUAC1143-22	GRLLN6	52
LPUAC1144-22	GRLLN6	73
LPUAC1145-22	GRLLN6	52
LPUAC1146-22	GRLLN6	43
LPUAC1147-22	GRLLN6	60
LPUAC1148-22	GRLLN6	71
LPUAC1149-22	GRLLN6	58
LPUAC1150-22	GRLLN6	51
LPUAC1152-22	GRLLN6	46
LPUAC1153-22	GRLLN6	70
LPUAC1154-22	GRLLN6	78
LPUAC1155-22	GRLLN6	66
LPUAC1156-22	GRLLN6	77
LPUAC1157-22	GRLLN6	79
LPUAC1158-22	GRLLN6	41
LPUAC1159-22	GRLLN6	50
LPUAC1160-22	GRLLN6	69
LPUAC1161-22	GRLLN6	47
LPUAC1162-22	GRLLN6	78
LPUAC1163-22	GRLLN6	39
LPUAC1164-22	GRLLN6	80
LPUAC1165-22	GRLLN6	81
LPUAC1166-22	GRLLN6	72
LPUAC1167-22	GRLLN6	66
LPUAC1168-22	GRLLN6	54
LPUAC1169-22	GRLLN6	90
LPUAC1170-22	GRLLN6	64
LPUAC1171-22	GRLLN6	63
LPUAC1172-22	GRLLN6	59
LPUAC1173-22	GRLLN6	65
LPUAC1174-22	GRLLN6	54
LPUAC1175-22	GRLLN6	70
LPUAC1176-22	GRLLN6	69
LPUAC1177-22	GRLLN6	51
LPUAC1178-22	GRLLN6	68
LPUAC1179-22	GRLLN6	67
LPUAC1180-22	GRLLN6	53
LPUAC1181-22	GRLLN6	73
LPUAC1182-22	GRLLN6	64
LPUAC1183-22	GRLLN6	50
LPUAC1184-22	GRLLN6	83
LPUAC1185-22	GRLLN6	34
LPUAC1186-22	GRLLN6	72
LPUAC1187-22	GRLLN6	59
LPUAC1188-22	GRLLN6	79
LPUAC1189-22	GRLLN6	72
LPUAC1190-22	GRLLN6	56
LPUAC1191-22	GRLLN6	62
LPUAC1192-22	GRLLN6	63
LPUAC1193-22	GRLLN6	89
LPUAC1194-22	GRLLN6	99
LPUAC1195-22	GRLLN6	82
LPUAC1196-22	GRLLN6	76
LPUAC1197-22	GRLLN6	80
LPUAC1198-22	GRLLN6	45
LPUAC1199-22	GRLLN6	50
LPUAC1200-22	GRLLN6	76
LPUAC1201-22	GRLLN6	60
LPUAC1202-22	GRLLN6	69
LPUAC1203-22	GRLLN6	61
LPUAC1204-22	GRLLN6	69
LPUAC1205-22	GRLLN6	32
LPUAC1206-22	GRLLN6	14
LPUAC1207-22	GRLLN6	51
LPUAC1208-22	GRLLN6	27
LPUAC1209-22	GRLLN6	62
LPUAC1210-22	GRLLN6	26
LPUAC1211-22	GRLLN6	33
LPUAC1212-22	GRLLN6	74
LPUAC1213-22	GRLLN6	37
LPUAC1214-22	GRLLN6	50
LPUAC1215-22	GRLLN6	50
LPUAC1216-22	GRLLN6	62
LPUAC1217-22	GRLLN6	38
LPUAC1218-22	GRLLN6	70
LPUAC1219-22	GRLLN6	56
LPUAC1220-22	GRLLN6	59
LPUAC1221-22	GRLLN6	57
LPUAC1222-22	GRLLN6	66
LPUAC1223-22	GRLLN6	48
LPUAC1224-22	GRLLN6	97
LPUAC1225-22	GRLLN6	31
LPUAC1226-22	GRLLN6	49
LPUAC1227-22	GRLLN6	63
LPUAC1228-22	GRLLN6	83
LPUAC1229-22	GRLLN6	45
LPUAC1230-22	GRLLN6	48
LPUAC1231-22	GRLLN6	42
LPUAC1232-22	GRLLN6	65
LPUAC1233-22	GRLLN6	34
LPUAC1234-22	GRLLN6	41
LPUAC1235-22	GRLLN6	44
LPUAC1236-22	GRLLN6	48
LPUAC1237-22	GRLLN6	54
LPUAC1238-22	GRLLN6	57
LPUAC1239-22	GRLLN6	62
LPUAC1240-22	GRLLN6	71
LPUAC1241-22	GRLLN6	85
LPUAC1242-22	GRLLN6	60
LPUAC1243-22	GRLLN6	30
LPUAC1244-22	GRLLN6	51
LPUAC1245-22	GRLLN6	59
LPUAC1246-22	GRLLN6	61
LPUAC1247-22	GRLLN6	68
LPUAC1248-22	GRLLN6	61
LPUAC1249-22	GRLLN6	27
LPUAC1250-22	GRLLN6	82
LPUAC1251-22	GRLLN6	55
LPUAC1252-22	GRLLN6	89
LPUAC1253-22	GRLLN6	68
LPUAC1254-22	GRLLN6	35
LPUAC1255-22	GRLLN6	64
LPUAC1256-22	GRLLN6	69
LPUAC1257-22	GRLLN6	44
LPUAC1258-22	GRLLN6	62
LPUAC1259-22	GRLLN6	61
LPUAC1260-22	GRLLN6	49
LPUAC1261-22	GRLLN6	37
LPUAC1262-22	GRLLN6	61
LPUAC1263-22	GRLLN6	45
LPUAC1264-22	GRLLN6	58
LPUAC1265-22	GRLLN6	75
LPUAC1266-22	GRLLN6	77
LPUAC1267-22	GRLLN6	66
LPUAC1268-22	GRLLN6	53
LPUAC1269-22	GRLLN6	49
LPUAC1270-22	GRLLN6	74
LPUAC1271-22	GRLLN6	63
LPUAC1272-22	GRLLN6	57
LPUAC1273-22	GRLLN6	62
LPUAC1274-22	GRLLN6	59
LPUAC1275-22	GRLLN6	68
LPUAC1276-22	GRLLN6	74
LPUAC1277-22	GRLLN6	73
LPUAC1278-22	GRLLN6	61
LPUAC1279-22	GRLLN6	74
LPUAC1280-22	GRLLN6	19
LPUAC1281-22	GRLLN6	83
LPUAC1282-22	GRLLN6	89
LPUAC1283-22	GRLLN6	61
LPUAC1284-22	GRLLN6	72
LPUAC1285-22	GRLLN6	62
LPUAC1286-22	GRLLN6	81
LPUAC1287-22	GRLLN6	66
LPUAC1288-22	GRLLN6	76
LPUAC1289-22	GRLLN6	52
LPUAC1290-22	GRLLN6	40
LPUAC1291-22	GRLLN6	61
LPUAC1292-22	GRLLN6	67
LPUAC1293-22	GRLLN6	39
LPUAC1294-22	GRLLN6	58
LPUAC1295-22	GRLLN6	51
LPUAC1296-22	GRLLN6	50
LPUAC1297-22	GRLLN6	55
LPUAC1298-22	GRLLN6	36
LPUAC1299-22	GRLLN6	49
LPUAC1300-22	GRLLN6	84
LPUAC1301-22	GRLLN6	53
LPUAC1302-22	GRLLN6	58
LPUAC1303-22	GRLLN6	45
LPUAC1304-22	GRLLN6	60
LPUAC1305-22	GRLLN6	63
LPUAC1306-22	GRLLN6	53
LPUAC1307-22	GRLLN6	76
LPUAC1308-22	GRLLN6	53
LPUAC1309-22	GRLLN6	51
LPUAC1310-22	GRLLN6	69
LPUAC1311-22	GRLLN6	81
LPUAC1312-22	GRLLN6	31
LPUAC1313-22	GRLLN6	49
LPUAC1314-22	GRLLN6	64
LPUAC1315-22	GRLLN6	44
LPUAC1316-22	GRLLN6	48
LPUAC1317-22	GRLLN6	41
LPUAC1318-22	GRLLN6	44
LPUAC1319-22	GRLLN6	45
LPUAC1320-22	GRLLN6	46
LPUAC1321-22	GRLLN6	51
LPUAC1322-22	GRLLN6	52
LPUAC1323-22	GRLLN6	66
LPUAC1324-22	GRLLN6	79
LPUAC1325-22	GRLLN6	55
LPUAC1326-22	GRLLN6	50
LPUAC1327-22	GRLLN6	64
LPUAC1328-22	GRLLN6	56
LPUAC1329-22	GRLLN6	87
LPUAC1330-22	GRLLN6	50
LPUAC1331-22	GRLLN6	43
LPUAC1332-22	GRLLN6	26
LPUAC1333-22	GRLLN6	37
LPUAC1334-22	GRLLN6	75
LPUAC1335-22	GRLLN6	79
LPUAC1336-22	GRLLN6	57
LPUAC1337-22	GRLLN6	54
LPUAC1338-22	GRLLN6	74
LPUAC1339-22	GRLLN6	72
LPUAC1340-22	GRLLN6	57
LPUAC1341-22	GRLLN6	48
LPUAC1342-22	GRLLN6	59
LPUAC1343-22	GRLLN6	67
LPUAC1344-22	GRLLN6	63
LPUAC1345-22	GRLLN6	69
LPUAC1346-22	GRLLN6	49
LPUAC1347-22	GRLLN6	53
LPUAC1348-22	GRLLN6	72
LPUAC1349-22	GRLLN6	48
LPUAC1350-22	GRLLN6	50
LPUAC1351-22	GRLLN6	47
LPUAC1352-22	GRLLN6	67
LPUAC1353-22	GRLLN6	56
LPUAC1354-22	GRLLN6	63
LPUAC1355-22	GRLLN6	54
LPUAC1356-22	GRLLN6	39
LPUAC1357-22	GRLLN6	37
LPUAC1358-22	GRLLN6	62
LPUAC1359-22	GRLLN6	62
LPUAC1360-22	GRLLN6	63
LPUAC1361-22	GRLLN6	52
LPUAC1362-22	GRLLN6	46
LPUAC1363-22	GRLLN6	56
LPUAC1364-22	GRLLN6	48
LPUAC1365-22	GRLLN6	51
LPUAC1366-22	GRLLN6	68
LPUAC1367-22	GRLLN6	64
LPUAC1368-22	GRLLN6	50
LPUAC1369-22	GRLLN6	67
LPUAC1370-22	GRLLN6	62
LPUAC1371-22	GRLLN6	106
LPUAC1372-22	GRLLN6	67
LPUAC1373-22	GRLLN6	81
LPUAC1374-22	GRLLN6	70
LPUAC1375-22	GRLLN6	61
LPUAC1376-22	GRLLN6	59
LPUAC1377-22	GRLLN6	105
LPUAC1378-22	GRLLN6	69
LPUAC1379-22	GRLLN6	58
LPUAC1380-22	GRLLN6	62
LPUAC1381-22	GRLLN6	88
LPUAC1382-22	GRLLN6	77
LPUAC1383-22	GRLLN6	54
LPUAC1384-22	GRLLN6	49
LPUAC1385-22	GRLLN6	52
LPUAC1386-22	GRLLN6	79
LPUAC1387-22	GRLLN6	38
LPUAC1388-22	GRLLN6	39
LPUAC1389-22	GRLLN6	39
LPUAC1390-22	GRLLN6	63
LPUAC1391-22	GRLLN6	37
LPUAC1392-22	GRLLN6	47
LPUAC1393-22	GRLLN6	43
LPUAC1394-22	GRLLN6	62
LPUAC1395-22	GRLLN6	86
LPUAC1396-22	GRLLN6	98
LPUAC1397-22	GRLLN6	48
LPUAC1398-22	GRLLN6	48
LPUAC1399-22	GRLLN6	68
LPUAC1400-22	GRLLN6	48
LPUAC1401-22	GRLLN6	61
LPUAC1402-22	GRLLN6	42
LPUAC1403-22	GRLLN6	58
LPUAC1404-22	GRLLN6	72
LPUAC1405-22	GRLLN6	49
LPUAC1406-22	GRLLN6	73
LPUAC1407-22	GRLLN6	49
LPUAC1408-22	GRLLN6	31
LPUAC1409-22	GRLLN6	38
LPUAC1410-22	GRLLN6	47
LPUAC1411-22	GRLLN6	48
LPUAC1412-22	GRLLN6	72
LPUAC1413-22	GRLLN6	48
LPUAC1414-22	GRLLN6	16
LPUAC1415-22	GRLLN6	36
LPUAC1416-22	GRLLN6	44
LPUAC1417-22	GRLLN6	44
LPUAC1418-22	GRLLN6	55
LPUAC1419-22	GRLLN6	52
LPUAC1420-22	GRLLN6	48
LPUAC1421-22	GRLLN6	56
LPUAC1422-22	GRLLN6	47
LPUAC1423-22	GRLLN6	46
LPUAC1424-22	GRLLN6	54
LPUAC1425-22	GRLLN6	59
LPUAC1426-22	GRLLN6	63
LPUAC1427-22	GRLLN6	55
LPUAC1428-22	GRLLN6	53
LPUAC1429-22	GRLLN6	89
LPUAC1430-22	GRLLN6	67
LPUAC1431-22	GRLLN6	47
LPUAC1432-22	GRLLN6	61
LPUAC1433-22	GRLLN6	56
LPUAC1434-22	GRLLN6	50
LPUAC1435-22	GRLLN6	44
LPUAC1436-22	GRLLN6	61
LPUAC1437-22	GRLLN6	45
LPUAC1438-22	GRLLN6	63
LPUAC1439-22	GRLLN6	45
LPUAC1440-22	GRLLN6	46
LPUAC1441-22	GRLLN6	45
LPUAC1442-22	GRLLN6	74
LPUAC1443-22	GRLLN6	59
LPUAC1444-22	GRLLN6	40
LPUAC1445-22	GRLLN6	43
LPUAC1446-22	GRLLN6	49
LPUAC1447-22	GRLLN6	56
LPUAC1448-22	GRLLN6	53
LPUAC1449-22	GRLLN6	57
LPUAC1450-22	GRLLN6	43
LPUAC1451-22	GRLLN6	54
LPUAC1452-22	GRLLN6	55
LPUAC1453-22	GRLLN6	59
LPUAC1454-22	GRLLN6	45
LPUAC1455-22	GRLLN6	30
LPUAC1456-22	GRLLN6	63
LPUAC1457-22	GRLLN6	54
LPUAC1458-22	GRLLN6	72
LPUAC1459-22	GRLLN6	72
LPUAC1460-22	GRLLN6	52
LPUAC1461-22	GRLLN6	58
LPUAC1462-22	GRLLN6	56
LPUAC1463-22	GRLLN6	83
LPUAC1464-22	GRLLN6	52
LPUAC1465-22	GRLLN6	74
LPUAC1466-22	GRLLN6	68
LPUAC1467-22	GRLLN6	66
LPUAC1468-22	GRLLN6	52
LPUAC1469-22	GRLLN6	19
LPUAC1470-22	GRLLN6	57
LPUAC1471-22	GRLLN6	62
LPUAC1472-22	GRLLN6	30
LPUAC1473-22	GRLLN6	60
LPUAC1474-22	GRLLN6	71
LPUAC1475-22	GRLLN6	62
LPUAC1476-22	GRLLN6	59
LPUAC1477-22	GRLLN6	79
LPUAC1478-22	GRLLN6	56
LPUAC1479-22	GRLLN6	56
LPUAC1480-22	GRLLN6	41
LPUAC1481-22	GRLLN6	90
LPUAC1482-22	GRLLN6	89
LPUAC1483-22	GRLLN6	71
LPUAC1484-22	GRLLN6	49
LPUAC1485-22	GRLLN6	62
LPUAC1486-22	GRLLN6	67
LPUAC1487-22	GRLLN6	50
LPUAC1488-22	GRLLN6	72
LPUAC1489-22	GRLLN6	78
LPUAC1490-22	GRLLN6	69
LPUAC1491-22	GRLLN6	87
LPUAC1492-22	GRLLN6	66
LPUAC1493-22	GRLLN6	42
LPUAC1494-22	GRLLN6	65
LPUAC1495-22	GRLLN6	28
LPUAC1496-22	GRLLN6	47
LPUAC1497-22	GRLLN6	50
LPUAC1498-22	GRLLN6	67
LPUAC1499-22	GRLLN6	47
LPUAC1500-22	GRLLN6	56
LPUAC1502-22	GRLLN6	66
LPUAC1503-22	GRLLN6	52
LPUAC1504-22	GRLLN6	60
LPUAC1505-22	GRLLN6	70
LPUAC1506-22	GRLLN6	57
LPUAC1507-22	GRLLN6	39
LPUAC1508-22	GRLLN6	63
LPUAC1509-22	GRLLN6	55
LPUAC1510-22	GRLLN6	56
LPUAC1511-22	GRLLN6	61
LPUAC1512-22	GRLLN6	77
LPUAC1513-22	GRLLN6	49
LPUAC1514-22	GRLLN6	56
LPUAC1515-22	GRLLN6	61
LPUAC1516-22	GRLLN6	64
LPUAC1517-22	GRLLN6	68
LPUAC1518-22	GRLLN6	62
LPUAC1519-22	GRLLN6	54
LPUAC1520-22	GRLLN6	35
LPUAC1521-22	GRLLN6	55
LPUAC1522-22	GRLLN6	68
LPUAC1523-22	GRLLN6	49
LPUAC1524-22	GRLLN6	77
LPUAC1525-22	GRLLN6	60
LPUAC1526-22	GRLLN6	38
LPUAC1527-22	GRLLN6	60
LPUAC1528-22	GRLLN6	60
LPUAC1529-22	GRLLN6	78
LPUAC1530-22	GRLLN6	73
LPUAC1531-22	GRLLN6	56
LPUAC1532-22	GRLLN6	54
LPUAC1533-22	GRLLN6	50
LPUAC1534-22	GRLLN6	66
LPUAC1535-22	GRLLN6	53
LPUAC1536-22	GRLLN6	88
LPUAC1537-22	GRLLN6	68
LPUAC1538-22	GRLLN6	31
LPUAC1539-22	GRLLN6	76
LPUAC1540-22	GRLLN6	53
LPUAC1541-22	GRLLN6	63
LPUAC1542-22	GRLLN6	62
LPUAC1543-22	GRLLN6	69
LPUAC1544-22	GRLLN6	37
LPUAC1545-22	GRLLN6	63
LPUAC1546-22	GRLLN6	62
LPUAC1547-22	GRLLN6	47
LPUAC1548-22	GRLLN6	48
LPUAC1549-22	GRLLN6	67
LPUAC1550-22	GRLLN6	51
LPUAC1551-22	GRLLN6	83
LPUAC1552-22	GRLLN6	82
LPUAC1553-22	GRLLN6	52
LPUAC1554-22	GRLLN6	65
LPUAC1555-22	GRLLN6	48
LPUAC1556-22	GRLLN6	71
LPUAC1557-22	GRLLN6	61
LPUAC1558-22	GRLLN6	57
LPUAC1559-22	GRLLN6	50
LPUAC1560-22	GRLLN6	73
LPUAC1561-22	GRLLN6	76
LPUAC1562-22	GRLLN6	76
LPUAC1563-22	GRLLN6	64
LPUAC1564-22	GRLLN6	69
LPUAC1565-22	GRLLN6	85
LPUAC1566-22	GRLLN6	57
LPUAC1567-22	GRLLN6	70
LPUAC1568-22	GRLLN6	60
LPUAC1569-22	GRLLN6	68
LPUAC1570-22	GRLLN6	78
LPUAC1571-22	GRLLN6	63
LPUAC1572-22	GRLLN6	78
LPUAC1573-22	GRLLN6	1
LPUAC1574-22	GRLLN6	63
LPUAC1575-22	GRLLN6	62
LPUAC1576-22	GRLLN6	56
LPUAC1577-22	GRLLN6	51
LPUAC1578-22	GRLLN6	54
LPUAC1579-22	GRLLN6	27
LPUAC1580-22	GRLLN6	41
LPUAC1581-22	GRLLN6	56
LPUAC1582-22	GRLLN6	55
LPUAC1583-22	GRLLN6	36
LPUAC1584-22	GRLLN6	70
LPUAC1585-22	GRLLN6	65
LPUAC1586-22	GRLLN6	53
LPUAC1587-22	GRLLN6	57
LPUAC1588-22	GRLLN6	40
LPUAC1589-22	GRLLN6	64
LPUAC1590-22	GRLLN6	53
LPUAC1591-22	GRLLN6	34
LPUAC1592-22	GRLLN6	21
LPUAC1593-22	GRLLN6	42
LPUAC1594-22	GRLLN6	49
LPUAC1595-22	GRLLN6	39
LPUAC1596-22	GRLLN6	54
LPUAC1597-22	GRLLN6	64
LPUAC1598-22	GRLLN6	55
LPUAC1599-22	GRLLN6	32
LPUAC1600-22	GRLLN6	69
LPUAC1601-22	GRLLN6	38
LPUAC1602-22	GRLLN6	60
LPUAC1603-22	GRLLN6	49
LPUAC1604-22	GRLLN6	73
LPUAC1605-22	GRLLN6	53
LPUAC1606-22	GRLLN6	55
LPUAC1607-22	GRLLN6	37
LPUAC1608-22	GRLLN6	48
LPUAC1609-22	GRLLN6	53
LPUAC1610-22	GRLLN6	41
LPUAC1611-22	GRLLN6	43
LPUAC1612-22	GRLLN6	48
LPUAC1613-22	GRLLN6	48
LPUAC1614-22	GRLLN6	34
LPUAC1615-22	GRLLN6	46
LPUAC1616-22	GRLLN6	38
LPUAC1617-22	GRLLN6	31
LPUAC1618-22	GRLLN6	41
LPUAC1619-22	GRLLN6	29
LPUAC1620-22	GRLLN6	57
LPUAC1621-22	GRLLN6	47
LPUAC1622-22	GRLLN6	67
LPUAC1623-22	GRLLN6	58
LPUAC1624-22	GRLLN6	57
LPUAC1625-22	GRLLN6	64
LPUAC1626-22	GRLLN6	53
LPUAC1627-22	GRLLN6	53
LPUAC1628-22	GRLLN6	70
LPUAC1629-22	GRLLN6	36
LPUAC1630-22	GRLLN6	53
LPUAC1631-22	GRLLN6	55
LPUAC1632-22	GRLLN6	62
LPUAC1633-22	GRLLN6	57
LPUAC1634-22	GRLLN6	55
LPUAC1635-22	GRLLN6	41
LPUAC1636-22	GRLLN6	44
LPUAC1637-22	GRLLN6	61
LPUAC1638-22	GRLLN6	51
LPUAC1639-22	GRLLN6	37
LPUAC1640-22	GRLLN6	53
LPUAC1641-22	GRLLN6	47
LPUAC1642-22	GRLLN6	34
LPUAC1643-22	GRLLN6	63
LPUAC1644-22	GRLLN6	54
LPUAC1645-22	GRLLN6	71
LPUAC1646-22	GRLLN6	76
LPUAC1647-22	GRLLN6	53
LPUAC1648-22	GRLLN6	67
LPUAC1649-22	GRLLN6	33
LPUAC1650-22	GRLLN6	63
LPUAC1651-22	GRLLN6	51
LPUAC1652-22	GRLLN6	61
LPUAC1653-22	GRLLN6	62
LPUAC1654-22	GRLLN6	43
LPUAC1655-22	GRLLN6	46
LPUAC1656-22	GRLLN6	64
LPUAC1657-22	GRLLN6	76
LPUAC1658-22	GRLLN6	60
LPUAC1659-22	GRLLN6	36
LPUAC1660-22	GRLLN6	55
LPUAC1661-22	GRLLN6	47
LPUAC1662-22	GRLLN6	56
LPUAC1663-22	GRLLN6	59
LPUAC1664-22	GRLLN6	87
LPUAC1665-22	GRLLN6	42
LPUAC1666-22	GRLLN6	46
LPUAC1667-22	GRLLN6	50
LPUAC1668-22	GRLLN6	60
LPUAC1669-22	GRLLN6	31
LPUAC1670-22	GRLLN6	52
LPUAC1671-22	GRLLN6	33
LPUAC1672-22	GRLLN6	52
LPUAC1673-22	GRLLN6	55
LPUAC1674-22	GRLLN6	33
LPUAC1675-22	GRLLN6	29
LPUAC1676-22	GRLLN6	28
LPUAC1677-22	GRLLN6	38
LPUAC1678-22	GRLLN6	47
LPUAC1679-22	GRLLN6	55
LPUAC1680-22	GRLLN6	69
LPUAC1681-22	GRLLN6	46
LPUAC1682-22	GRLLN6	50
LPUAC1683-22	GRLLN6	57
LPUAC1684-22	GRLLN6	52
LPUAC1685-22	GRLLN6	35
LPUAC1686-22	GRLLN6	49
LPUAC1687-22	GRLLN6	69
LPUAC1688-22	GRLLN6	41
LPUAC1689-22	GRLLN6	39
LPUAC1690-22	GRLLN6	50
LPUAC1691-22	GRLLN6	34
LPUAC1692-22	GRLLN6	62
LPUAC1693-22	GRLLN6	36
LPUAC1694-22	GRLLN6	45
LPUAC1695-22	GRLLN6	34
LPUAC1696-22	GRLLN6	62
LPUAC1697-22	GRLLN6	41
LPUAC1698-22	GRLLN6	37
LPUAC1699-22	GRLLN6	31
LPUAC1700-22	GRLLN6	28
LPUAC1701-22	GRLLN6	32
LPUAC1702-22	GRLLN6	44
LPUAC1703-22	GRLLN6	44
LPUAC1704-22	GRLLN6	34
LPUAC1705-22	GRLLN6	54
LPUAC1706-22	GRLLN6	40
LPUAC1707-22	GRLLN6	54
LPUAC1708-22	GRLLN6	47
LPUAC1709-22	GRLLN6	71
LPUAC1710-22	GRLLN6	54
LPUAC1711-22	GRLLN6	45
LPUAC1712-22	GRLLN6	43
LPUAC1713-22	GRLLN6	43
LPUAC1714-22	GRLLN6	37
LPUAC1715-22	GRLLN6	56
LPUAC1716-22	GRLLN6	44
LPUAC1717-22	GRLLN6	39
LPUAC1718-22	GRLLN6	61
LPUAC1719-22	GRLLN6	43
LPUAC1720-22	GRLLN6	44
LPUAC1721-22	GRLLN6	58
LPUAC1722-22	GRLLN6	70
LPUAC1723-22	GRLLN6	74
LPUAC1724-22	GRLLN6	51
LPUAC1725-22	GRLLN6	53
LPUAC1726-22	GRLLN6	42
LPUAC1727-22	GRLLN6	74
LPUAC1728-22	GRLLN6	46
LPUAC1729-22	GRLLN6	60
LPUAC1730-22	GRLLN6	49
LPUAC1731-22	GRLLN6	51
LPUAC1732-22	GRLLN6	48
LPUAC1733-22	GRLLN6	48
LPUAC1734-22	GRLLN6	39
LPUAC1735-22	GRLLN6	62
LPUAC1736-22	GRLLN6	57
LPUAC1737-22	GRLLN6	49
LPUAC1738-22	GRLLN6	33
LPUAC1739-22	GRLLN6	39
LPUAC1740-22	GRLLN6	66
LPUAC1741-22	GRLLN6	42
LPUAC1742-22	GRLLN6	66
LPUAC1743-22	GRLLN6	55
LPUAC1744-22	GRLLN6	46
LPUAC1745-22	GRLLN6	33
LPUAC1746-22	GRLLN6	49
LPUAC1747-22	GRLLN6	65
LPUAC1748-22	GRLLN6	46
LPUAC1749-22	GRLLN6	46
LPUAC1750-22	GRLLN6	51
LPUAC1751-22	GRLLN6	74
LPUAC1752-22	GRLLN6	44
LPUAC1753-22	GRLLN6	46
LPUAC1754-22	GRLLN6	51
LPUAC1755-22	GRLLN6	35
LPUAC1756-22	GRLLN6	59
LPUAC1757-22	GRLLN6	53
LPUAC1758-22	GRLLN6	46
LPUAC1759-22	GRLLN6	48
LPUAC1760-22	GRLLN6	56
LPUAC1761-22	GRLLN6	8
LPUAC1762-22	GRLLN6	48
LPUAC1763-22	GRLLN6	43
LPUAC900-22	GDP5BG	33
LPUAC901-22	GDP5BG	99
LPUAC902-22	GDP5BG	70
LPUAC903-22	GDP5BG	76
LPUAC904-22	GDP5BG	31
LPUAC905-22	GDP5BG	42
LPUAC906-22	GDP5BG	88
LPUAC907-22	GDP5BG	67
LPUAC908-22	GDP5BG	93
LPUAC909-22	GDP5BG	81
LPUAC910-22	GDP5BG	3
LPUAC911-22	GDP5BG	4
LPUAC912-22	GDP5BG	74
LPUAC913-22	GDP5BG	65
LPUAC914-22	GDP5BG	60
LPUAC915-22	GDP5BG	93
LPUAC916-22	GDP5BG	41
LPUAC917-22	GDP5BG	41
LPUAC918-22	GDP5BG	43
LPUAC919-22	GDP5BG	51
LPUAC920-22	GDP5BG	60
LPUAC921-22	GDP5BG	20
LPUAC922-22	GDP5BG	9
LPUAC923-22	GDP5BG	31
LPUAC924-22	GDP5BG	56
LPUAC925-22	GDP5BG	75
LPUAC926-22	GDP5BG	74
LPUAC927-22	GDP5BG	35
LPUAC928-22	GDP5BG	14
LPUAC929-22	GDP5BG	17
LPUAC930-22	GDP5BG	53
LPUAC931-22	GDP5BG	77
LPUAC932-22	GDP5BG	63
LPUAC933-22	GDP5BG	82
LPUAC934-22	GDP5BG	56
LPUAC935-22	GDP5BG	67
LPUAC936-22	GDP5BG	58
LPUAC937-22	GDP5BG	58
LPUAC938-22	GDP5BG	73
LPUAC939-22	GDP5BG	73
LPUAC940-22	GDP5BG	82
LPUAC941-22	GDP5BG	81
LPUAC942-22	GDP5BG	72
LPUAC943-22	GDP5BG	73
LPUAC944-22	GDP5BG	85
LPUAC945-22	GDP5BG	41
LPUAC946-22	GRLLN6	88
LPUAC947-22	GRLLN6	58
LPUAC948-22	GRLLN6	58
LPUAC949-22	GRLLN6	78
LPUAC950-22	GRLLN6	47
LPUAC951-22	GRLLN6	50
LPUAC952-22	GRLLN6	51
LPUAC953-22	GRLLN6	70
LPUAC954-22	GRLLN6	52
LPUAC955-22	GRLLN6	63
LPUAC956-22	GRLLN6	19
LPUAC957-22	GRLLN6	54
LPUAC958-22	GRLLN6	62
LPUAC959-22	GRLLN6	61
LPUAC960-22	GRLLN6	58
LPUAC961-22	GRLLN6	80
LPUAC962-22	GRLLN6	62
LPUAC963-22	GRLLN6	76
LPUAC964-22	GRLLN6	26
LPUAC965-22	GRLLN6	57
LPUAC966-22	GRLLN6	64
LPUAC967-22	GRLLN6	65
LPUAC968-22	GRLLN6	56
LPUAC969-22	GRLLN6	25
LPUAC970-22	GRLLN6	67
LPUAC971-22	GRLLN6	59
LPUAC972-22	GRLLN6	57
LPUAC973-22	GRLLN6	60
LPUAC974-22	GRLLN6	70
LPUAC975-22	GRLLN6	83
LPUAC976-22	GRLLN6	49
LPUAC977-22	GRLLN6	53
LPUAC978-22	GRLLN6	44
LPUAC979-22	GRLLN6	64
LPUAC980-22	GRLLN6	60
LPUAC981-22	GRLLN6	78
LPUAC982-22	GRLLN6	63
LPUAC983-22	GRLLN6	70
LPUAC984-22	GRLLN6	56
LPUAC985-22	GRLLN6	77
LPUAC986-22	GRLLN6	82
LPUAC987-22	GRLLN6	58
LPUAC988-22	GRLLN6	45
LPUAC989-22	GRLLN6	65
LPUAC990-22	GRLLN6	70
LPUAC991-22	GRLLN6	45
LPUAC992-22	GRLLN6	71
LPUAC993-22	GRLLN6	63
LPUAC994-22	GRLLN6	77
LPUAC995-22	GRLLN6	61
LPUAC996-22	GRLLN6	55
LPUAC997-22	GRLLN6	69
LPUAC998-22	GRLLN6	67
LPUAC999-22	GRLLN6	85
LPUAD3691-22	GLGSPA	87
LPUAD3692-22	GLGSPA	85
LPUAD3693-22	GLGSPA	85
LPUAD3694-22	GLGSPA	59
LPUAD3695-22	GLGSPA	67
LPUAD3696-22	GLGSPA	84
LPUAD3697-22	GLGSPA	83
LPUAD3698-22	GY8K8O	27
LPUAD3699-22	GY8K8O	88
LPUAD3700-22	GY8K8O	78
LPUAD3701-22	GY8K8O	51
LPUAD3702-22	GY8K8O	72
LPUAD3703-22	GY8K8O	71
LPUAD3704-22	GY8K8O	46
LPUAD3705-22	GY8K8O	50
LPUAD3706-22	GFLAAK	45
LPUAD3707-22	GFLAAK	51
LPUAD3708-22	GFLAAK	45
LPUAD3709-22	GFLAAK	91
LPUAD3710-22	GFLAAK	77
LPUAD3711-22	GFLAAK	15
LPUAD3712-22	GFLAAK	78
LPUAD3713-22	GFLAAK	54
LPUAD3714-22	GFLAAK	71
LPUAD3715-22	GFLAAK	59
LPUAD3716-22	GFLAAK	56
LPUAD3717-22	GFLAAK	64
LPUAD3718-22	GFLAAK	54
LPUAD3719-22	GFLAAK	42
LPUAD3720-22	GFLAAK	55
LPUAD3721-22	GFLAAK	72
LPUAD3722-22	GFLAAK	67
LPUAD3723-22	GFLAAK	61
LPUAD3724-22	GFLAAK	69
LPUAD3725-22	GFLAAK	69
LPUAD3726-22	GFLAAK	53
LPUAD3727-22	GFLAAK	48
LPUAD3728-22	GFLAAK	56
LPUAD3729-22	GFLAAK	68
LPUAD3730-22	GFLAAK	84
LPUAD3731-22	GFLAAK	36
LPUAD3732-22	GFLAAK	63
LPUAD3733-22	GFLAAK	63
LPUAD3734-22	GFLAAK	77
LPUAD3735-22	GFLAAK	48
LPUAD3736-22	GFLAAK	65
LPUAD3737-22	GFLAAK	51
LPUAD3738-22	GFLAAK	62
LPUAD3739-22	GFLAAK	64
LPUAD3740-22	GFLAAK	58
LPUAD3741-22	GFLAAK	73
LPUAD3742-22	GFLAAK	49
LPUAD3743-22	GFLAAK	61
LPUAD3744-22	GFLAAK	35
LPUAD3745-22	GFLAAK	59
LPUAD3746-22	GFLAAK	58
LPUAD3747-22	GFLAAK	49
LPUAD3748-22	GFLAAK	90
LPUAD3749-22	GFLAAK	77
LPUAD3750-22	GFLAAK	56
LPUAD3751-22	GFLAAK	88
LPUAD3752-22	GFLAAK	60
LPUAD3753-22	GFLAAK	53
LPUAD3754-22	GFLAAK	69
LPUAD3755-22	GFLAAK	50
LPUAD3756-22	GFLAAK	49
LPUAD3757-22	GFLAAK	67
LPUAD3758-22	GFLAAK	29
LPUAD3759-22	GFLAAK	41
LPUAD3760-22	GFLAAK	92
LPUAD3761-22	GFLAAK	88
LPUAD3762-22	GFLAAK	42
LPUAD3763-22	GFLAAK	68
LPUAD3764-22	GFLAAK	75
LPUAD3765-22	GFLAAK	64
LPUAD3766-22	GFLAAK	45
LPUAD3767-22	GFLAAK	36
LPUAD3769-22	GFLAAK	56
LPUAD3770-22	GFLAAK	52
LPUAD3771-22	GFLAAK	79
LPUAD3772-22	GFLAAK	83
LPUAD3773-22	GFLAAK	69
LPUAD3774-22	GFLAAK	73
LPUAE2637-22	G1P4N6	102
LPUAE2638-22	G1P4N6	70
LPUAE2639-22	G1P4N6	83
LPUAE2640-22	G1P4N6	86
LPUAE2641-22	G1P4N6	37
LPUAE2642-22	G1P4N6	75
LPUAE2644-22	G1P4N6	7
LPUAE2645-22	G1P4N6	57
LPUAE2646-22	G1P4N6	82
LPUAE2647-22	G1P4N6	54
LPUAE2648-22	G1P4N6	80
LPUAE2649-22	G1P4N6	74
LPUAE2650-22	G1P4N6	63
LPUAE2651-22	G1P4N6	50
LPUAE2652-22	G1P4N6	58
LPUAE2653-22	G1P4N6	51
LPUAE2654-22	G1P4N6	42
LPUAE2655-22	G1P4N6	33
LPUAE2656-22	G1P4N6	29
LPUAE2657-22	G1P4N6	37
LPUAE2663-22	GP8K9U	53
LPUAE2664-22	GP8K9U	59
LPUAE2665-22	GP8K9U	46
LPUAE2666-22	GP8K9U	57
LPUAE2667-22	GP8K9U	47
LPUAE2668-22	GP8K9U	85
LPUAE2669-22	GP8K9U	83
LPUAE2670-22	GP8K9U	103
LPUAE2671-22	GP8K9U	82
LPUAE2672-22	GP8K9U	68
LPUAE2673-22	GP8K9U	62
LPUAE2674-22	GP8K9U	64
LPUAE2675-22	GP8K9U	61
LPUAE2676-22	GP8K9U	66
LPUAE2677-22	GP8K9U	33
LPUAE2678-22	GP8K9U	74
LPUAE2679-22	GP8K9U	73
LPUAE2680-22	GP8K9U	69
LPUAE2681-22	GP8K9U	74
LPUAE2682-22	GP8K9U	72
LPUAE2683-22	GP8K9U	69
LPUAE2684-22	GP8K9U	71
LPUAE2685-22	GP8K9U	97
LPUAE2686-22	GP8K9U	81
LPUAE2687-22	GP8K9U	87
LPUAE2688-22	GP8K9U	61
LPUAE2689-22	GP8K9U	72
LPUAE2690-22	GP8K9U	88
LPUAE2691-22	GP8K9U	63
LPUAE2692-22	GP8K9U	68
LPUAE2693-22	GP8K9U	112
LPUAE2694-22	GP8K9U	82
LPUAE2695-22	GP8K9U	88
LPUAE2696-22	GP8K9U	76
LPUAE2697-22	GP8K9U	87
LPUAE2698-22	GP8K9U	80
LPUAE2699-22	GP8K9U	45
LPUAE2700-22	GP8K9U	94
LPUAE2701-22	GP8K9U	73
LPUAE2702-22	GP8K9U	66
LPUAE2703-22	GP8K9U	73
LPUAE2704-22	GP8K9U	72
LPUAE2705-22	GP8K9U	79
LPUAE2706-22	GP8K9U	98
LPUAE2707-22	GP8K9U	70
LPUAE2708-22	GP8K9U	54
LPUAE2709-22	GP8K9U	106
LPUAE2710-22	GP8K9U	82
LPUAE2711-22	GP8K9U	97
LPUAE2712-22	GP8K9U	83
LPUAE2713-22	GP8K9U	81
LPUAE2714-22	GP8K9U	77
LPUAE2715-22	GP8K9U	82
LPUAE2716-22	GP8K9U	14
LPUAE2717-22	GP8K9U	87
LPUAE2718-22	GP8K9U	111
LPUAE2719-22	GP8K9U	95
LPUAE2720-22	GP8K9U	107
LPUAE2721-22	GP8K9U	124
LPUAE2722-22	GP8K9U	117
LPUAE2723-22	GP8K9U	95
LPUAE2724-22	GP8K9U	94
LPUAE2725-22	GP8K9U	86
LPUAE2726-22	GP8K9U	92
LPUAE2727-22	GP8K9U	82
LPUAE2728-22	GP8K9U	101
LPUAE2729-22	GP8K9U	133
LPUAE2730-22	GP8K9U	90
LPUAE2731-22	GP8K9U	92
LPUAE2732-22	GP8K9U	83
LPUAE2733-22	GP8K9U	84
LPUAE2734-22	GP8K9U	34
LPUAE2735-22	GP8K9U	65
LPUAE2736-22	GP8K9U	59
LPUAE2737-22	GP8K9U	89
LPUAE2738-22	GP8K9U	70
LPUAE2739-22	GP8K9U	92
LPUAE2740-22	GP8K9U	101
LPUAF043-22	G9XHGJ	28
LPUAG1236-22	GPRD1F	60
LPUAG1237-22	GPRD1F	76
LPUAG1238-22	GPRD1F	85
LPUAG1239-22	GPRD1F	4
LPUAG1240-22	GPRD1F	66
LPUAG1241-22	GPRD1F	86
LPUAG1242-22	GPRD1F	76
LPUAG1243-22	GPRD1F	60
LPUAG1244-22	GPRD1F	13
LPUAG1245-22	GPRD1F	66
LPUAG1246-22	GPRD1F	88
LPUAG1247-22	GPRD1F	49
LPUAG1248-22	GPRD1F	85
LPUAG1249-22	GPRD1F	33
LPUAG1250-22	GPRD1F	57
LPUAG1251-22	GPRD1F	68
LPUAG1252-22	GPRD1F	76
LPUAG1253-22	GPRD1F	45
